date,Tmax,Tmin,Tmean,RH_mean,RH_max,wind_mean,wind_max,solar_mean,solar_max,heat_index,HI_max
2018-01-01,27.1,14.0,20.81578947368421,47.578947368421055,66,8.989473684210527,12.1,228.14736842105265,684.7,27.36183792316575,28.94307188711107
2018-01-02,27.1,15.0,19.795833333333334,47.375,61,12.970833333333333,18.6,181.1916666666667,686.0,27.3494950495882,28.48240690299552
2018-01-03,27.0,14.2,19.508333333333333,43.75,57,12.279166666666667,17.1,182.125,688.2,27.05795068080553,29.9074829880711
2018-01-04,27.2,13.6,19.258333333333333,51.583333333333336,64,7.441666666666666,11.4,181.29999999999998,685.3,27.715740600668553,30.484956058737744
2018-01-05,26.1,11.5,18.425,55.916666666666664,81,7.279166666666666,9.8,185.15833333333333,697.8,26.871367925838634,29.419011171277816
2018-01-06,25.7,13.0,18.608333333333334,58.208333333333336,92,7.0874999999999995,11.8,183.57500000000002,692.9,26.575205260630906,26.510238036824482
2018-01-07,25.9,12.9,18.995833333333334,44.666666666666664,60,9.520833333333334,11.9,185.35000000000002,699.2,26.30587733129065,31.67155846943784
2018-01-08,27.1,12.8,19.224999999999998,47.5,63,11.033333333333333,15.9,184.3083333333333,694.3,27.357054071340595,32.011698269315524
2018-01-09,28.0,15.9,21.05,46.125,57,12.262500000000001,17.7,181.3375,685.2,28.119349085288167,27.63876735183117
2018-01-10,28.7,16.4,21.6875,46.041666666666664,60,12.5375,17.5,181.05416666666667,683.3,28.859711606918285,27.629129281651117
2018-01-11,28.8,15.6,21.941666666666666,46.875,64,10.429166666666667,15.7,171.8083333333333,682.5,29.059690760344868,27.656177130791125
2018-01-12,29.9,18.5,23.65416666666667,46.458333333333336,60,9.395833333333334,13.7,161.48333333333332,646.7,30.38471654520693,28.73268675051561
2018-01-13,28.9,19.8,23.983333333333334,49.166666666666664,59,10.6,15.6,121.95833333333333,451.1,29.433404852069025,28.25872694427555
2018-01-14,30.9,19.5,24.5125,55.791666666666664,70,7.6499999999999995,11.5,177.725,675.8,33.65351132737322,31.07249054955561
2018-01-15,31.1,18.6,23.808333333333334,53.75,73,9.145833333333334,13.0,185.69583333333333,695.4,33.57423184810244,30.373094376737843
2018-01-16,30.5,16.4,22.912499999999998,52.625,75,6.866666666666667,11.4,187.47083333333333,701.7,32.29018862149379,29.31401876955556
2018-01-17,28.7,17.4,22.2625,54.958333333333336,74,7.766666666666667,10.5,186.77916666666667,690.6,29.865394048098892,27.781509353475567
2018-01-18,28.8,14.9,21.1125,55.375,81,7.970833333333334,11.6,190.6916666666667,710.2,30.062786614939323,27.765672245795567
2018-01-19,28.3,13.2,20.358333333333334,52.125,89,7.604166666666667,9.8,197.3791666666667,732.9,29.008434804853135,27.068432814157852
2018-01-20,29.1,13.7,20.75,49.208333333333336,66,8.4375,12.3,194.95416666666665,723.8,29.69290866532434,29.93825400660442
2018-01-21,29.9,15.2,21.958333333333332,48.833333333333336,64,7.541666666666667,13.0,194.55416666666667,721.8,30.7259549336601,28.6597882547711
2018-01-22,28.8,15.5,21.683333333333334,46.708333333333336,65,8.295833333333333,12.4,194.45000000000002,719.9,29.04218507638184,27.95237541043558
2018-01-23,26.7,15.5,20.216666666666665,55.708333333333336,89,9.9,14.9,200.17916666666667,739.5,27.45818660140919,26.199495016231197
2018-01-24,26.8,12.2,19.566666666666666,49.833333333333336,77,7.229166666666667,9.9,203.8791666666667,748.8,27.222801938989953,29.477233480115558
2018-01-25,26.7,12.4,18.533333333333335,47.791666666666664,67,7.020833333333333,10.5,206.14166666666665,758.2,27.026886669184588,31.93012809047112
2018-01-26,27.2,11.7,18.962500000000002,46.666666666666664,69,7.7875000000000005,10.7,207.89999999999998,763.4,27.3955325770943,32.5525521194578
2018-01-27,28.2,12.4,19.641666666666666,45.791666666666664,65,6.716666666666668,11.3,207.5583333333333,761.4,28.296447921244706,32.23940900508444
2018-01-28,28.4,12.1,19.6875,48.416666666666664,77,6.658333333333334,9.9,209.13750000000002,765.5,28.754174365110178,30.08116649335779
2018-01-29,29.2,12.2,19.9875,48.958333333333336,73,6.4750000000000005,9.4,210.77916666666667,770.7,29.79161789229186,30.62432095923558
2018-01-30,30.5,13.1,20.975,52.416666666666664,74,6.883333333333333,8.9,208.8083333333333,762.5,32.25094400819473,29.128770229617732
2018-01-31,31.6,15.1,22.52916666666667,50.875,74,7.279166666666666,10.2,208.6916666666667,762.5,33.84018156196937,30.471727980675634
2018-02-01,31.0,14.7,22.46666666666667,51.541666666666664,82,6.558333333333334,9.2,209.54999999999998,761.5,32.92644045849458,29.408073613777837
2018-02-02,29.9,17.1,22.916666666666668,47.0,69,8.795833333333333,13.8,209.80416666666667,761.5,30.460493095831175,28.59101792383114
2018-02-03,29.7,14.8,21.599999999999998,47.708333333333336,72,7.1125,9.4,212.39166666666665,770.8,30.289203527967963,28.23903433431787
2018-02-04,29.9,15.7,21.995833333333334,43.416666666666664,54,9.174999999999999,14.7,214.11249999999998,774.9,29.981699133418196,28.40947591983784
2018-02-05,30.4,16.7,22.820833333333336,48.541666666666664,66,8.879166666666666,11.8,195.71666666666667,768.7,31.408207851297032,29.05500129463114
2018-02-06,26.1,18.6,22.308333333333334,63.75,77,6.033333333333334,9.7,76.10000000000001,359.1,27.183923998302394,26.640949287704505
2018-02-07,30.2,17.5,23.412499999999998,54.333333333333336,80,7.416666666666667,10.3,209.8791666666667,772.7,32.10391648118329,29.101311372924492
2018-02-08,29.1,14.9,21.575,38.0,66,7.341666666666666,10.0,220.02916666666667,792.3,28.531443254451183,27.891526402595517
2018-02-09,28.5,13.4,20.866666666666667,34.625,54,5.7124999999999995,11.2,226.55416666666667,813.8,27.737068593931394,31.172084880764423
2018-02-10,28.4,13.6,20.929166666666667,44.75,71,5.570833333333333,10.6,209.975,780.8,28.413715934346158,29.60625284977784
2018-02-11,27.4,14.7,21.25,63.875,99,6.9375,12.4,218.73749999999998,803.4,28.951694988818556,27.003996951875518
2018-02-12,28.0,15.4,21.275000000000002,49.416666666666664,77,7.1625000000000005,10.0,225.34583333333333,805.6,28.397362594566353,26.966970572444488
2018-02-13,29.3,15.1,21.683333333333334,41.625,58,10.770833333333334,13.5,229.85416666666666,820.8,29.077956640954767,28.507760487695595
2018-02-14,28.9,17.4,22.570833333333336,39.5,56,15.066666666666668,21.8,209.0625,746.9,28.46265905372282,27.54942127531563
2018-02-15,30.2,16.8,22.433333333333334,41.916666666666664,56,12.083333333333334,15.4,233.01666666666665,826.8,30.16155728819917,28.563776565457843
2018-02-16,31.3,16.1,22.72083333333333,46.625,61,8.191666666666666,10.3,232.97916666666666,826.7,32.44778525919225,29.69838415191777
2018-02-17,31.7,16.9,23.429166666666664,42.916666666666664,58,8.208333333333334,12.3,235.79166666666666,834.8,32.365774734514545,29.80980657513561
2018-02-18,31.9,16.3,23.758333333333336,48.791666666666664,74,5.770833333333333,9.2,233.4625,826.4,33.901077485308996,30.21729092971561
2018-02-19,32.4,17.3,24.766666666666666,51.625,81,5.070833333333334,8.3,226.84166666666667,804.8,35.540626323009405,31.039625888195587
2018-02-20,33.2,18.3,24.9375,47.125,67,6.029166666666666,8.8,237.07916666666665,836.5,35.87346392352938,31.640587061075607
2018-02-21,33.6,17.8,25.016666666666666,45.958333333333336,71,6.620833333333334,9.9,237.9958333333333,838.4,36.313778984710616,31.72578458067556
2018-02-22,33.4,18.6,25.3875,46.291666666666664,76,6.620833333333334,9.2,238.875,839.3,36.02466745385901,31.71400140129783
2018-02-23,33.0,17.9,25.441666666666666,47.5,71,6.175,10.5,237.02083333333334,835.0,35.59466297455563,31.729876451555533
2018-02-24,32.8,19.5,25.508333333333336,41.416666666666664,56,8.654166666666667,11.8,241.90416666666667,848.2,33.77048016194706,31.503723487991167
2018-02-25,34.4,20.2,26.616666666666664,40.5,61,9.658333333333333,12.5,242.4375,849.1,36.26463059998441,32.61451366180447
2018-02-26,34.9,20.6,26.8875,37.541666666666664,50,11.075000000000001,17.7,244.34583333333333,854.1,36.33230081110067,33.317617835084455
2018-02-27,34.9,20.6,27.191666666666666,40.041666666666664,56,8.608333333333333,13.4,244.4375,852.9,37.04361598922054,33.317617835084455
2018-02-28,35.8,20.3,27.77916666666667,36.875,56,7.820833333333333,13.4,241.23333333333335,850.7,37.73744590121367,33.98210396095111
2018-03-01,35.3,22.1,28.05,33.75,53,7.654166666666666,12.2,232.57083333333333,844.4,35.99996545496569,33.512285298551134
2018-03-02,35.0,21.3,27.71666666666667,34.375,59,7.6875,11.9,250.60416666666666,868.8,35.673011344618054,33.052885393271126
2018-03-03,34.0,20.9,26.604166666666668,37.0,54,11.154166666666667,16.3,253.67499999999998,878.9,34.69999324755558,31.874596907555592
2018-03-04,32.9,21.0,26.21666666666667,41.708333333333336,59,9.120833333333334,14.2,247.0583333333333,872.6,33.99616227427574,30.9908202365756
2018-03-05,33.7,20.7,26.295833333333334,39.416666666666664,61,8.908333333333333,13.0,255.5,881.6,34.78029085977299,31.833548792735606
2018-03-06,34.3,19.9,26.366666666666664,34.708333333333336,46,10.275,16.6,260.4791666666667,898.9,34.64916735017235,32.186081852435564
2018-03-07,34.8,20.8,26.77916666666667,33.875,42,11.329166666666666,16.7,227.4416666666667,830.3,35.23429396965162,32.93966334775118
2018-03-08,35.7,21.9,27.5625,37.916666666666664,51,9.304166666666667,13.6,251.5666666666667,880.0,37.87717474120526,34.46791006335781
2018-03-09,35.2,21.9,27.212500000000002,41.416666666666664,62,6.895833333333333,11.6,260.6791666666667,894.2,38.03857673214712,33.53309114643562
2018-03-10,34.8,20.4,26.808333333333334,41.166666666666664,66,7.783333333333334,12.2,262.2583333333333,899.1,37.193095528026994,33.19860046300449
2018-03-11,35.0,19.9,26.616666666666664,42.125,60,7.5125,9.9,266.975,911.2,37.87478974600693,33.297485255555564
2018-03-12,35.2,18.9,26.545833333333334,37.333333333333336,62,6.55,9.5,272.425,928.4,36.79848176001584,32.70172536972448
2018-03-13,34.1,20.4,26.65416666666667,35.083333333333336,54,9.529166666666667,14.3,267.35833333333335,912.8,34.425139138840414,32.38601230228451
2018-03-14,33.7,20.2,26.741666666666664,35.458333333333336,68,11.008333333333333,17.1,267.7375,914.6,33.899876675283345,31.737198220151136
2018-03-15,34.6,20.4,26.775000000000002,41.541666666666664,85,11.454166666666667,18.3,271.24583333333334,920.5,36.929392984785586,32.2497655197156
2018-03-16,34.7,20.5,27.287499999999998,36.25,70,9.133333333333333,12.5,272.95,926.4,35.65419028127687,32.513790301704454
2018-03-17,35.6,21.9,28.558333333333334,29.958333333333332,56,8.720833333333333,13.4,271.4458333333333,921.1,35.54453042991929,33.17424100273779
2018-03-18,35.0,20.5,27.733333333333334,30.041666666666668,45,7.683333333333334,15.2,219.44583333333333,730.5,34.68163548134656,33.04518861111118
2018-03-19,34.2,23.7,27.979166666666668,34.875,49,12.633333333333333,21.2,205.14583333333334,835.0,34.532520240466965,32.62543038465787
2018-03-20,34.5,22.2,27.575,36.333333333333336,69,11.575000000000001,15.6,274.2375,924.5,35.346878402543204,32.3965806535556
2018-03-21,33.5,21.0,26.491666666666664,36.125,54,11.191666666666668,15.9,274.675,926.4,33.737946781660575,31.443070544611132
2018-03-22,33.7,21.7,27.0,37.25,65,11.595833333333333,15.1,279.90000000000003,940.4,34.283026332549056,31.495608094104455
2018-03-23,34.9,20.1,27.1375,31.916666666666668,49,7.658333333333334,12.0,280.56666666666666,943.3,34.9389140373074,32.54963279281558
2018-03-24,36.3,22.7,28.849999999999998,28.291666666666668,37,11.5375,17.3,278.34166666666664,928.8,36.19902792367434,34.00176045049556
2018-03-25,37.6,23.1,30.175,24.583333333333332,36,10.858333333333334,15.3,283.17083333333335,948.0,37.19917220888198,35.137765544764484
2018-03-26,38.3,22.8,30.016666666666666,24.166666666666668,33,9.695833333333333,13.2,281.3541666666667,951.8,38.12098802905267,35.88723762042444
2018-03-27,38.3,20.5,29.416666666666668,25.291666666666668,44,7.029166666666666,11.3,287.2,959.8,38.44572921535137,35.596387973091126
2018-03-28,38.8,22.5,29.391666666666666,28.833333333333332,52,8.654166666666667,11.4,288.37083333333334,960.6,40.43884863409217,36.275707823777765
2018-03-29,39.9,23.4,30.616666666666664,31.833333333333332,63,9.083333333333334,15.5,287.77500000000003,960.4,43.767706575861624,37.76837511571561
2018-03-30,40.1,24.4,31.354166666666668,26.0,47,9.841666666666667,13.0,290.52500000000003,965.3,41.639622457837824,37.08911753481558
2018-03-31,39.7,22.6,30.433333333333334,24.708333333333332,47,11.029166666666667,16.4,293.8041666666667,975.2,40.481762478554714,36.408774583037825
2018-04-01,37.9,22.4,30.087500000000002,29.5,48,7.208333333333333,10.2,292.4375,969.9,39.10608733350059,36.12601675418447
2018-04-02,39.0,23.6,30.566666666666666,31.708333333333332,55,9.270833333333334,13.8,287.1166666666667,963.6,41.922706397698306,37.04763263155558
2018-04-03,38.7,24.6,31.3625,26.875,47,10.916666666666666,15.1,288.825,961.3,39.5843431250409,36.32340717402448
2018-04-04,39.0,24.9,31.270833333333332,28.041666666666668,52,12.012500000000001,15.5,288.7,956.0,40.50130215825386,37.04763263155558
2018-04-05,37.9,25.0,30.6125,33.75,57,10.3125,14.2,284.4166666666667,953.8,40.60401479498575,36.12601675418447
2018-04-06,37.7,24.1,30.125,37.333333333333336,72,10.700000000000001,20.3,283.4458333333333,954.6,41.61288318618248,37.540753618364484
2018-04-07,37.8,22.6,30.145833333333332,39.208333333333336,66,8.637500000000001,12.4,286.8833333333333,962.5,42.62042327611445,36.61958467255111
2018-04-08,37.7,23.9,30.012500000000003,41.291666666666664,72,6.991666666666667,14.8,266.075,952.2,43.323599318205105,37.34865807129558
2018-04-09,38.4,22.4,30.07083333333333,42.458333333333336,80,8.433333333333334,16.5,285.27500000000003,961.1,45.56619740413776,37.30808019103112
2018-04-10,38.7,22.7,30.3125,41.541666666666664,72,7.391666666666667,14.4,276.53749999999997,959.9,45.838159522796786,37.83784181215117
2018-04-11,38.8,25.6,31.0625,42.166666666666664,64,9.75,15.6,278.5083333333333,951.6,46.41676656831433,38.30292895761558
2018-04-12,37.7,26.2,31.44583333333333,43.166666666666664,69,9.079166666666667,15.5,259.3541666666667,949.4,44.197747404411174,37.42641083895121
2018-04-13,38.3,25.9,31.679166666666664,41.041666666666664,72,6.770833333333333,10.4,265.64166666666665,921.8,44.61493696447295,38.277874661111184
2018-04-14,39.5,26.4,32.24166666666667,35.458333333333336,58,8.008333333333333,11.7,283.52916666666664,957.2,44.64450276622004,38.67545768775785
2018-04-15,39.4,26.9,32.891666666666666,30.833333333333332,57,10.208333333333334,12.8,289.59583333333336,944.9,42.331984365421754,38.004962627484495
2018-04-16,39.6,26.7,32.59166666666667,33.791666666666664,52,9.954166666666667,14.2,292.2916666666667,951.8,44.059898097942195,38.6748739526111
2018-04-17,39.8,26.4,32.520833333333336,29.833333333333332,53,11.929166666666667,20.3,297.30833333333334,966.9,42.67535185777136,37.77555870721781
2018-04-18,40.3,26.4,32.875,27.458333333333332,45,11.145833333333334,15.0,298.7583333333333,969.8,42.59467164422207,38.38118329681559
2018-04-19,40.8,27.5,33.666666666666664,25.375,41,14.075000000000001,18.8,298.78749999999997,968.6,42.60568396278932,39.005072790915584
2018-04-20,38.8,26.8,32.425000000000004,35.791666666666664,59,15.404166666666667,23.9,269.53749999999997,964.4,43.2777560180492,38.24754846723561
2018-04-21,36.8,24.4,30.46666666666667,36.458333333333336,82,11.366666666666667,15.3,306.91249999999997,992.7,39.473566188095575,34.3109368188178
2018-04-22,38.2,23.6,30.650000000000002,23.166666666666668,39,7.416666666666667,12.0,308.1375,995.6,37.700621327460276,35.3943004661312
2018-04-23,39.2,22.1,31.016666666666666,18.125,31,9.445833333333333,16.1,315.37083333333334,1014.8,37.778158921161534,36.08099038572448
2018-04-24,39.5,22.4,30.854166666666668,18.208333333333332,27,9.620833333333334,12.4,316.22499999999997,1016.6,38.18825641178945,36.229316371277804
2018-04-25,39.5,23.9,31.53333333333333,22.791666666666668,37,10.591666666666667,14.1,310.22499999999997,998.3,39.5180776357478,36.907408726595605
2018-04-26,39.9,24.1,31.645833333333332,38.5,74,11.216666666666667,14.4,304.2,976.8,47.162253034740644,38.26444519868447
2018-04-27,40.1,26.0,32.87916666666667,43.958333333333336,78,8.075000000000001,12.9,298.34999999999997,959.5,50.958749280599044,41.68565237236445
2018-04-28,41.3,27.3,33.675000000000004,39.916666666666664,68,10.920833333333334,17.4,299.55833333333334,962.4,51.65868134281558,42.27320415555557
2018-04-29,42.0,26.1,33.17916666666667,42.041666666666664,73,15.262500000000001,19.8,303.4166666666667,974.5,55.175261322933316,40.81091595955557
2018-04-30,42.6,26.2,33.704166666666666,38.25,74,15.604166666666666,25.2,300.68333333333334,964.2,54.08579035031448,41.93163956355555
2018-05-01,42.1,26.0,33.416666666666664,37.708333333333336,71,14.674999999999999,22.0,303.3625,972.2,52.326637308371716,40.90641338283555
2018-05-02,42.3,25.5,32.795833333333334,46.166666666666664,81,12.808333333333332,18.3,306.0375,978.2,59.413504134100044,40.48780485977782
2018-05-03,41.3,25.4,32.6625,44.0,70,9.033333333333333,16.9,308.2,988.3,54.51589121855773,40.19116199523555
2018-05-04,40.7,27.4,33.233333333333334,51.5,80,9.079166666666667,17.0,294.98333333333335,954.8,58.27161675441617,41.86716616793787
2018-05-05,41.7,28.0,34.02916666666667,43.5,79,10.158333333333333,16.8,300.97083333333336,960.8,55.36448504617624,40.758843069057825
2018-05-06,41.2,27.1,34.12083333333333,30.666666666666668,70,11.775,15.5,307.27916666666664,981.0,45.890698700549166,39.46661685361779
2018-05-07,39.5,25.6,32.2875,38.75,78,12.816666666666668,18.4,306.7083333333333,976.9,46.32560120547567,38.004962627484495
2018-05-08,40.1,25.6,32.737500000000004,42.708333333333336,83,13.395833333333334,19.1,293.66249999999997,947.4,50.16584674468042,39.58515455044447
2018-05-09,41.2,27.1,33.75833333333333,40.083333333333336,75,12.204166666666666,15.3,302.8875,962.6,51.496067990133724,39.86559604940445
2018-05-10,42.2,27.9,34.80833333333333,31.916666666666668,68,9.45,13.3,300.48333333333335,964.6,48.8027472751029,41.075985595395586
2018-05-11,42.5,28.8,35.17916666666667,34.458333333333336,62,12.608333333333334,16.3,302.7416666666667,964.5,51.150138296877444,42.20893756059554
2018-05-12,41.8,28.0,34.4625,34.583333333333336,65,14.320833333333333,20.0,308.22499999999997,977.7,49.50145997707395,40.35301343969785
2018-05-13,41.9,27.7,34.62916666666667,38.208333333333336,69,11.841666666666667,18.9,299.1375,960.4,52.13247922555637,41.509105048124454
2018-05-14,41.4,28.1,34.354166666666664,40.5,73,10.866666666666667,16.3,301.0125,960.4,52.330463100884465,41.05116896307556
2018-05-15,42.4,28.7,34.699999999999996,35.125,51,12.5375,17.9,303.03333333333336,960.4,51.34575063151931,41.3067409640978
2018-05-16,42.1,27.5,34.44583333333333,40.25,77,13.695833333333333,21.4,299.6458333333333,962.4,54.1382358634624,42.27963475135112
2018-05-17,43.1,28.8,35.59166666666667,38.75,73,13.645833333333334,20.1,304.40416666666664,966.4,55.89080565678584,42.01769177521558
2018-05-18,42.5,29.0,35.329166666666666,35.5,59,14.424999999999999,19.2,296.50416666666666,960.4,51.85725637118063,41.58360064985784
2018-05-19,41.7,27.8,34.275,40.375,66,12.216666666666667,15.9,306.4458333333333,964.4,53.087100474503444,40.67820995637115
2018-05-20,42.9,28.8,35.420833333333334,36.916666666666664,66,12.012500000000001,20.5,306.9875,966.4,53.9309176485834,41.1253979113245
2018-05-21,42.3,28.2,34.704166666666666,34.625,57,9.420833333333333,17.0,305.19166666666666,957.3,50.76050630428645,41.3067409640978
2018-05-22,42.5,27.8,34.545833333333334,36.916666666666664,61,11.258333333333333,19.9,306.6333333333333,965.5,52.84657947454675,41.72275817729782
2018-05-23,44.0,27.8,35.608333333333334,32.041666666666664,68,10.120833333333334,15.1,309.12083333333334,970.5,53.2084939239148,40.70379169644446
2018-05-24,42.6,28.7,35.5,25.541666666666668,44,12.479166666666666,18.2,291.1791666666667,966.5,45.99337041312478,40.20669103943115
2018-05-25,41.1,27.0,33.954166666666666,36.875,79,11.320833333333333,16.5,304.12916666666666,956.4,49.18837873924142,39.343218934337784
2018-05-26,43.0,28.4,35.300000000000004,41.083333333333336,78,12.262500000000001,17.4,297.85833333333335,952.4,57.45732613394143,43.56309106111113
2018-05-27,43.8,29.3,36.12916666666667,39.625,71,12.329166666666666,15.9,292.76666666666665,951.4,58.69590128559808,44.05513152055115
2018-05-28,43.0,29.1,35.775,42.583333333333336,67,14.549999999999999,20.2,298.64166666666665,948.4,58.69733056416359,44.508682994444484
2018-05-29,42.2,28.1,33.74166666666667,55.666666666666664,81,15.295833333333334,23.0,289.81666666666666,946.4,67.69045895720112,44.02427313810449
2018-05-30,41.2,29.1,33.733333333333334,54.666666666666664,71,16.208333333333332,25.3,282.94166666666666,941.4,62.7613125830737,44.8044543225756
2018-05-31,41.2,30.1,34.3125,53.583333333333336,73,12.5625,17.9,289.775,927.3,61.81647639005386,45.5434945741511
2018-06-01,41.2,30.4,34.7125,48.0,70,12.058333333333332,19.1,287.71666666666664,914.2,57.2217809592712,45.5434945741511
2018-06-02,41.4,30.1,35.354166666666664,46.833333333333336,66,10.008333333333333,13.7,288.65833333333336,923.3,56.96980764219219,45.014575780595585
2018-06-03,41.5,29.1,35.06666666666667,46.208333333333336,71,15.408333333333333,19.4,291.575,929.5,56.80799296018069,45.12934311705564
2018-06-04,41.5,28.4,34.608333333333334,50.5,81,15.804166666666667,18.6,288.15833333333336,932.6,60.28606817018082,44.73635343921555
2018-06-05,42.2,29.0,35.541666666666664,45.833333333333336,75,15.829166666666666,19.6,289.78749999999997,928.6,58.80142258065746,44.95883375059559
2018-06-06,42.4,29.4,35.858333333333334,43.458333333333336,75,17.175,20.9,290.8875,928.7,57.5108748525626,44.108546005777804
2018-06-07,42.5,28.5,34.862500000000004,49.541666666666664,80,18.854166666666668,23.0,291.6958333333333,925.7,63.070275743173724,44.95883375059559
2018-06-08,41.4,28.7,34.391666666666666,52.375,74,17.150000000000002,20.8,279.425,911.6,61.5208021800581,45.52148768882451
2018-06-09,40.9,30.2,34.449999999999996,53.75,72,17.2625,26.3,241.3166666666667,717.2,60.83464685545245,44.32954539383124
2018-06-10,41.2,30.3,34.704166666666666,53.75,71,17.241666666666667,23.6,257.10833333333335,802.0,61.960707709426146,45.5434945741511
2018-06-11,41.3,30.0,34.90833333333334,51.583333333333336,74,17.587500000000002,22.3,278.21250000000003,851.1,60.47921147302473,45.5434945741511
2018-06-12,41.2,28.6,34.045833333333334,52.75,72,20.3625,27.2,269.12916666666666,908.4,61.101473038310615,44.72426576535117
2018-06-13,41.7,29.2,34.40416666666667,47.041666666666664,70,22.7,27.5,260.57916666666665,897.6,58.12492166367992,43.058001174097825
2018-06-14,41.1,29.0,33.62916666666667,50.041666666666664,70,22.291666666666668,27.4,244.7875,915.1,58.50115280502374,42.128902611884484
2018-06-15,40.6,29.1,33.47083333333333,51.333333333333336,71,22.683333333333334,27.0,247.34583333333333,840.1,57.791060485805446,42.94657018156443
2018-06-16,38.3,28.4,32.475,56.666666666666664,74,21.416666666666668,27.4,227.375,704.2,53.72850003404617,41.08820973577559
2018-06-17,38.4,28.8,32.75416666666667,56.458333333333336,76,18.650000000000002,24.0,202.40833333333333,689.4,53.93059182765632,41.81343176599774
2018-06-18,40.0,29.4,33.550000000000004,54.25,69,15.383333333333333,22.1,261.2125,861.7,57.947293202430565,43.55856713833779
2018-06-19,40.3,29.2,33.920833333333334,51.125,70,13.679166666666667,18.0,271.56666666666666,845.9,56.59856172464976,43.68996179201781
2018-06-20,41.4,28.5,34.5625,45.958333333333336,76,12.791666666666666,16.3,299.59166666666664,932.9,56.293169436429594,42.695051650717836
2018-06-21,41.3,27.9,33.795833333333334,51.708333333333336,77,14.208333333333334,20.2,292.45416666666665,922.9,60.58466407739635,43.654099469111216
2018-06-22,40.4,28.9,33.574999999999996,53.208333333333336,73,12.533333333333333,16.8,243.69583333333333,876.8,58.564083043460315,44.395939202915585
2018-06-23,39.7,29.7,33.85,53.583333333333336,72,10.741666666666667,16.9,206.17916666666667,866.0,56.37926901451023,44.860764807617855
2018-06-24,34.0,27.2,30.712500000000002,67.5,91,10.445833333333333,14.4,119.88333333333333,461.1,45.552425292944434,39.441867661777856
2018-06-25,37.7,29.0,31.625,62.416666666666664,80,13.516666666666666,16.5,162.45833333333334,545.2,55.54474805228228,42.74527090449549
2018-06-26,37.3,27.8,31.375,63.291666666666664,86,13.487499999999999,19.6,119.26249999999999,388.8,54.65562124917116,39.55874547913564
2018-06-27,37.5,27.9,31.724999999999998,60.583333333333336,79,12.924999999999999,17.5,187.79583333333332,711.8,53.56099937269485,40.676934581944494
2018-06-28,35.3,27.9,31.179166666666664,64.33333333333333,80,10.429166666666667,19.2,134.8875,546.6,48.22300817844258,40.2883162555556
2018-06-29,37.2,26.5,30.854166666666668,68.20833333333333,91,14.5375,22.5,246.57916666666665,833.0,57.730083187702526,41.02679127023115
2018-06-30,36.5,27.4,31.079166666666666,64.75,87,16.904166666666665,21.3,262.3875,841.5,52.66535390233678,39.5468747913956
2018-07-01,37.7,27.1,31.52916666666667,62.666666666666664,82,17.55,22.0,260.6958333333333,826.3,55.72055222009062,41.47716867483555
2018-07-02,36.9,27.0,30.370833333333334,72.66666666666667,94,18.029166666666665,24.4,234.57500000000002,744.4,59.76284206564014,41.81343176599774
2018-07-03,32.0,26.4,28.150000000000002,84.29166666666667,94,18.162499999999998,24.5,122.57916666666667,450.3,46.25936303503536,38.33335376355572
2018-07-04,31.0,26.6,28.337500000000002,80.29166666666667,90,14.6,19.4,75.925,313.1,40.97960032840199,36.804242374095615
2018-07-05,36.0,26.3,30.425,68.41666666666667,94,12.725,18.3,211.29166666666666,713.9,53.131658389640606,40.620089649777896
2018-07-06,35.7,26.9,30.7,67.45833333333333,87,11.820833333333333,18.4,216.89583333333334,714.8,51.416370397868896,40.43800889463115
2018-07-07,35.0,27.5,30.912499999999998,65.5,83,13.104166666666666,19.0,164.71666666666667,561.1,47.84658153055571,39.9103602111111
2018-07-08,35.5,27.0,31.025000000000002,66.08333333333333,92,13.325000000000001,18.4,205.4,736.8,49.88806967898188,40.666307449111166
2018-07-09,35.5,27.8,31.15416666666667,64.25,78,12.737499999999999,17.9,170.69583333333333,571.7,48.84986855955906,40.666307449111166
2018-07-10,33.3,26.7,29.53333333333333,77.58333333333333,94,11.325000000000001,17.0,158.57083333333333,572.9,48.08050281281235,39.554438450015674
2018-07-11,30.4,26.1,27.691666666666666,87.70833333333333,95,12.487499999999999,18.1,97.41666666666667,347.3,41.456561950691594,36.307694162424546
2018-07-12,29.4,26.1,27.1875,90.66666666666667,95,11.283333333333333,13.9,96.49583333333334,407.2,38.6825179040337,36.3722031758758
2018-07-13,29.8,25.7,27.46666666666667,88.20833333333333,96,9.450000000000001,12.5,91.37083333333334,340.8,39.41491255980933,36.207656775075556
2018-07-14,30.2,26.1,27.425,90.70833333333333,97,9.204166666666667,12.6,99.49583333333334,505.7,41.72908411538802,37.9906273624357
2018-07-15,29.0,26.1,27.087500000000002,92.79166666666667,97,11.829166666666666,16.9,80.6375,332.0,37.78446254550849,35.40801243511108
2018-07-16,29.3,25.6,26.854166666666668,92.33333333333333,97,11.295833333333334,17.8,91.71249999999999,534.4,38.78020730065285,36.56565233109106
2018-07-17,30.1,25.3,27.370833333333334,86.25,97,13.079166666666666,18.3,145.4125,571.7,39.87791997630237,36.574860963671206
2018-07-18,29.8,25.5,27.400000000000002,83.66666666666667,91,14.116666666666667,20.7,117.57083333333333,370.5,38.07799203891955,35.02433855132435
2018-07-19,31.8,25.3,27.349999999999998,86.16666666666667,95,12.179166666666667,15.1,135.50416666666666,585.3,46.30466169946032,38.46829974935109
2018-07-20,28.3,25.3,26.191666666666666,94.0,96,12.0875,15.4,51.94583333333333,254.0,35.522551910735594,34.13166611225802
2018-07-21,27.6,25.4,26.241666666666664,93.66666666666667,96,12.433333333333332,16.6,64.28333333333333,201.1,33.05553422838936,32.80229348663137
2018-07-22,31.2,25.3,27.866666666666664,82.625,96,13.825000000000001,19.4,148.65,498.0,42.537626016418244,36.639429006951175
2018-07-23,28.6,26.1,27.099999999999998,85.91666666666667,93,11.683333333333332,17.7,64.14999999999999,207.8,34.833322130196294,33.27263947521791
2018-07-24,27.2,25.3,26.208333333333332,93.54166666666667,96,11.595833333333333,15.5,47.104166666666664,224.0,31.74168437207703,31.552786918791096
2018-07-25,28.2,25.2,26.883333333333336,86.625,95,15.450000000000001,19.4,77.925,264.8,33.759704766972014,33.28968426759109
2018-07-26,31.0,25.3,27.724999999999998,77.95833333333333,89,18.508333333333333,26.5,154.1875,569.7,40.16438534843908,35.6165008484444
2018-07-27,31.2,25.6,28.15833333333333,77.75,90,18.770833333333332,25.3,178.59583333333333,582.0,40.736979353532874,36.0769945446045
2018-07-28,32.7,26.0,28.520833333333332,76.0,87,16.974999999999998,20.2,188.92083333333335,602.3,45.11615703129567,37.54580958161787
2018-07-29,31.5,25.2,28.116666666666664,78.33333333333333,91,16.066666666666666,20.4,182.5041666666667,750.4,41.944693178098845,36.434542467111115
2018-07-30,32.3,25.4,28.729166666666668,74.375,90,14.841666666666667,19.9,226.0666666666667,806.4,43.04528683485062,36.41412876303109
2018-07-31,32.3,25.3,28.625,74.125,87,16.070833333333333,19.8,203.41666666666666,693.5,42.9422512297658,37.004347798764535
2018-08-01,32.9,25.2,29.008333333333336,72.66666666666667,89,16.129166666666666,20.1,234.47083333333333,800.2,44.30989027577369,37.512626383804495
2018-08-02,32.5,25.5,28.820833333333336,73.45833333333333,87,17.0,22.0,214.6625,802.3,43.32361089496771,36.780824820071196
2018-08-03,33.3,25.8,28.8875,74.41666666666667,91,15.791666666666666,21.1,213.92499999999998,731.0,46.50630309555462,37.90810286197111
2018-08-04,32.9,25.2,28.945833333333336,71.16666666666667,88,15.695833333333333,21.0,193.98749999999998,729.1,43.65261169908086,37.273004613464565
2018-08-05,32.5,25.6,28.8875,69.5,85,18.316666666666666,22.6,172.10833333333335,641.5,41.710332676736286,36.70237470555564
2018-08-06,32.1,25.6,28.712500000000002,69.70833333333333,85,18.329166666666666,23.4,173.44583333333333,642.6,40.59607399038222,35.660733546444476
2018-08-07,32.4,25.8,28.462500000000002,73.08333333333333,85,14.366666666666667,19.9,174.82916666666665,798.3,42.84048964968943,35.84928180411557
2018-08-08,30.7,25.9,27.766666666666666,78.625,94,10.391666666666667,15.1,98.73333333333333,368.9,39.4309284204235,34.45528245019576
2018-08-09,29.7,25.1,27.079166666666666,86.25,96,7.508333333333334,11.3,114.5625,407.0,38.484444051332375,34.54499928521792
2018-08-10,32.6,25.5,28.758333333333336,74.83333333333333,90,11.316666666666668,16.0,208.0625,782.9,44.2494503970781,37.39010061219566
2018-08-11,31.9,25.5,28.679166666666664,73.83333333333333,86,15.904166666666667,20.4,201.28333333333333,677.2,41.535385412763894,36.90573619219542
2018-08-12,31.6,25.6,28.629166666666666,73.83333333333333,86,17.483333333333334,22.5,187.0,601.7,40.59761227043879,37.17949199405116
2018-08-13,32.6,26.0,28.908333333333335,74.0,87,16.391666666666666,20.4,186.625,642.3,43.88739030903108,37.53769789623125
2018-08-14,32.7,25.9,28.766666666666666,74.45833333333333,87,13.2125,17.7,188.1875,612.3,44.42664074191207,37.45117270045119
2018-08-15,31.3,26.0,28.65833333333333,74.95833333333333,88,9.387500000000001,14.1,159.06666666666666,595.5,40.07106617178822,36.31062581460455
2018-08-16,32.4,26.2,29.183333333333334,71.79166666666667,86,12.487499999999999,18.6,143.9625,695.3,42.31460328652932,37.632968615271146
2018-08-17,28.3,24.9,25.945833333333336,89.625,94,16.404166666666665,22.7,77.91666666666667,300.9,34.639043237499095,33.3912979260712
2018-08-18,29.9,24.1,26.6125,86.08333333333333,96,12.191666666666668,16.9,133.4375,501.7,39.12465978607606,34.33203095058457
2018-08-19,29.8,25.1,26.525000000000002,88.375,95,10.9625,16.8,127.22916666666667,543.9,39.465553447123085,35.75722778935101
2018-08-20,30.1,24.9,27.058333333333334,86.125,96,10.483333333333333,15.7,139.0875,599.6,39.8382069620785,35.53257759593781
2018-08-21,26.5,24.8,25.537499999999998,93.83333333333333,95,12.520833333333334,16.8,49.50833333333333,209.4,29.622949388020142,29.56228420511126
2018-08-22,28.5,24.3,25.8125,92.33333333333333,96,10.6875,13.8,84.17916666666666,424.8,35.87453735483959,33.76080746505568
2018-08-23,29.2,24.6,26.441666666666666,87.75,95,11.916666666666666,16.9,84.49583333333334,322.1,37.192430213999536,34.1940098909512
2018-08-24,30.5,24.4,26.983333333333334,82.70833333333333,92,13.045833333333334,20.6,198.1833333333333,699.5,40.116417825657436,37.12206514155554
2018-08-25,29.6,24.8,26.84166666666667,82.5,89,13.708333333333334,21.3,194.0583333333333,735.3,37.117207861637816,35.22548131207107
2018-08-26,29.3,24.1,26.25,86.125,95,12.079166666666666,19.7,190.60416666666666,622.3,37.1071969374234,34.15187225241564
2018-08-27,30.4,24.0,26.929166666666664,79.70833333333333,94,9.316666666666666,12.8,226.73749999999998,756.5,38.825974278377416,33.611682245937764
2018-08-28,30.0,24.5,27.120833333333334,78.66666666666667,92,8.208333333333334,12.5,182.5875,616.3,37.29205932469133,33.882145611111156
2018-08-29,25.7,23.8,24.754166666666666,92.0,95,8.941666666666666,13.4,39.59583333333333,182.0,27.325568915091157,27.30816340779545
2018-08-30,29.8,22.8,26.058333333333334,86.16666666666667,95,10.475,15.9,136.30416666666667,575.7,38.803637307726916,34.103514687004505
2018-08-31,29.1,24.4,26.358333333333334,84.70833333333333,95,11.491666666666667,17.0,140.1,624.7,36.112160318837596,33.29787407955561
2018-09-01,27.3,24.2,25.5625,90.45833333333333,96,10.354166666666666,15.6,82.9625,410.5,31.66359420942884,30.644267293535577
2018-09-02,29.3,24.4,26.358333333333334,85.33333333333333,95,11.7875,15.7,163.81666666666666,639.1,36.903591428493634,34.44787505455117
2018-09-03,29.5,24.0,26.325,83.91666666666667,95,10.15,15.5,184.875,722.3,37.17772867086147,33.85140520705555
2018-09-04,30.3,24.0,26.679166666666664,80.5,93,12.116666666666667,18.4,188.5041666666667,693.8,38.75291773694062,33.44088429559791
2018-09-05,30.6,23.1,26.537499999999998,76.20833333333333,90,12.345833333333333,17.5,195.75,670.3,38.35868483823146,33.39425485609563
2018-09-06,30.9,22.4,26.21666666666667,75.08333333333333,91,11.341666666666667,17.5,217.77083333333334,795.1,38.899405430988644,33.444527163875655
2018-09-07,30.0,21.8,25.883333333333336,77.75,93,8.720833333333333,14.2,207.75833333333333,753.4,37.038624524652704,32.64574847868452
2018-09-08,27.8,23.7,25.483333333333334,83.375,92,9.862499999999999,13.9,77.26666666666667,394.9,32.094239080620326,30.1629650678577
2018-09-09,28.0,23.3,25.191666666666666,85.70833333333333,95,8.566666666666666,13.2,107.27083333333333,409.0,33.01367955789621,30.03112471511116
2018-09-10,29.5,24.1,26.508333333333336,81.75,94,9.145833333333334,15.6,166.28333333333333,545.2,36.61253073914232,32.83214998511109
2018-09-11,31.0,23.7,26.96666666666667,78.25,94,9.583333333333334,14.7,202.6291666666667,660.4,40.26472577880557,34.35798335955565
2018-09-12,29.8,24.1,26.724999999999998,78.83333333333333,91,11.658333333333333,16.4,181.89166666666665,656.4,36.74642471706609,33.45516812855104
2018-09-13,30.6,23.5,26.787499999999998,77.16666666666667,92,11.645833333333334,15.3,205.025,695.8,38.655360196953644,33.566488354595585
2018-09-14,31.0,23.9,27.195833333333336,76.45833333333333,95,9.045833333333333,13.0,223.57083333333333,744.4,39.65539582438342,34.18938437372444
2018-09-15,30.6,24.4,27.254166666666666,78.375,96,6.883333333333333,9.4,226.0875,746.3,39.03576536311874,34.3129170017778
2018-09-16,30.2,24.2,26.870833333333334,81.375,97,7.295833333333333,12.0,224.4625,782.7,38.699815470720296,35.27894286625789
2018-09-17,30.8,24.2,27.183333333333334,78.45833333333333,92,8.004166666666666,11.0,226.475,784.6,39.6938988435744,35.44984873775124
2018-09-18,32.0,24.0,27.8125,74.91666666666667,88,6.841666666666666,9.4,226.82916666666665,810.1,42.27793966845538,36.784657198444485
2018-09-19,32.4,24.6,28.120833333333334,72.54166666666667,88,8.75,13.3,243.4958333333333,848.2,42.61860797535152,36.780824820071196
2018-09-20,32.7,24.1,28.09166666666667,69.95833333333333,83,10.908333333333333,15.3,261.4166666666667,888.6,42.50827173038786,37.004347798764535
2018-09-21,34.1,24.9,29.254166666666666,59.666666666666664,80,15.591666666666667,21.8,262.6375,891.5,42.312824403568484,38.613082657304545
2018-09-22,32.3,24.5,28.058333333333334,72.29166666666667,94,6.033333333333334,12.0,158.75416666666666,792.7,42.199148153541984,38.107001950995496
2018-09-23,30.0,24.5,26.8875,86.29166666666667,94,11.641666666666666,17.9,69.52499999999999,304.5,39.537937677961,36.027103719671146
2018-09-24,32.8,25.0,28.108333333333334,79.0,94,9.704166666666667,12.2,233.475,833.2,46.88216132803563,39.01198626161779
2018-09-25,32.6,23.9,27.770833333333332,76.20833333333333,98,6.679166666666667,12.2,255.97083333333333,877.7,44.85722925583976,35.978998289431225
2018-09-26,33.2,22.6,27.304166666666664,69.79166666666667,93,6.520833333333333,9.6,262.00416666666666,896.8,44.01931789026221,35.04958400977563
2018-09-27,34.1,23.3,27.75,65.33333333333333,87,6.625,10.0,261.75416666666666,896.7,44.84206865639294,40.09279065287127
2018-09-28,34.6,22.6,28.1375,60.375,81,6.291666666666667,9.0,256.52500000000003,888.4,44.04701376975874,37.225717092071214
2018-09-29,35.1,23.0,28.479166666666668,57.208333333333336,79,4.708333333333333,9.8,256.4291666666667,886.3,44.0179329819666,36.3835562039912
2018-09-30,35.1,22.4,28.354166666666668,59.666666666666664,79,6.4750000000000005,10.4,256.99583333333334,884.1,45.18659253903516,38.23634882703121
2018-10-01,35.4,22.8,28.912499999999998,59.791666666666664,83,5.8374999999999995,10.0,254.27916666666667,881.9,46.15382001315737,36.811692907251135
2018-10-02,35.5,23.3,29.266666666666666,60.833333333333336,83,4.770833333333333,7.7,250.7458333333333,866.6,47.001404437464636,37.47038363999116
2018-10-03,35.9,24.6,30.066666666666666,61.125,82,5.641666666666667,12.5,234.15833333333333,849.3,48.4383769960006,38.09898897828451
2018-10-04,35.5,26.0,30.483333333333334,62.458333333333336,82,5.845833333333334,9.0,233.79583333333335,854.2,47.86653395680341,39.74096589340445
2018-10-05,35.8,25.5,30.070833333333336,61.208333333333336,83,7.016666666666667,9.0,236.79166666666666,818.7,48.159908868564315,38.903608174257855
2018-10-06,36.2,24.5,29.974999999999998,57.5,77,7.195833333333333,9.9,233.01250000000002,853.0,47.402898751017744,38.68994729580454
2018-10-07,36.3,24.1,29.974999999999998,55.083333333333336,76,5.529166666666666,9.6,232.03333333333333,852.8,46.42219142092898,39.93642393291563
2018-10-08,35.9,23.7,29.28333333333333,54.791666666666664,72,5.8500000000000005,10.7,231.52083333333334,820.4,45.12365184893508,39.441867661777856
2018-10-09,36.0,23.1,29.3,54.375,77,5.05,8.7,240.27083333333334,853.6,45.20082188737155,40.15690053513796
2018-10-10,36.6,24.1,29.875,47.666666666666664,67,7.054166666666667,10.0,233.6,854.5,43.59338256926621,36.57346191771559
2018-10-11,36.2,23.0,29.40833333333333,47.75,62,7.520833333333333,11.0,233.07500000000002,845.3,42.63736616487452,36.31648424397118
2018-10-12,35.7,23.7,28.974999999999998,51.583333333333336,68,7.383333333333334,10.5,234.36249999999998,840.2,43.075703168791556,35.94507860859557
2018-10-13,35.6,23.0,28.795833333333334,53.916666666666664,77,6.7875000000000005,9.4,226.07916666666665,828.0,43.874052983126454,36.288948908444574
2018-10-14,36.3,23.7,29.079166666666666,50.708333333333336,69,6.341666666666666,10.2,232.48749999999998,834.9,44.24383898121576,37.95720036505558
2018-10-15,35.7,22.7,28.541666666666668,46.625,67,6.0249999999999995,10.3,240.15833333333333,844.9,40.977692440179744,35.7704469332978
2018-10-16,35.3,21.7,28.691666666666666,47.333333333333336,66,4.416666666666667,10.2,236.86249999999998,835.8,40.33870560788619,39.19647776079115
2018-10-17,35.4,23.3,28.712500000000002,48.708333333333336,65,5.875,9.5,221.91666666666666,823.6,41.11108768892407,35.256361313671114
2018-10-18,35.3,23.6,28.679166666666664,49.708333333333336,67,5.720833333333334,9.0,226.49166666666667,823.5,41.27622836122358,35.56765115402451
2018-10-19,35.6,23.6,29.058333333333334,51.833333333333336,78,7.433333333333334,10.9,219.47083333333333,814.3,42.92817731923295,38.139577415111034
2018-10-20,36.1,23.6,29.099999999999998,46.0,65,5.941666666666666,9.7,221.6208333333333,814.3,41.65121022441566,35.18448127531566
2018-10-21,35.8,21.0,27.775000000000002,42.5,70,7.3500000000000005,11.0,232.5375,826.3,39.62522700835114,33.820245199235586
2018-10-22,34.7,19.9,27.108333333333334,37.916666666666664,56,4.966666666666667,9.8,233.8125,832.3,36.08822154138852,32.949268867535594
2018-10-23,34.7,19.3,26.866666666666664,47.541666666666664,70,5.516666666666667,10.5,230.08333333333334,820.1,39.07682148538618,33.57033428108447
2018-10-24,35.1,21.1,27.77916666666667,50.416666666666664,69,7.208333333333333,12.0,224.64583333333334,803.9,41.07986699282347,34.4588067515556
2018-10-25,35.2,22.1,28.0125,49.708333333333336,73,5.9750000000000005,9.3,221.41666666666666,803.9,41.03623499179292,34.27413465555555
2018-10-26,35.2,21.2,27.425,47.0,69,6.433333333333334,9.9,217.45416666666665,794.8,39.9864356259912,33.999066369795585
2018-10-27,35.5,21.5,27.441666666666666,47.875,66,6.983333333333333,9.4,215.55416666666667,794.7,41.012428755375964,34.41117810969559
2018-10-28,34.8,20.4,27.204166666666666,48.458333333333336,68,6.445833333333333,9.9,219.59166666666667,793.7,39.628629968713305,34.00285647411561
2018-10-29,34.2,22.1,27.166666666666668,44.541666666666664,60,9.65,12.8,221.29999999999998,797.7,37.060958997749445,32.77924056663783
2018-10-30,33.3,21.3,26.354166666666668,41.291666666666664,52,10.570833333333333,14.9,222.74166666666667,802.8,34.56061014613426,31.605780632444482
2018-10-31,33.2,21.5,26.545833333333334,44.0,55,12.133333333333333,15.9,218.13333333333333,786.6,35.04961531265785,32.458792173777816
2018-11-01,34.0,22.1,27.275000000000002,48.083333333333336,62,10.308333333333334,15.5,213.4416666666667,773.5,37.76130654015895,34.10400561673782
2018-11-02,34.7,22.1,27.479166666666668,50.25,69,8.725,12.3,211.69583333333333,769.5,40.065930342972365,34.105776329671116
2018-11-03,34.4,20.1,27.454166666666666,49.833333333333336,79,6.445833333333333,9.9,213.12916666666663,775.6,39.22479708829658,34.00006314988447
2018-11-04,34.6,21.6,28.087500000000002,47.958333333333336,71,6.5125,10.6,207.5666666666667,757.4,39.00482633617301,34.511332286364514
2018-11-05,33.7,21.7,26.875,45.541666666666664,65,9.679166666666667,14.7,207.82500000000002,759.5,36.38688660625471,32.729490228791114
2018-11-06,32.5,20.8,25.46666666666667,47.5,64,9.85,13.8,207.86666666666667,765.6,34.66795884618065,31.04075580799108
2018-11-07,32.1,17.9,23.8875,49.083333333333336,68,9.408333333333333,14.2,213.57083333333333,778.7,34.32683060806672,30.421226638515577
2018-11-08,32.1,17.4,23.608333333333334,50.375,66,8.762500000000001,12.1,211.19583333333333,771.7,34.64025024802893,30.60549244516446
2018-11-09,32.5,17.3,23.804166666666664,50.958333333333336,67,7.875,11.2,209.5375,767.7,35.55895875694692,31.041105494444455
2018-11-10,32.9,17.1,24.191666666666666,53.375,78,7.166666666666667,9.1,206.2125,757.7,37.080386245622286,31.37674456023784
2018-11-11,33.4,18.8,25.0125,50.208333333333336,70,7.7625,12.3,203.9125,750.7,37.17310833342127,32.073647803964484
2018-11-12,33.3,18.0,24.733333333333334,51.833333333333336,75,6.508333333333333,10.3,202.88333333333333,747.8,37.46684212590449,31.713294937395624
2018-11-13,32.8,17.8,25.1875,53.333333333333336,81,4.270833333333333,8.2,198.9958333333333,734.7,36.85225088903508,31.621906391591082
2018-11-14,32.8,20.3,25.741666666666664,54.958333333333336,74,5.3125,8.4,197.41666666666666,729.8,37.349875896980684,31.754798024551103
2018-11-15,33.1,19.0,25.566666666666666,58.166666666666664,85,7.579166666666667,10.0,195.09166666666667,722.8,39.11740382449562,32.66225107993781
2018-11-16,32.0,20.1,24.870833333333334,45.833333333333336,67,9.204166666666667,13.4,197.77916666666667,734.0,33.418541027117385,30.838000224675536
2018-11-17,32.0,17.7,24.65416666666667,49.541666666666664,73,5.845833333333334,8.7,197.2125,733.1,34.254407999322225,30.405718261777807
2018-11-18,32.3,16.5,23.858333333333334,55.208333333333336,80,5.25,8.2,196.5375,730.2,36.33166128348312,31.04075580799108
2018-11-19,33.1,17.5,24.358333333333334,53.958333333333336,82,7.3,10.0,194.95833333333334,725.3,37.703131936880496,31.721403503564474
2018-11-20,32.8,17.5,24.170833333333334,54.333333333333336,73,6.633333333333333,9.5,193.41666666666666,720.3,37.156283787316525,31.648132224515606
2018-11-21,33.3,19.1,25.608333333333334,58.458333333333336,76,7.229166666666667,11.8,187.42083333333335,709.3,39.721017592825625,33.41899921823119
2018-11-22,33.2,20.6,26.5,58.166666666666664,83,6.708333333333333,9.5,182.15,693.3,39.3650746243973,33.62601432081564
2018-11-23,33.4,21.4,26.287499999999998,51.958333333333336,69,10.6,14.6,186.15833333333333,698.5,37.724020028704906,33.22438139641779
2018-11-24,32.2,19.2,24.925,48.916666666666664,67,9.891666666666667,13.2,188.59166666666667,706.8,34.46855132544442,31.216571760017796
2018-11-25,31.8,18.6,24.34166666666667,53.75,75,7.979166666666667,11.2,188.14583333333334,706.9,34.908458238601014,30.590995150951105
2018-11-26,31.4,18.6,23.587500000000002,50.666666666666664,70,9.1,11.6,174.20416666666665,669.7,33.43783950098175,29.877663600764468
2018-11-27,30.2,18.5,23.287499999999998,47.5,56,10.0,13.4,159.2,672.9,30.950377193595607,29.101311372924492
2018-11-28,30.2,19.3,23.52916666666667,50.166666666666664,69,9.779166666666667,14.9,142.06666666666666,562.7,31.375904011887,29.28003781363562
2018-11-29,30.4,17.7,22.766666666666666,55.5,72,10.5625,14.7,186.0875,700.5,32.67370985851784,29.301189950364517
2018-11-30,29.9,17.7,22.554166666666664,55.458333333333336,72,10.541666666666666,15.3,183.34583333333333,681.5,31.800901351525177,28.864640463617857
2018-12-01,29.2,17.3,22.09583333333333,56.541666666666664,75,10.145833333333334,14.8,175.39166666666668,671.6,30.835013185939676,28.383585770417803
2018-12-02,29.5,16.0,21.770833333333332,54.333333333333336,68,8.8375,11.4,177.73333333333335,679.9,30.968399523876528,28.50998052377775
2018-12-03,29.7,16.7,22.2,52.75,67,9.358333333333333,13.5,177.69583333333333,661.8,31.029908682766923,28.953769134184515
2018-12-04,29.8,17.8,22.72083333333333,57.375,77,8.916666666666666,12.4,162.20833333333334,641.7,31.97036534069198,29.46132480099555
2018-12-05,29.2,16.7,22.379166666666666,62.458333333333336,87,7.8999999999999995,11.3,178.74166666666667,678.4,31.78523359604185,28.544568948035632
2018-12-06,29.1,16.0,21.816666666666666,57.291666666666664,82,6.441666666666666,9.2,178.67083333333335,677.6,30.78828229897585,28.531443254451183
2018-12-07,28.6,15.0,20.808333333333334,58.541666666666664,78,8.258333333333333,12.1,181.65416666666667,690.0,30.178868386450915,27.66010491596449
2018-12-08,28.6,16.8,21.566666666666666,55.791666666666664,74,9.041666666666666,13.6,180.3166666666667,685.2,29.826731799369366,28.05775972055115
2018-12-09,28.7,15.5,21.2125,51.166666666666664,70,9.129166666666666,11.7,180.5666666666667,685.4,29.40965628029269,27.74196041522446
2018-12-10,28.0,14.1,20.912499999999998,49.625,78,5.633333333333334,8.3,177.2875,677.5,28.41574571437156,27.531519853277835
2018-12-11,28.5,16.0,22.53333333333333,55.833333333333336,70,5.1,9.2,159.24166666666667,647.2,29.689353780390448,27.98958259825781
2018-12-12,27.4,18.3,22.145833333333332,55.208333333333336,86,8.966666666666667,12.6,146.53333333333333,542.6,28.203107070253644,27.110955115431132
2018-12-13,25.8,14.2,19.495833333333334,41.791666666666664,67,12.7875,15.6,181.8166666666667,690.3,26.147628352144157,28.69664985507557
2018-12-14,24.9,13.9,18.825,41.0,52,16.070833333333333,20.0,182.78333333333333,694.6,25.663717348204486,30.431325237375646
2018-12-15,25.7,14.4,19.4875,45.875,61,17.025000000000002,20.9,181.625,690.8,26.218063937886445,29.137705192515593
2018-12-16,24.2,13.8,18.866666666666667,44.416666666666664,59,16.933333333333334,20.6,139.26250000000002,610.2,25.44106366501765,30.266307987324474
2018-12-17,24.9,16.4,19.366666666666667,42.416666666666664,51,15.387500000000001,19.7,170.2125,645.0,25.696339695018487,27.460690322204407
2018-12-18,25.6,12.4,17.925,51.458333333333336,68,11.875,16.6,183.0583333333333,694.6,26.311852788837722,31.557008039075576
2018-12-19,25.6,11.6,17.691666666666666,50.75,65,9.783333333333333,13.5,184.29999999999998,698.9,26.29275567697283,33.553638311271115
2018-12-20,26.5,12.8,18.491666666666667,51.625,65,9.0875,12.9,181.79166666666666,691.0,27.046930196438364,31.49230939809556
2018-12-21,27.6,12.5,18.733333333333334,50.333333333333336,70,8.633333333333333,12.7,180.78750000000002,687.2,28.04074309947072,32.39691726527782
2018-12-22,28.1,12.0,18.720833333333335,51.75,74,7.741666666666667,12.4,180.88333333333333,688.5,28.72711931976572,32.72327191511115
2018-12-23,28.8,12.8,19.545833333333334,51.166666666666664,72,8.612499999999999,12.7,180.78333333333333,686.7,29.539112247834346,30.35570445985773
2018-12-24,28.5,12.6,19.8625,44.791666666666664,68,9.745833333333334,13.4,179.03333333333333,680.8,28.52236756839831,31.17164153907556
2018-12-25,26.5,12.6,19.025000000000002,40.458333333333336,55,8.745833333333334,13.2,182.64583333333334,694.3,26.534926675682957,32.48455494771561
2018-12-26,25.8,11.1,17.733333333333334,43.541666666666664,70,10.145833333333334,18.0,184.09583333333333,694.6,26.205548600378126,33.64062846721558
2018-12-27,25.2,10.3,17.3875,44.0,67,7.945833333333333,10.5,183.4416666666667,694.8,25.879512826257788,36.18198232923559
2018-12-28,24.4,10.4,16.625,38.25,60,11.466666666666667,16.1,186.72916666666666,708.3,25.399019835639493,36.69286032801784
2018-12-29,24.4,10.3,16.579166666666666,35.666666666666664,45,12.483333333333334,15.9,186.70000000000002,708.5,25.329766437603933,35.677203195084445
2018-12-30,25.6,11.5,17.641666666666666,40.166666666666664,52,11.745833333333332,16.3,183.225,696.5,25.983455782077304,34.42104708505563
2018-12-31,27.3,12.1,18.325,45.458333333333336,63,10.241666666666667,14.1,182.99166666666667,694.6,27.409069410837123,33.15667626143782
2019-01-01,27.7,11.1,18.233333333333334,52.916666666666664,71,7.154166666666668,11.1,183.0583333333333,694.9,28.36296555123291,33.64062846721558
2019-01-02,28.0,10.9,18.970833333333335,51.708333333333336,83,7.5874999999999995,9.3,183.72083333333333,696.1,28.60473203674809,30.34430884420442
2019-01-03,28.2,12.7,19.179166666666667,47.291666666666664,65,10.120833333333334,13.5,183.95000000000002,696.3,28.427247911055915,31.67452901700447
2019-01-04,28.5,12.6,19.0625,52.708333333333336,78,7.9125000000000005,13.0,183.85416666666666,698.6,29.325891393317256,31.993533646097774
2019-01-05,27.7,11.8,19.304166666666667,58.416666666666664,90,6.070833333333333,9.7,172.8375,632.2,28.862483071949264,26.759869822124454
2019-01-06,26.2,15.0,19.445833333333333,52.041666666666664,93,12.129166666666668,16.0,190.04166666666666,719.5,26.803991150004943,28.083859972895578
2019-01-07,24.9,12.6,17.7,48.875,68,13.012500000000001,18.6,188.25416666666663,709.4,25.815471796309737,31.414580281164515
2019-01-08,25.3,12.0,17.645833333333332,52.458333333333336,71,10.5625,14.8,187.71666666666667,706.5,26.12242230953001,31.425291321777777
2019-01-09,26.1,11.8,18.212500000000002,49.708333333333336,69,10.054166666666667,12.7,185.47083333333333,693.4,26.62971662264287,33.55314224545778
2019-01-10,26.8,12.8,18.45,52.833333333333336,70,10.620833333333334,15.3,187.6833333333333,704.9,27.393368689700946,30.112449792195534
2019-01-11,27.4,12.0,18.504166666666666,51.833333333333336,71,8.637500000000001,13.0,186.11666666666667,699.9,27.942620967466134,32.43221489700445
2019-01-12,27.2,13.6,19.295833333333334,52.166666666666664,67,8.658333333333333,12.7,185.92916666666667,699.1,27.755841110432883,30.24391304449778
2019-01-13,27.4,13.4,20.145833333333332,54.875,78,9.141666666666667,14.6,185.02916666666667,696.1,28.176605888938596,27.270212534915547
2019-01-14,27.0,15.0,20.208333333333332,47.583333333333336,66,14.008333333333333,18.7,189.48749999999998,708.6,27.273083030459887,27.8565508555555
2019-01-15,26.6,13.7,19.375,47.5,65,12.095833333333333,16.6,188.30416666666667,706.7,26.929886945115634,29.609479044951033
2019-01-16,28.2,12.2,19.120833333333334,53.958333333333336,71,7.75,12.1,193.22916666666666,721.2,29.073075790848577,31.01720420321776
2019-01-17,28.2,12.1,19.595833333333335,55.083333333333336,80,7.566666666666666,9.7,192.34583333333333,715.2,29.192442957097676,28.33910785394447
2019-01-18,29.5,14.6,20.870833333333334,51.375,66,10.908333333333333,15.4,192.17083333333332,715.3,30.526431508056458,28.575856072157862
2019-01-19,30.5,14.9,21.633333333333336,46.958333333333336,63,10.129166666666666,13.8,194.67916666666667,724.7,31.29602653629167,28.941332919277784
2019-01-20,31.7,14.2,22.025000000000002,52.25,79,8.129166666666666,10.5,194.6291666666667,722.7,34.345589520215704,29.917499334915547
2019-01-21,29.0,14.2,21.133333333333333,56.333333333333336,83,9.845833333333333,15.3,195.75,725.9,30.492554696839573,27.510452641597837
2019-01-22,25.4,14.0,19.820833333333333,63.333333333333336,97,7.754166666666666,11.2,195.64583333333334,726.0,26.391902048436545,25.740449046575595
2019-01-23,25.4,14.5,19.474999999999998,53.791666666666664,78,7.0,10.2,197.2125,730.2,26.22093407764794,26.814942003395526
2019-01-24,25.4,11.9,18.608333333333334,47.541666666666664,70,10.549999999999999,16.6,201.59583333333333,744.7,26.07843811701828,31.890336921615546
2019-01-25,24.0,12.1,17.599999999999998,45.958333333333336,77,13.479166666666666,18.4,206.9416666666667,760.2,25.383228004590737,29.8537434952177
2019-01-26,22.8,12.2,16.6875,40.708333333333336,56,13.954166666666666,20.0,205.61666666666667,762.3,25.04784975032286,33.1848179597511
2019-01-27,23.0,10.7,16.095833333333335,38.875,51,13.266666666666666,18.5,207.73333333333335,762.4,25.045854952618097,35.89521606921772
2019-01-28,22.8,10.1,15.883333333333333,40.916666666666664,60,13.270833333333334,18.7,212.07916666666665,776.8,25.05082875414121,37.471474247037726
2019-01-29,23.3,10.5,16.295833333333334,40.458333333333336,56,13.591666666666667,18.9,212.33333333333334,776.9,25.131442734929596,36.616938942611085
2019-01-30,26.1,11.0,17.570833333333333,43.0,57,10.612499999999999,16.1,211.3125,772.8,26.374632874995633,35.54730214711108
2019-01-31,26.8,11.4,18.375,47.875,69,7.829166666666667,11.2,193.025,756.3,27.115778449089312,33.42414755388445
2019-02-01,26.1,14.2,19.454166666666666,43.791666666666664,65,11.787500000000001,16.8,210.0,768.3,26.4044099925609,29.25783976913771
2019-02-02,26.6,12.4,18.695833333333333,43.916666666666664,59,12.995833333333332,16.4,214.42083333333335,778.0,26.75900751877179,32.6664534239645
2019-02-03,28.6,14.5,20.650000000000002,49.875,69,11.654166666666667,17.6,209.84166666666667,762.6,29.14055482178032,29.564284013555564
2019-02-04,31.9,18.3,23.666666666666668,57.0,72,11.220833333333333,18.6,173.54583333333335,629.1,35.978998289431225,30.940017654264466
2019-02-05,30.4,17.0,23.441666666666666,60.208333333333336,92,7.4375,12.3,202.67916666666667,755.3,33.657381425678444,30.03794720423116
2019-02-06,27.7,16.1,21.775000000000002,38.25,51,10.783333333333333,15.7,212.50833333333333,778.6,27.303620451455725,27.754013655704455
2019-02-07,23.7,11.9,18.395833333333332,41.291666666666664,56,15.779166666666667,24.9,213.32083333333333,760.4,25.240557817234254,31.888233182015597
2019-02-08,22.5,10.0,15.775,42.375,78,9.5875,14.8,228.58333333333334,819.1,25.03171320036899,35.79949814444444
2019-02-09,23.4,9.7,16.5,34.5,50,11.954166666666666,18.0,215.54583333333335,800.5,25.00562953843108,37.84177004098449
2019-02-10,25.7,11.1,17.691666666666666,36.541666666666664,49,11.958333333333334,16.6,227.27083333333334,812.8,25.918193346209726,34.893183045875595
2019-02-11,28.6,13.0,19.733333333333334,40.875,52,11.9,16.6,227.84583333333333,816.8,28.283856004860297,31.499391379111145
2019-02-12,31.4,15.5,22.379166666666666,43.666666666666664,55,10.433333333333334,15.7,227.8166666666667,816.8,32.05549051908539,30.186722995404466
2019-02-13,30.9,17.2,23.224999999999998,51.958333333333336,69,7.391666666666667,12.0,190.16666666666666,699.4,32.839106166421175,29.92257708761781
2019-02-14,29.2,17.0,22.295833333333334,52.083333333333336,79,10.366666666666667,14.1,228.3125,813.5,30.197841617258252,27.982449729191146
2019-02-15,28.8,14.9,21.316666666666666,47.416666666666664,69,7.9375,14.2,232.37916666666663,825.8,29.117158743498198,27.473123688195596
2019-02-16,27.6,15.4,21.166666666666668,35.333333333333336,50,11.633333333333333,19.0,237.39166666666668,842.1,27.065442276981805,28.392641446115597
2019-02-17,28.6,12.7,20.654166666666665,40.25,58,7.8625,10.7,234.52083333333334,831.7,28.23274517628111,32.188984793615596
2019-02-18,31.2,14.9,22.166666666666668,40.25,59,8.308333333333334,13.2,234.09166666666667,831.6,31.212331487866184,29.253004849351157
2019-02-19,29.9,17.0,22.729166666666668,60.541666666666664,95,6.879166666666666,11.9,218.6916666666667,757.5,32.74855174318082,29.250515065671145
2019-02-20,35.1,17.6,25.28333333333333,54.5,90,9.075000000000001,12.9,234.67916666666667,828.3,42.795155184589625,32.83916202329781
2019-02-21,31.2,19.6,24.9875,57.25,77,10.895833333333334,13.4,235.475,833.3,34.58132409707059,30.489948271217802
2019-02-22,31.3,18.7,24.5625,56.625,86,9.275,14.4,235.1875,826.2,34.630004541975595,30.615973760284525
2019-02-23,29.5,17.4,22.8875,40.541666666666664,54,10.304166666666667,14.0,211.5,750.0,29.185710761902847,28.123427282444442
2019-02-24,30.1,16.1,22.40833333333333,38.541666666666664,57,9.137500000000001,12.6,214.5,787.6,29.63830167949527,28.390202815775556
2019-02-25,30.6,17.2,23.02916666666667,46.666666666666664,84,11.045833333333334,17.1,245.82916666666665,857.4,31.394001092080998,28.862074399484484
2019-02-26,28.8,18.9,23.329166666666666,51.208333333333336,86,15.9625,28.6,220.01666666666665,841.9,29.544037183158466,27.656177130791125
2019-02-27,28.2,18.2,22.308333333333334,51.208333333333336,93,12.1,19.4,230.98333333333335,806.2,28.7939127200522,26.99747255985781
2019-02-28,27.2,14.3,20.529166666666665,31.375,43,10.483333333333333,14.3,255.86666666666667,889.8,26.60283530787936,28.942842165695556
2019-03-01,29.7,14.8,21.758333333333336,37.291666666666664,52,11.058333333333332,17.5,250.59583333333333,872.1,29.0747003992411,29.211437783235574
2019-03-02,34.6,17.9,25.599999999999998,33.291666666666664,46,14.375,22.4,244.82083333333333,846.3,34.791909869227794,32.604539878471165
2019-03-03,29.6,19.6,24.495833333333334,63.125,83,9.791666666666666,17.6,156.52916666666667,583.6,32.669784970781606,29.932945834115614
2019-03-04,29.1,18.5,23.320833333333336,46.5,64,10.945833333333333,18.1,252.26666666666665,871.6,29.3742086885228,27.931986671555578
2019-03-05,29.1,16.7,22.758333333333336,41.75,65,8.458333333333334,12.0,256.5541666666667,888.9,28.873811304899057,27.70446123691557
2019-03-06,29.9,17.3,23.541666666666668,37.416666666666664,53,8.804166666666667,11.0,258.925,893.8,29.29868235308712,28.309088741197808
2019-03-07,31.2,17.4,24.304166666666664,38.25,57,7.041666666666667,14.3,259.30833333333334,893.6,30.91944057759955,29.347141423235623
2019-03-08,32.2,18.7,24.604166666666668,40.5,62,9.825000000000001,13.6,254.89583333333334,872.8,32.66033648920451,30.3615501742045
2019-03-09,31.5,19.0,24.879166666666666,37.375,59,11.804166666666667,16.8,263.46250000000003,904.5,31.17652449568843,29.622663535055594
2019-03-10,32.6,18.7,25.270833333333332,32.916666666666664,47,8.549999999999999,15.5,238.42916666666667,883.4,31.924508288812522,30.54766619607115
2019-03-11,30.2,20.1,24.554166666666664,43.583333333333336,82,12.004166666666668,15.7,267.01666666666665,917.3,30.382552939414026,28.40143173495114
2019-03-12,31.4,16.6,23.59583333333333,33.375,49,7.325,9.3,266.875,916.1,30.52547320011866,29.389360427075562
2019-03-13,31.0,17.8,24.275000000000002,31.458333333333332,44,9.466666666666667,17.1,212.22500000000002,795.1,29.872517592716804,29.119744307111116
2019-03-14,31.0,18.2,23.925,35.416666666666664,62,11.704166666666666,17.1,275.4875,938.2,30.307066194904294,28.94680973377778
2019-03-15,32.1,17.0,24.354166666666668,32.833333333333336,41,12.029166666666667,17.3,272.16249999999997,924.7,31.28785475054748,30.020661679475584
2019-03-16,32.8,18.6,25.045833333333334,34.375,48,13.0,20.6,258.2916666666667,905.0,32.41889399718929,30.888594636035563
2019-03-17,33.3,17.8,25.5625,31.375,49,10.012500000000001,13.1,271.3041666666667,923.2,32.589699437955865,31.103087018904528
2019-03-18,33.8,19.1,26.15833333333333,26.25,34,10.720833333333333,15.9,274.3541666666667,928.1,32.45101226276784,31.595055488604537
2019-03-19,35.0,19.4,27.666666666666668,26.458333333333332,42,8.0,11.8,273.2708333333333,925.9,33.991722001253876,32.735418477777785
2019-03-20,33.1,21.3,26.816666666666666,41.291666666666664,67,11.125,17.7,272.2875,918.5,34.22937029155344,31.87676851917115
2019-03-21,33.9,20.4,27.008333333333336,40.208333333333336,71,7.729166666666667,12.3,275.04583333333335,927.5,35.31071447060601,32.051154196175595
2019-03-22,35.6,21.5,28.3125,33.916666666666664,61,9.341666666666667,14.8,278.3625,937.5,36.53581479471162,33.365156596497826
2019-03-23,36.3,21.0,28.854166666666668,27.791666666666668,38,8.674999999999999,13.4,276.2,929.1,36.07905168701426,34.1219241666578
2019-03-24,36.9,21.9,29.52916666666667,30.625,44,7.5,12.0,276.32916666666665,929.9,37.77018842014836,35.09991774987556
2019-03-25,37.4,23.7,30.045833333333334,28.916666666666668,40,11.670833333333334,19.6,258.76666666666665,889.7,38.089014340160624,35.52604397708448
2019-03-26,36.4,24.1,29.900000000000002,27.5,38,11.479166666666666,16.4,285.7625,960.1,36.157454047504416,34.10880824851552
2019-03-27,38.3,23.2,30.5,24.583333333333332,33,10.25,14.3,283.0708333333333,949.6,38.23946045683487,36.050980114817776
2019-03-28,39.9,24.2,31.520833333333332,26.791666666666668,41,8.237499999999999,12.0,276.9833333333333,926.0,41.60307039293495,37.89374052313782
2019-03-29,40.4,25.2,32.34166666666667,28.583333333333332,44,8.737499999999999,14.8,282.2,942.1,43.27298613939014,38.64487117529782
2019-03-30,39.4,26.2,32.12083333333333,27.833333333333332,51,11.775,14.9,285.75416666666666,953.1,41.12583938060399,37.19066820841779
2019-03-31,39.8,24.1,31.458333333333332,26.333333333333332,49,10.879166666666668,15.8,287.59999999999997,956.9,41.25050108162175,37.5403987915378
2019-04-01,39.7,24.1,31.6125,28.916666666666668,53,6.5625,14.7,287.75,956.7,42.10006427195525,37.43896677282449
2019-04-02,40.2,23.4,31.958333333333332,25.0,43,6.6125,11.6,292.02500000000003,967.7,41.42000708179559,37.37216843255117
2019-04-03,40.0,25.1,32.37083333333333,26.833333333333332,37,7.666666666666667,11.8,289.27916666666664,957.3,41.79607857608024,38.13473026681558
2019-04-04,40.9,25.2,32.77916666666667,28.75,53,8.9375,13.1,283.65000000000003,947.9,44.31703518064685,39.2577313561956
2019-04-05,40.0,26.2,32.2125,29.791666666666668,49,10.4,12.6,289.18333333333334,957.9,43.0423056795814,37.89005024689559
2019-04-06,39.9,24.0,31.604166666666668,32.666666666666664,57,9.358333333333333,14.0,291.8958333333333,964.8,44.1588796576551,38.012168630595575
2019-04-07,40.4,24.8,31.554166666666664,40.791666666666664,64,10.258333333333333,16.4,288.40000000000003,951.4,49.78708065453962,39.10884390967115
2019-04-08,39.6,24.1,31.537499999999998,34.75,64,8.625,12.7,293.69166666666666,968.5,44.51892911159057,37.76837511571561
2019-04-09,39.9,24.5,31.704166666666666,33.583333333333336,71,11.1875,14.8,292.1166666666667,953.1,44.60010797206492,37.89374052313782
2019-04-10,39.9,24.9,32.25,41.0,76,8.608333333333333,12.5,291.4875,959.0,48.59146402020448,38.95374631125118
2019-04-11,40.5,26.9,33.275,30.583333333333332,51,10.129166666666666,13.4,288.1083333333333,958.8,44.39913292225052,39.32344949468448
2019-04-12,40.9,26.3,33.50416666666667,32.375,69,11.362499999999999,20.1,290.34583333333336,964.8,46.149979962583984,39.68633318489781
2019-04-13,40.9,27.3,33.74166666666667,29.166666666666668,47,10.470833333333333,15.5,284.6458333333333,961.5,44.51802065867642,39.86559604940445
2019-04-14,41.3,26.6,33.795833333333334,27.625,49,9.8375,15.9,293.2625,964.4,44.55275126058088,39.590416011617776
2019-04-15,38.5,27.3,32.449999999999996,31.291666666666668,50,11.645833333333334,22.0,247.92083333333335,880.9,40.80873556356491,37.56255979711108
2019-04-16,35.1,25.5,29.0125,39.625,62,12.908333333333333,23.9,244.13333333333333,915.3,37.289160029170915,33.871428248115606
2019-04-17,33.5,21.7,27.704166666666666,44.875,74,11.841666666666667,17.3,261.79583333333335,884.7,35.82298604381336,31.718108318444493
2019-04-18,35.6,23.9,29.608333333333334,39.458333333333336,74,12.458333333333334,14.7,293.09999999999997,966.8,38.17956982422333,33.74589228511114
2019-04-19,36.7,24.1,30.241666666666664,27.916666666666668,40,10.8125,14.3,301.5458333333333,978.8,36.70990221945337,34.565035485057805
2019-04-20,37.9,23.8,31.208333333333332,26.833333333333332,39,7.354166666666667,11.2,302.175,978.7,38.27549250256529,35.9409412520978
2019-04-21,39.1,25.2,32.170833333333334,26.833333333333332,42,9.616666666666667,15.8,302.4,978.5,40.23923819196533,36.95952067993781
2019-04-22,40.0,26.2,32.7375,26.208333333333332,38,8.625,14.3,300.62916666666666,972.3,41.54816001430371,38.38935690329778
2019-04-23,41.4,26.6,34.11666666666667,29.541666666666668,47,9.112499999999999,16.2,298.42083333333335,971.1,45.71861466499172,40.0263451125156
2019-04-24,41.0,28.1,33.979166666666664,29.5,45,12.85,18.1,300.1791666666667,971.0,44.881884942555594,39.86559604940445
2019-04-25,41.3,27.7,33.895833333333336,28.541666666666668,44,11.383333333333333,20.5,301.15000000000003,972.9,45.005244242645645,39.590416011617776
2019-04-26,42.2,28.2,34.645833333333336,32.291666666666664,62,11.804166666666667,17.6,286.90833333333336,963.7,49.03250937655319,41.542613340444454
2019-04-27,42.8,28.3,34.925000000000004,19.5,30,13.829166666666666,22.7,306.875,987.9,43.360809984357815,40.11169407335113
2019-04-28,42.2,28.0,34.4125,20.125,33,14.1875,21.5,309.7583333333333,989.8,42.69855774029814,39.532941459111164
2019-04-29,41.9,26.2,33.891666666666666,25.666666666666668,49,11.958333333333334,16.6,309.7375,993.8,44.73290569415217,39.199770227091136
2019-04-30,41.2,25.8,32.74583333333333,36.833333333333336,62,12.016666666666666,20.2,306.5708333333333,983.5,49.41348596455735,39.22022225377784
2019-05-01,39.7,26.5,32.416666666666664,36.875,59,10.375,16.6,307.7916666666667,985.5,45.812095544358975,37.89005024689559
2019-05-02,40.3,25.9,32.425000000000004,34.208333333333336,63,9.841666666666667,19.8,304.99583333333334,974.2,45.79014350098708,38.250693403217824
2019-05-03,39.6,26.1,32.458333333333336,34.583333333333336,56,13.366666666666667,20.2,287.90000000000003,971.1,44.43821541885231,38.25564862711114
2019-05-04,39.1,26.6,31.879166666666666,44.583333333333336,63,13.095833333333333,22.7,288.6875,958.9,48.55332976250676,38.8236453333156
2019-05-05,39.1,25.7,32.15,44.791666666666664,71,10.879166666666668,18.4,297.96250000000003,970.0,48.67509860979993,38.68092100737559
2019-05-06,40.3,26.1,32.699999999999996,39.166666666666664,69,9.595833333333333,13.8,303.71666666666664,968.9,48.543446705230366,38.8267631736356
2019-05-07,40.6,26.5,33.21666666666667,31.125,61,13.1,16.1,305.9375,975.9,44.86912888821365,38.47367189196448
2019-05-08,39.4,25.8,32.083333333333336,35.708333333333336,67,13.870833333333332,18.4,308.5625,982.9,44.545261431678185,37.30684383073781
2019-05-09,37.9,25.3,31.420833333333334,47.5,83,11.775,15.9,283.4916666666667,880.7,46.91665988634067,36.53138675308449
2019-05-10,38.0,25.8,31.454166666666666,42.958333333333336,73,12.708333333333334,19.2,302.3041666666667,963.6,44.828668296979615,36.947839189004476
2019-05-11,39.5,25.6,32.28333333333333,47.875,76,11.012500000000001,15.1,300.09583333333336,957.5,51.73841690100086,39.91514952327778
2019-05-12,40.1,26.9,33.05416666666667,47.583333333333336,79,10.637500000000001,15.2,299.675,951.4,53.38021260446442,40.715118577777744
2019-05-13,40.2,26.4,32.9,44.125,79,12.995833333333332,16.1,298.55833333333334,960.4,51.352583066783204,39.716355026435586
2019-05-14,40.4,25.1,32.53333333333333,45.375,80,11.358333333333334,16.8,299.5625,959.4,52.77425301113155,39.629192701475596
2019-05-15,39.0,26.0,32.104166666666664,49.916666666666664,84,10.966666666666667,14.9,290.16249999999997,957.4,51.53835971942284,38.82770945025781
2019-05-16,38.4,26.2,32.275,49.916666666666664,82,13.570833333333333,17.2,279.26666666666665,927.0,49.722123933567936,38.9578343940956
2019-05-17,38.3,26.0,32.208333333333336,49.333333333333336,81,14.754166666666668,26.3,280.575,939.1,49.0799290517202,39.27120493317116
2019-05-18,38.7,26.8,32.92916666666667,46.5,81,15.541666666666666,22.3,278.34166666666664,945.2,48.56402503828289,39.295521086444396
2019-05-19,39.7,27.8,33.604166666666664,43.208333333333336,70,14.424999999999999,18.3,285.3583333333333,899.6,49.37536564053792,40.12898057644448
2019-05-20,40.4,28.2,34.237500000000004,41.75,73,12.0375,16.3,290.7666666666667,946.2,50.38722374589279,41.08043344394441
2019-05-21,41.0,29.1,35.00416666666667,38.583333333333336,70,14.866666666666667,18.6,298.19166666666666,930.0,49.99183543395995,40.825879447111156
2019-05-22,41.0,28.9,34.775,40.375,67,14.637500000000001,17.4,300.125,944.2,51.14195238124316,41.637649773404476
2019-05-23,41.5,29.2,35.020833333333336,39.666666666666664,67,15.570833333333333,19.1,299.9291666666667,946.2,52.03886864313594,42.29412023260453
2019-05-24,40.9,27.4,34.137499999999996,37.833333333333336,70,15.316666666666668,20.1,301.2041666666667,946.2,49.269607451510495,40.58292983287112
2019-05-25,40.8,28.2,34.38333333333333,40.583333333333336,73,10.5875,17.5,293.52500000000003,901.7,50.732869344887895,42.090284829695555
2019-05-26,41.7,29.3,35.020833333333336,38.208333333333336,63,10.125,17.1,288.1333333333333,890.3,51.595228741267995,41.488846309235605
2019-05-27,41.4,27.7,34.300000000000004,37.416666666666664,69,10.549999999999999,15.4,303.56666666666666,955.5,50.28871873937254,40.992912710684486
2019-05-28,42.3,28.5,35.229166666666664,34.666666666666664,69,13.320833333333333,18.0,293.27916666666664,948.4,50.78798171882552,42.33611747511111
2019-05-29,42.2,27.9,34.87083333333333,39.0,72,12.387500000000001,16.3,299.71666666666664,950.5,53.51383790999124,42.37312204977782
2019-05-30,42.5,27.8,34.420833333333334,43.208333333333336,77,13.125,18.0,303.80833333333334,953.6,57.625280067132,42.33611747511111
2019-05-31,42.7,27.6,34.112500000000004,47.5,70,11.75,22.0,300.90000000000003,945.5,61.9497045892207,43.114106798611125
2019-06-01,42.4,29.0,34.37083333333333,49.875,70,12.7875,22.5,294.2583333333333,934.4,63.005258812261594,44.70999536721775
2019-06-02,43.7,28.8,34.8375,48.958333333333336,75,12.179166666666667,21.5,298.71250000000003,935.5,67.01764062473502,45.33064485811562
2019-06-03,43.1,28.3,34.3375,49.541666666666664,77,13.679166666666667,21.2,294.18333333333334,939.6,65.30612838919637,43.98662999020454
2019-06-04,42.3,28.4,34.229166666666664,48.708333333333336,82,13.112499999999999,17.2,296.97083333333336,936.7,61.60013336366195,43.642261340444485
2019-06-05,42.5,27.8,34.699999999999996,45.541666666666664,81,14.208333333333334,20.0,295.2708333333333,935.7,59.55725024826628,43.69126424193561
2019-06-06,42.6,28.7,34.65416666666667,50.125,78,14.395833333333334,22.2,297.28749999999997,932.7,63.976932963463064,45.796368309164464
2019-06-07,43.3,29.6,35.525,47.583333333333336,73,11.245833333333332,16.1,289.8,929.8,64.18190570411788,44.95883375059559
2019-06-08,43.7,29.8,35.82083333333333,43.416666666666664,71,11.725,17.0,300.8041666666667,935.9,61.71763352668823,43.357347996575605
2019-06-09,43.0,29.0,35.4,45.958333333333336,76,13.283333333333333,18.9,297.58750000000003,927.9,61.62138141397616,44.22044735167112
2019-06-10,42.1,28.5,34.4625,46.666666666666664,74,12.262500000000001,19.3,295.96666666666664,931.0,59.158320163047684,43.191428363555616
2019-06-11,41.8,31.0,35.4625,44.791666666666664,63,10.1875,14.0,271.425,871.2,56.665790814059584,44.34710873049559
2019-06-12,38.7,29.2,33.22083333333333,57.666666666666664,71,12.004166666666668,23.4,170.45416666666668,800.3,55.83477667124258,44.60407994779554
2019-06-13,36.1,26.1,31.233333333333334,63.125,91,17.704166666666666,27.1,247.73749999999998,742.4,50.25192185943328,39.112703223357805
2019-06-14,35.3,27.7,30.82083333333333,68.25,83,19.375,27.1,234.23333333333335,814.7,50.42620316477247,41.808465570817745
2019-06-15,34.5,27.4,29.97083333333333,72.91666666666667,85,18.470833333333335,26.7,185.5375,746.0,50.13427938188017,40.64307430377789
2019-06-16,35.8,27.0,30.7625,70.33333333333333,90,19.150000000000002,25.8,239.525,735.3,53.581376110504856,42.63010561228446
2019-06-17,35.9,26.8,30.804166666666664,68.20833333333333,87,20.075,28.2,244.5625,792.6,52.62106262415493,40.564905637884515
2019-06-18,33.3,26.5,28.7375,82.0,92,21.5625,29.8,160.6875,690.1,50.402062736735694,40.67345187259556
2019-06-19,36.5,26.3,30.849999999999998,65.875,87,12.729166666666666,21.9,248.63750000000002,790.5,53.38749026493848,40.16119921905555
2019-06-20,36.4,27.7,31.266666666666666,62.0,83,8.487499999999999,13.6,231.475,734.0,50.61277982449778,39.59099790983107
2019-06-21,37.2,28.1,32.204166666666666,60.125,83,7.033333333333334,11.0,251.20000000000002,819.3,52.208594851368154,41.64392387379554
2019-06-22,38.1,28.5,32.59583333333333,60.541666666666664,80,10.6875,17.0,251.85833333333332,815.4,55.70783664048498,43.65170332401558
2019-06-23,39.7,29.0,33.78333333333333,56.875,78,11.841666666666667,15.9,266.25,867.2,58.904164583903544,44.860764807617855
2019-06-24,37.0,29.1,32.583333333333336,62.625,82,9.504166666666666,14.5,229.08333333333334,824.7,53.11246318379865,44.29173937911111
2019-06-25,33.3,27.5,30.59583333333333,72.33333333333333,93,9.475,14.0,184.97916666666666,782.3,45.51178073635658,38.914234438764574
2019-06-26,33.8,26.5,29.604166666666668,80.75,93,8.720833333333333,14.3,198.0041666666667,754.7,51.79698463794126,42.45766400785797
2019-06-27,35.4,27.1,30.683333333333334,73.29166666666667,93,10.525,19.5,241.30416666666667,771.6,53.87835503905734,42.48646297027548
2019-06-28,34.4,27.3,29.929166666666664,76.75,90,12.9125,18.0,184.53333333333333,662.4,51.94973121447044,42.42836978259551
2019-06-29,35.6,27.7,30.25,72.54166666666667,87,13.904166666666667,18.9,184.5875,755.0,54.20536718288481,41.47712425555565
2019-06-30,34.4,27.9,30.5125,71.04166666666667,84,13.0375,17.9,213.74166666666667,690.9,48.7314676745301,41.59088422567101
2019-07-01,33.9,27.7,30.520833333333332,71.08333333333333,83,10.7125,18.7,162.89583333333334,639.3,46.978080746270464,41.09086060449559
2019-07-02,36.2,28.5,31.441666666666666,67.08333333333333,80,10.508333333333333,17.1,215.0583333333333,702.9,53.03982101135554,43.650319229084445
2019-07-03,34.4,27.0,30.120833333333334,74.33333333333333,92,11.283333333333333,17.7,168.57916666666668,587.0,50.55311081886616,40.69794478863116
2019-07-04,31.7,26.4,28.695833333333336,80.70833333333333,93,12.612499999999999,16.3,75.02916666666667,271.5,43.579400777314504,36.96690400375789
2019-07-05,28.5,26.4,27.358333333333334,90.20833333333333,94,12.645833333333334,17.4,63.87083333333334,210.3,35.416463078560355,35.585702381555706
2019-07-06,31.2,25.9,28.016666666666666,83.75,93,13.091666666666667,19.6,87.6375,321.3,42.97153783115951,36.123101467004545
2019-07-07,33.2,26.6,29.416666666666668,75.29166666666667,87,14.095833333333333,20.5,125.8,440.3,46.570970229228436,38.81428645155561
2019-07-08,33.7,26.9,30.254166666666666,71.70833333333333,86,16.545833333333334,21.0,148.54999999999998,543.1,46.59238825447185,40.313296500995506
2019-07-09,36.7,27.4,31.09166666666667,66.5,81,18.608333333333334,24.6,232.45416666666665,736.4,54.55618154648284,42.311286506791134
2019-07-10,37.7,27.3,31.370833333333334,64.20833333333333,80,16.070833333333333,23.2,228.13750000000002,733.9,56.82079219228146,42.061673780284465
2019-07-11,37.3,27.7,31.891666666666666,59.333333333333336,78,18.125,23.0,186.29166666666666,619.1,52.04881017169068,40.829756118337706
2019-07-12,37.7,27.7,31.512500000000003,62.166666666666664,77,20.541666666666668,24.5,203.39583333333334,620.2,55.36967312865405,41.07169827777786
2019-07-13,37.9,27.7,31.804166666666664,60.166666666666664,78,18.770833333333332,22.3,204.41666666666666,594.1,54.7144776159727,41.08531528393784
2019-07-14,37.3,27.5,32.43333333333333,54.208333333333336,74,20.3625,27.8,219.01250000000002,655.8,48.93675233319868,41.23738470599116
2019-07-15,37.6,28.1,32.699999999999996,53.166666666666664,74,22.358333333333334,27.2,211.41666666666666,628.3,49.246765051555855,40.87674244380448
2019-07-16,37.9,28.1,32.012499999999996,57.375,75,19.691666666666666,23.8,197.0375,610.0,52.83254411131724,41.08531528393784
2019-07-17,38.4,28.2,32.37916666666667,56.458333333333336,75,15.445833333333333,20.5,227.84166666666667,691.5,53.93059182765632,41.28000780161784
2019-07-18,37.7,27.7,32.300000000000004,57.666666666666664,86,13.270833333333334,19.1,224.45000000000002,812.9,52.34302525817583,40.12348207507557
2019-07-19,37.1,28.7,32.65416666666667,57.833333333333336,78,7.3125,12.5,239.33333333333334,789.5,50.447832929473485,42.69786050779562
2019-07-20,38.7,29.6,33.15416666666667,57.416666666666664,78,8.966666666666667,19.5,219.46666666666667,731.2,55.6548437939397,44.5606891991912
2019-07-21,39.0,28.3,32.300000000000004,65.95833333333333,88,5.904166666666666,11.5,206.1916666666667,663.9,63.53707786732788,45.34404941491562
2019-07-22,35.8,26.2,30.6375,77.04166666666667,94,6.233333333333333,12.2,249.57083333333333,847.8,58.09340326139027,44.94309587379562
2019-07-23,36.5,27.6,31.629166666666666,72.29166666666667,95,7.491666666666667,15.5,226.13333333333333,781.7,57.7619671474145,43.95939247755561
2019-07-24,36.6,29.0,31.954166666666666,69.70833333333333,84,10.954166666666666,15.3,220.2125,711.4,56.35343111823687,44.2181255150756
2019-07-25,35.3,27.6,31.079166666666666,66.875,83,18.729166666666668,25.5,200.0875,646.2,49.636244225154755,40.99104359883556
2019-07-26,34.9,27.2,30.175,69.0,90,21.52916666666667,29.6,185.20416666666665,603.7,49.41050219689785,40.05757246347558
2019-07-27,33.1,26.9,29.479166666666668,71.66666666666667,85,21.991666666666664,26.8,113.83749999999999,404.1,44.53006312771062,37.716498617864495
2019-07-28,33.0,26.0,28.8125,75.25,92,21.458333333333332,28.5,103.75833333333333,403.2,45.83390980230559,36.876908643555666
2019-07-29,30.5,26.0,27.516666666666666,84.0,94,17.241666666666667,25.6,114.49583333333334,451.1,40.548475406611004,35.769363055697866
2019-07-30,29.1,25.1,26.65416666666667,88.29166666666667,96,17.358333333333334,26.7,88.88333333333333,307.5,36.991583166547315,33.7370596941311
2019-07-31,28.1,25.1,26.308333333333334,92.54166666666667,96,17.504166666666666,23.8,75.87916666666668,323.8,34.538412614209534,33.180091232915615
2019-08-01,26.6,25.3,25.912499999999998,94.25,96,13.883333333333333,16.6,43.60833333333333,169.3,29.954440823701205,29.934338322275728
2019-08-02,29.9,25.4,26.983333333333334,90.33333333333333,96,10.845833333333333,14.6,116.77083333333333,411.9,40.44695381299666,37.05922669041773
2019-08-03,31.5,25.4,27.4875,89.08333333333333,97,10.808333333333332,15.1,98.01666666666667,414.4,46.36788265941722,38.642918039777946
2019-08-04,31.2,26.0,27.620833333333334,86.66666666666667,95,16.095833333333335,20.1,119.92083333333333,438.6,44.12858965863523,37.59868427155554
2019-08-05,31.4,25.6,27.866666666666664,84.83333333333333,95,16.125,22.8,115.66666666666667,471.9,44.1555168714485,37.12206514155554
2019-08-06,31.6,26.6,28.691666666666666,79.45833333333333,86,13.070833333333333,17.5,120.90833333333335,365.1,42.72318621136577,38.17885859513787
2019-08-07,31.9,26.2,28.65416666666667,80.45833333333333,91,13.766666666666666,19.8,163.12916666666666,619.1,44.19964686135265,38.07810072057563
2019-08-08,28.7,26.3,27.183333333333334,88.45833333333333,93,14.133333333333333,18.4,59.44583333333333,235.6,35.69762920141986,34.94537496699549
2019-08-09,27.1,25.8,26.3,93.0,95,19.354166666666668,26.8,67.77083333333333,324.8,31.36340401535134,31.248452936931116
2019-08-10,26.9,25.1,26.016666666666666,89.91666666666667,94,29.691666666666666,38.6,50.85833333333333,207.2,30.443047275859232,30.549829916915428
2019-08-11,31.0,24.7,27.070833333333336,86.20833333333333,93,17.0,23.8,165.22916666666666,587.3,43.17474533049468,37.95713568051559
2019-08-12,31.8,24.6,27.59583333333333,83.83333333333333,95,10.362499999999999,13.2,241.34166666666667,784.7,45.27220400571801,37.78646432010447
2019-08-13,32.1,25.4,28.295833333333334,80.25,94,9.754166666666666,11.9,226.82083333333333,719.7,44.842349016279165,37.61993891131561
2019-08-14,31.0,26.3,27.929166666666664,83.625,96,9.970833333333333,13.0,157.00416666666666,582.3,42.193722283340236,36.77978283745783
2019-08-15,28.5,25.7,26.599999999999998,91.45833333333333,96,12.483333333333334,18.0,74.89166666666667,425.0,35.684451485342635,33.20079605755559
2019-08-16,28.0,25.3,26.212500000000002,92.54166666666667,95,13.520833333333334,15.9,65.64999999999999,218.8,34.20107577114632,32.57096848711117
2019-08-17,30.1,25.0,27.166666666666668,84.375,95,13.3125,17.5,172.82083333333333,654.4,39.28933257519985,35.03743019689787
2019-08-18,30.1,25.0,27.433333333333334,83.29166666666667,95,9.979166666666666,15.9,156.4625,512.8,38.9562021939421,35.53257759593781
2019-08-19,31.2,25.5,28.03333333333333,80.33333333333333,95,8.566666666666666,12.1,223.01666666666668,756.0,41.675049645408656,36.39686013167114
2019-08-20,30.9,25.3,27.90833333333333,84.875,94,8.229166666666666,13.5,192.9958333333333,692.2,42.29437852716744,37.69950468033791
2019-08-21,31.3,25.5,27.666666666666668,83.83333333333333,92,10.183333333333334,17.6,195.00833333333333,700.6,43.37459861880976,38.55408989613127
2019-08-22,31.7,24.5,27.816666666666666,77.58333333333333,93,9.320833333333333,15.6,238.42916666666667,764.8,42.33009729514569,36.1001477517244
2019-08-23,31.3,24.9,27.662499999999998,80.70833333333333,90,8.4375,11.7,234.13750000000002,769.6,42.16155884753519,37.38059095922454
2019-08-24,31.5,25.1,28.275000000000002,77.79166666666667,92,8.345833333333333,13.6,215.2458333333333,646.9,41.739391002613594,37.4165102880712
2019-08-25,31.5,25.8,27.958333333333332,77.875,94,10.883333333333333,17.2,177.9125,581.7,41.770866223000986,36.495057517277935
2019-08-26,28.9,25.7,26.925,86.58333333333333,95,12.0875,15.3,103.09583333333332,338.7,35.92016588197224,33.254532132931104
2019-08-27,29.1,24.8,26.46666666666667,89.04166666666667,96,13.433333333333332,19.9,121.7,606.0,37.18101996434932,32.91427161377768
2019-08-28,29.4,25.4,26.724999999999998,90.70833333333333,96,9.316666666666666,13.1,118.80416666666667,392.8,38.69428105403487,36.3722031758758
2019-08-29,30.3,25.1,27.308333333333334,87.75,96,9.866666666666667,13.4,163.44583333333333,490.2,41.09752821155579,36.30779155053122
2019-08-30,31.4,25.8,28.270833333333332,84.54166666666667,97,8.875,11.5,196.4416666666667,755.8,44.036133589424075,38.45742017681789
2019-08-31,31.2,26.1,28.075,86.45833333333333,95,8.0875,12.8,189.42083333333335,635.2,44.04440687523085,40.47144302092473
2019-09-01,31.8,25.6,27.920833333333334,86.375,96,8.700000000000001,15.5,173.46666666666667,705.3,46.39844589825365,40.18199023361764
2019-09-02,29.3,25.0,26.954166666666666,87.625,97,12.125,18.7,135.15,527.3,37.499012180655875,35.122192110637826
2019-09-03,30.2,25.6,27.46666666666667,89.375,96,7.983333333333333,11.8,151.92499999999998,588.8,41.272681991147024,37.9906273624357
2019-09-04,31.1,25.0,27.008333333333336,90.83333333333333,98,4.6499999999999995,9.1,150.92916666666667,679.5,45.43860374606908,38.49456536306456
2019-09-05,31.7,25.2,27.65416666666667,90.66666666666667,100,4.991666666666666,9.5,158.4333333333333,636.9,47.947827238627006,42.1033245893245
2019-09-06,31.6,25.7,28.1125,88.75,99,4.85,9.5,196.74166666666667,799.2,46.639430761190546,41.15406442743778
2019-09-07,31.7,25.8,28.079166666666666,87.54166666666667,99,7.583333333333333,13.2,175.52916666666667,615.3,46.51350176690332,39.19742693545792
2019-09-08,31.9,26.2,28.195833333333336,87.625,97,6.8,11.3,184.35,750.3,47.385404750670915,40.478285337537734
2019-09-09,29.7,25.8,27.454166666666666,91.29166666666667,98,7.708333333333333,13.0,102.78750000000001,361.3,39.98751695523116,36.49781536603563
2019-09-10,29.0,25.2,26.708333333333332,94.5,99,8.379166666666666,14.5,47.20416666666667,200.7,38.230531211444436,36.103494900444474
2019-09-11,28.5,25.2,26.462500000000002,92.16666666666667,99,9.65,14.5,77.89166666666667,337.9,35.838172174316526,33.38478392127776
2019-09-12,30.3,25.3,27.245833333333334,87.625,97,9.979166666666666,14.1,119.76249999999999,459.4,41.05508394498087,36.57835743531554
2019-09-13,28.0,25.5,26.508333333333336,92.41666666666667,96,11.487499999999999,16.9,57.637499999999996,218.7,34.178449681418186,32.96581608459553
2019-09-14,28.9,25.7,26.8125,92.83333333333333,97,11.174999999999999,16.3,54.17916666666667,216.4,37.42651508410308,34.89243406857565
2019-09-15,29.9,25.7,27.308333333333334,88.0,95,11.7875,19.3,95.4875,421.6,39.7117574296956,35.77256597253118
2019-09-16,31.1,25.4,27.816666666666666,82.33333333333333,95,11.674999999999999,18.3,124.60833333333333,592.1,42.069840112789244,36.96948016347562
2019-09-17,31.8,24.8,28.170833333333334,80.625,95,9.904166666666667,15.1,189.67083333333335,618.4,43.9063139428135,38.46829974935109
2019-09-18,32.4,25.4,28.695833333333336,83.91666666666667,95,9.933333333333334,16.7,224.85416666666666,808.8,47.687223748148625,41.21585400289785
2019-09-19,33.5,26.4,29.379166666666666,78.5,92,9.108333333333333,11.9,237.9125,866.5,49.33286188773611,39.72086129665786
2019-09-20,32.1,26.0,28.133333333333336,85.08333333333333,95,7.929166666666667,13.1,211.275,754.9,47.02494053112001,41.459215903464624
2019-09-21,29.6,25.0,27.041666666666668,88.66666666666667,99,5.341666666666666,9.1,114.74166666666667,514.5,38.833630311618705,35.70892751116451
2019-09-22,31.3,25.6,27.425,88.83333333333333,97,4.616666666666666,11.4,161.64583333333334,744.5,45.42810809143929,39.06695666762446
2019-09-23,30.7,25.2,27.337500000000002,90.20833333333333,99,4.7375,10.1,169.625,741.3,43.53691845165457,40.21876830148463
2019-09-24,31.4,25.1,27.625,87.125,98,5.341666666666666,11.4,187.92499999999998,750.3,45.110240377551946,38.692929311715645
2019-09-25,31.3,25.2,27.6875,86.54166666666667,97,5.9624999999999995,9.8,194.57083333333333,747.4,44.46970646892181,38.81561699499562
2019-09-26,30.5,26.1,27.641666666666666,87.79166666666667,95,8.929166666666667,16.2,171.13333333333333,665.5,41.86244483438198,37.409861516610924
2019-09-27,29.0,24.6,25.825,92.83333333333333,98,10.783333333333333,16.4,101.95,471.8,37.79523108502464,34.52553188755544
2019-09-28,29.4,24.6,26.479166666666668,89.58333333333333,97,10.920833333333334,14.4,130.34166666666667,471.8,38.37887896617575,36.04411320378435
2019-09-29,28.1,24.3,25.645833333333332,91.54166666666667,96,13.229166666666666,17.7,71.5,302.2,34.35089712732491,32.03457891831787
2019-09-30,26.2,24.1,24.95,93.66666666666667,95,21.579166666666666,33.9,65.56666666666666,396.4,28.739948637615814,28.809029146684477
2019-10-01,30.5,24.2,26.5125,88.0,96,16.304166666666667,31.0,156.79166666666666,648.3,41.93661557905547,36.83900785994427
2019-10-02,30.9,24.2,26.695833333333336,86.625,97,7.233333333333333,10.8,182.41666666666666,664.5,42.953083805850056,37.38059095922454
2019-10-03,30.9,24.5,27.47083333333333,83.375,98,6.141666666666667,9.7,222.02916666666667,822.0,41.74231131699327,38.55408989613127
2019-10-04,31.2,24.0,27.333333333333332,83.875,96,6.0125,12.5,222.38333333333333,770.3,43.02017567097934,38.7794773401246
2019-10-05,31.2,24.1,27.045833333333334,81.95833333333333,96,6.125,11.8,218.5,796.5,42.28374515783426,37.52392063260456
2019-10-06,31.4,23.6,27.03333333333333,82.375,97,4.3625,10.8,223.4375,798.3,43.164322254683164,37.48020533643569
2019-10-07,31.7,23.5,27.2,84.08333333333333,99,4.745833333333333,10.7,220.98333333333335,799.3,44.99386298324538,37.432531024071196
2019-10-08,32.3,24.0,27.745833333333334,79.91666666666667,98,6.141666666666667,10.9,230.07500000000002,817.4,45.43420992573969,38.43574750255776
2019-10-09,32.6,24.4,27.945833333333336,78.45833333333333,92,6.504166666666666,10.9,226.74166666666667,814.3,45.87965749353328,38.853988350915586
2019-10-10,32.7,24.3,27.879166666666666,77.5,96,6.720833333333334,10.6,226.4375,805.1,45.80285829362063,37.53769789623125
2019-10-11,33.1,22.3,26.795833333333334,68.79166666666667,85,6.029166666666666,10.8,243.32916666666665,852.4,43.26546103435854,35.423788981235646
2019-10-12,33.2,20.7,26.416666666666668,65.16666666666667,87,7.370833333333334,10.7,246.32083333333333,861.4,42.04744656916476,33.87537836337564
2019-10-13,33.5,20.9,26.65833333333333,65.33333333333333,84,7.320833333333333,10.0,240.84583333333333,842.1,43.00347823567297,35.16503227740458
2019-10-14,33.9,20.9,27.1875,67.875,91,5.7,7.6,234.32083333333333,828.9,45.406029191208155,38.7794773401246
2019-10-15,34.1,22.5,27.866666666666664,63.0,84,7.333333333333333,9.5,226.42083333333335,822.7,43.768351574284594,36.04800052699555
2019-10-16,34.3,22.9,27.900000000000002,62.083333333333336,78,7.908333333333334,11.0,229.70833333333334,825.7,43.947310525823845,40.242547482024555
2019-10-17,33.7,22.5,27.6125,61.25,80,7.783333333333334,10.6,231.29166666666666,823.6,41.86367675401573,37.59868427155554
2019-10-18,33.7,22.9,27.787499999999998,61.25,79,7.629166666666666,10.8,222.4416666666667,813.4,41.86367675401573,35.56852592739568
2019-10-19,33.2,23.6,27.366666666666664,66.33333333333333,85,9.891666666666667,17.1,213.02083333333334,807.3,42.5298777723477,35.768363928337735
2019-10-20,32.1,23.4,27.166666666666668,75.66666666666667,92,8.154166666666667,12.0,205.85,775.9,42.90953163945592,35.84928180411557
2019-10-21,31.8,22.6,26.7625,69.41666666666667,94,9.495833333333334,16.0,172.9958333333333,631.6,39.62297048634724,33.820934725784504
2019-10-22,32.4,22.9,27.104166666666668,64.45833333333333,79,9.841666666666667,13.8,203.52916666666667,750.6,39.53890549069371,35.37382959633797
2019-10-23,32.4,22.8,26.608333333333334,70.91666666666667,94,10.233333333333333,16.6,223.41666666666666,798.9,41.96465154124356,32.86273122291561
2019-10-24,32.7,21.0,25.78333333333333,59.75,87,12.2125,20.0,225.0041666666667,796.9,38.67705541834904,32.06581547033781
2019-10-25,33.0,19.8,25.516666666666666,48.625,68,12.041666666666666,17.4,225.525,806.9,35.90150038124312,31.605780632444482
2019-10-26,32.4,21.6,26.366666666666664,50.166666666666664,62,13.658333333333333,20.5,211.4125,782.7,35.155468483573664,32.905686405484474
2019-10-27,28.8,23.3,25.420833333333334,65.25,83,11.729166666666666,15.5,85.75,352.2,31.499849741199423,31.78498119843565
2019-10-28,31.0,24.3,27.004166666666666,79.375,88,10.270833333333334,13.2,155.96666666666667,647.5,40.65593217311808,36.523480466657894
2019-10-29,30.4,23.8,26.804166666666664,81.0,92,9.920833333333333,13.0,123.94583333333333,448.9,39.23061220780441,34.78981725363565
2019-10-30,32.3,23.8,27.683333333333334,74.5,92,8.529166666666667,11.7,184.8708333333333,727.1,43.096957940460584,36.85742905359111
2019-10-31,32.6,24.2,28.145833333333332,72.04166666666667,85,7.304166666666667,10.4,196.0583333333333,743.3,43.05523733411765,37.62226879305571
2019-11-01,33.4,24.9,28.599999999999998,69.45833333333333,87,9.029166666666667,10.8,195.15833333333333,724.1,44.516496083353246,37.10907787180442
2019-11-02,29.5,24.3,26.204166666666666,81.875,94,7.983333333333333,14.2,115.13333333333334,592.2,36.644663878118934,33.43254907794441
2019-11-03,29.3,23.0,26.02916666666667,82.16666666666667,95,5.004166666666666,7.1,90.32916666666667,390.6,36.11118085438007,33.12197327073792
2019-11-04,31.4,22.9,26.96666666666667,75.375,96,5.279166666666667,8.1,169.85416666666666,667.7,40.52883758409197,33.960099147217846
2019-11-05,31.9,23.1,27.02916666666667,74.45833333333333,93,5.129166666666666,8.7,186.14166666666665,698.5,41.77520983043371,34.419404475937746
2019-11-06,31.3,23.2,26.945833333333336,75.0,91,5.4624999999999995,9.4,180.8708333333333,680.8,40.08555516175111,34.23765755259555
2019-11-07,29.1,23.1,25.675,78.58333333333333,93,5.7749999999999995,13.0,132.29166666666666,632.5,34.70724123803151,31.52585219119787
2019-11-08,31.2,22.9,26.28333333333333,74.125,94,7.379166666666666,13.7,163.37083333333334,613.3,39.4819289904395,32.95208965708449
2019-11-09,30.9,23.0,26.587500000000002,70.41666666666667,83,9.895833333333334,15.0,172.82916666666668,686.4,37.454897846505006,33.479126202515594
2019-11-10,30.9,23.3,26.758333333333336,70.875,85,6.979166666666667,13.9,161.85833333333332,634.6,37.5918086725974,33.73181616279123
2019-11-11,31.8,23.2,26.7,68.25,87,6.920833333333333,10.7,169.9625,679.0,39.22075851004112,33.42440024307559
2019-11-12,32.5,21.1,26.508333333333336,66.58333333333333,97,7.166666666666667,9.4,175.6208333333333,691.0,40.589159528250576,32.840563753111184
2019-11-13,32.1,21.4,27.083333333333332,61.083333333333336,81,6.145833333333333,9.5,181.76666666666665,708.4,37.64613915031129,33.50256595503116
2019-11-14,32.2,21.7,26.84583333333333,59.333333333333336,84,6.1125,8.7,176.22916666666666,702.5,37.33834312299068,32.16675123468443
2019-11-15,31.5,21.2,25.604166666666668,57.25,75,7.591666666666666,14.4,193.36666666666667,719.7,35.197925733586935,31.122465257555607
2019-11-16,31.5,21.0,25.754166666666666,57.875,73,6.941666666666666,10.3,177.73749999999998,680.4,35.361194214389826,31.57756342905557
2019-11-17,32.4,21.4,25.916666666666668,56.708333333333336,70,9.229166666666666,13.6,191.9416666666667,713.9,36.993572577142245,32.211150068871184
2019-11-18,31.2,19.4,24.962500000000002,60.041666666666664,82,7.433333333333334,10.1,183.66666666666666,702.9,35.284997340646605,30.63497851511113
2019-11-19,30.1,18.3,23.991666666666664,57.958333333333336,82,6.316666666666666,11.2,187.86666666666667,722.2,32.61573911003176,29.369448027304443
2019-11-20,30.1,18.6,23.729166666666668,64.16666666666667,84,7.270833333333333,10.3,184.86249999999998,701.1,33.912368437780145,29.92496654820447
2019-11-21,31.8,19.1,24.879166666666666,64.75,81,7.75,11.9,186.2125,699.2,38.06349071064546,32.53183834291561
2019-11-22,31.6,20.4,25.141666666666666,62.875,77,6.033333333333334,8.1,184.4375,691.3,36.98783924220934,32.05373305489783
2019-11-23,31.2,19.5,24.837500000000002,63.083333333333336,87,7.9624999999999995,10.0,175.79166666666666,666.1,36.099994444221316,30.912882311555524
2019-11-24,31.3,20.2,25.008333333333336,62.958333333333336,79,6.9750000000000005,9.8,182.70416666666668,687.5,36.29890964528384,31.626064162157768
2019-11-25,31.4,20.4,25.495833333333334,63.375,83,7.420833333333333,10.1,181.2541666666667,682.6,36.654486773585226,31.9382664289955
2019-11-26,31.1,20.2,25.337500000000002,62.125,80,6.666666666666667,9.2,182.57083333333333,687.8,35.611174640733466,31.348378167197797
2019-11-27,30.2,20.2,24.920833333333334,63.458333333333336,79,7.7875000000000005,12.3,158.525,598.0,33.96717247630439,31.348384778684547
2019-11-28,29.9,20.4,24.495833333333334,64.25,77,9.066666666666666,12.1,167.87083333333334,641.6,33.50716457469912,31.064353931235573
2019-11-29,29.7,19.4,23.974999999999998,64.875,82,9.1875,13.0,181.07916666666665,683.3,33.21959112306652,30.193127305591208
2019-11-30,30.0,19.7,24.2375,67.91666666666667,87,8.866666666666667,13.9,170.8708333333333,648.0,34.54355163638119,30.603570393251175
2019-12-01,29.6,20.5,24.1125,67.58333333333333,82,8.679166666666665,11.6,166.34583333333333,619.6,33.56612334362112,30.06062877267564
2019-12-02,29.7,19.0,23.837500000000002,66.45833333333333,89,13.345833333333333,16.9,178.65833333333333,679.8,33.548107198391605,30.329336484371147
2019-12-03,29.6,20.4,24.25,60.958333333333336,72,14.608333333333334,19.5,177.0625,671.9,32.261603233016245,30.331439622275568
2019-12-04,28.1,20.8,24.170833333333334,56.75,69,13.641666666666666,19.4,123.05416666666666,475.2,29.236813759015703,28.849235670817848
2019-12-05,29.5,21.0,24.570833333333336,56.375,66,12.950000000000001,17.5,134.77916666666667,494.5,31.292397064098047,29.68463245844446
2019-12-06,27.2,20.3,23.3125,46.916666666666664,55,12.804166666666667,15.1,111.25416666666666,534.5,27.41104716743894,26.858671178435525
2019-12-07,27.6,18.0,21.8875,49.791666666666664,65,12.316666666666668,16.6,168.44166666666666,676.7,27.99871633497304,27.154492503875588
2019-12-08,27.6,16.5,21.0125,56.75,66,11.737499999999999,16.8,179.78333333333333,682.0,28.5774097539596,27.45061798129784
2019-12-09,28.5,16.4,21.258333333333333,63.25,81,9.733333333333333,13.7,176.9625,680.2,30.656839628336893,28.541358930444446
2019-12-10,28.4,15.5,21.120833333333334,69.875,89,7.958333333333333,11.3,176.1625,669.3,31.441656784211585,28.61852447943118
2019-12-11,27.6,14.6,20.283333333333335,67.58333333333333,92,6.208333333333333,9.7,178.48333333333335,678.6,29.645910293687923,27.387915910204484
2019-12-12,26.8,14.6,20.370833333333334,68.58333333333333,93,7.354166666666667,18.1,164.825,636.2,28.420188659809313,26.964839231484536
2019-12-13,26.3,17.4,20.916666666666668,75.29166666666667,97,7.841666666666666,10.8,167.64583333333334,619.7,28.007911673130106,26.58911989268448
2019-12-14,25.9,14.5,19.604166666666668,64.16666666666667,91,9.654166666666667,12.4,176.44583333333333,672.2,26.96169443058003,26.07499295045109
2019-12-15,25.5,14.9,19.241666666666667,52.916666666666664,75,12.629166666666668,16.4,175.7125,669.4,26.275540556926288,27.67180175492447
2019-12-16,24.5,13.9,18.599999999999998,51.416666666666664,66,14.262500000000001,17.4,177.84166666666667,675.8,25.625682222898515,29.147633492975572
2019-12-17,24.5,14.0,18.466666666666665,56.75,75,14.6,19.0,178.02083333333334,678.0,25.623760448725776,27.1425883698045
2019-12-18,26.1,14.5,19.366666666666667,64.41666666666667,87,11.15,15.5,172.4416666666667,658.9,27.21091882445385,27.550010160471174
2019-12-19,27.2,15.0,20.045833333333334,74.25,92,8.095833333333333,10.7,173.47916666666666,662.2,29.603085829079475,27.609152215484443
2019-12-20,27.8,15.1,20.779166666666665,72.20833333333333,93,6.458333333333333,8.4,168.8125,653.3,30.55908494121165,28.065666784871116
2019-12-21,28.5,15.5,21.354166666666668,69.95833333333333,94,7.3,11.7,172.40416666666667,656.6,31.6590205613728,28.435827870204573
2019-12-22,28.4,18.0,22.337500000000002,59.208333333333336,78,12.866666666666667,17.2,170.12083333333334,643.6,29.95734905101267,28.525887036515694
2019-12-23,27.8,18.8,22.575,58.75,68,12.174999999999999,17.6,155.45,623.4,29.031889809045612,28.065666784871116
2019-12-24,28.5,18.0,22.391666666666666,64.70833333333333,88,9.958333333333334,13.0,172.3125,657.3,30.86443569959508,28.27911672727775
2019-12-25,26.9,16.4,20.6875,64.25,90,10.016666666666667,12.4,174.97916666666666,669.7,28.25509022034901,26.88649671188442
2019-12-26,25.6,15.0,19.01666666666667,57.25,84,11.2125,15.1,179.86249999999998,681.2,26.46044984159057,28.778413390664483
2019-12-27,24.0,12.5,17.474999999999998,42.458333333333336,61,14.725,20.3,188.48749999999998,713.1,25.34649630187773,32.29673050555552
2019-12-28,24.0,11.5,17.029166666666665,41.625,54,14.416666666666666,19.2,187.60416666666666,708.2,25.333861420288258,34.50865818394445
2019-12-29,24.3,12.6,17.645833333333332,50.25,68,12.441666666666668,18.0,165.3791666666667,682.9,25.523530459272415,32.491879167164434
2019-12-30,25.0,12.8,17.766666666666666,57.708333333333336,71,10.225,14.2,180.09166666666667,685.1,25.975315189564103,31.625841512657765
2019-12-31,25.2,13.4,18.241666666666667,59.833333333333336,73,9.379166666666666,11.7,172.35833333333335,652.6,26.157635211582477,29.100892187571148
2020-01-01,25.5,15.5,19.795833333333334,64.91666666666667,79,10.883333333333333,16.0,157.99583333333334,627.3,26.52448242481523,26.253507341055624
2020-01-02,25.5,15.3,19.958333333333332,66.16666666666667,83,9.908333333333333,13.8,171.2125,665.3,26.54619385572379,26.152351464611115
2020-01-03,24.6,13.1,18.220833333333335,68.25,91,7.8875,10.5,177.07083333333333,670.7,25.5651588794812,25.537256148604463
2020-01-04,24.9,12.9,18.179166666666667,62.5,86,9.887500000000001,12.5,179.1875,676.0,25.90761480674058,26.08674286755565
2020-01-05,25.1,12.8,18.441666666666666,59.458333333333336,86,12.654166666666667,16.6,182.0875,689.5,26.068773826165543,27.493672288017788
2020-01-06,27.2,14.1,19.883333333333333,63.166666666666664,76,10.429166666666665,14.9,177.85,673.3,28.595808464723184,27.235158103857785
2020-01-07,26.8,16.3,21.2375,70.41666666666667,88,7.2,10.1,130.89166666666668,467.9,28.5540501566953,27.345185989635578
2020-01-08,25.4,15.0,19.729166666666668,58.708333333333336,79,12.533333333333333,16.9,181.04999999999998,682.9,26.3160600726917,27.327873885837757
2020-01-09,22.9,11.2,16.587500000000002,49.708333333333336,75,13.9625,19.5,191.6875,719.0,25.05817084020954,31.9675120877511
2020-01-10,23.0,11.5,16.666666666666668,48.416666666666664,64,17.729166666666668,23.2,191.51666666666668,718.2,25.095856665645123,33.9200228050556
2020-01-11,26.3,13.0,19.05,51.875,61,15.158333333333333,19.6,179.02916666666667,675.3,26.88261187707561,31.388912799555573
2020-01-12,29.3,16.3,22.304166666666664,62.125,80,9.975,13.7,179.375,674.4,31.912848939543323,29.443183145484454
2020-01-13,24.7,15.5,19.858333333333334,75.16666666666667,93,10.083333333333334,23.2,108.49166666666667,503.2,25.52777254449701,25.738260880157807
2020-01-14,23.9,12.8,17.95,59.958333333333336,85,9.345833333333333,11.7,185.54999999999998,700.4,25.205857713256833,28.795891211111034
2020-01-15,23.5,10.5,16.633333333333333,55.875,81,9.033333333333333,13.1,190.55416666666667,712.8,25.11085396705645,31.9675120877511
2020-01-16,22.0,10.3,16.033333333333335,62.958333333333336,87,12.883333333333333,16.9,191.27916666666667,715.0,24.238723697164687,30.23056629511116
2020-01-17,23.3,10.8,16.587500000000002,67.79166666666667,95,8.025,11.8,190.6875,715.1,24.476847370041035,27.787166601215603
2020-01-18,24.6,11.0,17.400000000000002,61.958333333333336,89,8.470833333333333,12.6,193.25833333333333,718.3,25.657111889641964,29.36797127631782
2020-01-19,25.4,13.0,18.258333333333333,52.208333333333336,72,12.658333333333333,15.8,193.73333333333335,718.5,26.187119057477602,30.738204102631116
2020-01-20,25.9,12.3,18.141666666666666,56.041666666666664,76,11.079166666666666,16.1,196.34583333333333,730.9,26.691972922983275,29.68444338090456
2020-01-21,26.9,11.8,18.554166666666667,55.791666666666664,76,8.2875,11.1,197.47916666666666,731.0,27.677823655631357,30.6487919765511
2020-01-22,28.4,13.4,19.837500000000002,53.916666666666664,72,9.895833333333334,13.5,197.525,731.1,29.329856067326446,31.172084880764423
2020-01-23,26.8,15.7,20.1875,52.25,71,14.770833333333334,21.4,198.92916666666667,734.3,27.35957593815948,26.806965281751086
2020-01-24,27.6,14.2,19.933333333333334,47.583333333333336,60,11.225,16.1,199.91666666666666,737.5,27.83265529472493,29.551718766417803
2020-01-25,28.2,12.7,19.591666666666665,53.208333333333336,70,6.995833333333334,9.2,192.15,728.3,28.995163516090713,30.299995898895546
2020-01-26,29.3,13.9,20.933333333333334,52.416666666666664,76,6.670833333333333,9.0,198.61666666666667,731.4,30.386329855924846,27.957585732524493
2020-01-27,28.4,14.7,21.033333333333335,58.333333333333336,82,8.845833333333333,16.2,197.73749999999998,731.5,29.84860838627371,27.94961668103121
2020-01-28,25.3,16.3,20.220833333333335,51.541666666666664,70,12.366666666666667,18.8,176.67499999999998,656.2,26.10434827794996,27.55579384477116
2020-01-29,24.5,12.8,17.8,51.25,84,8.716666666666667,11.8,209.10416666666666,763.5,25.625007887836823,30.627531615111113
2020-01-30,25.7,11.9,18.004166666666666,49.666666666666664,68,7.9875,10.3,209.51250000000002,765.6,26.33260162590327,32.56235371227566
2020-01-31,25.6,12.4,18.358333333333334,52.083333333333336,72,8.133333333333333,12.5,209.30416666666667,762.5,26.328536055578173,30.61925052593778
2020-02-01,26.5,12.7,19.308333333333334,34.375,51,13.545833333333334,18.3,216.59583333333333,785.2,26.285843895188407,32.25492785001777
2020-02-02,27.4,14.4,20.287499999999998,39.166666666666664,57,14.841666666666667,20.3,212.23749999999998,769.8,27.120144023525416,29.537591891431198
2020-02-03,27.9,15.4,20.804166666666667,42.833333333333336,52,10.487499999999999,15.6,211.53333333333333,766.7,27.77232441565117,28.481894098275593
2020-02-04,27.7,13.2,19.979166666666668,36.791666666666664,58,8.670833333333333,12.9,219.525,792.4,27.21996881195509,31.323336674915506
2020-02-05,28.1,13.1,19.995833333333334,41.541666666666664,54,9.0875,12.5,218.6875,788.3,27.86227154876006,31.654874718817794
2020-02-06,27.4,14.7,20.420833333333334,36.791666666666664,54,11.0,13.0,219.82083333333333,791.3,26.993206764324768,29.291356444424462
2020-02-07,28.1,14.2,20.466666666666665,38.083333333333336,56,11.620833333333332,13.8,219.45416666666665,790.3,27.62279519740484,29.587954565457792
2020-02-08,26.7,15.4,20.366666666666667,37.875,56,14.941666666666668,20.3,227.3708333333333,818.0,26.555841616446433,28.297305830471075
2020-02-09,27.1,14.7,20.341666666666665,38.333333333333336,61,15.166666666666666,20.0,225.54166666666666,808.7,26.852826420066226,28.711035819795637
2020-02-10,28.5,14.6,20.6375,39.916666666666664,53,12.325000000000001,17.2,224.04166666666666,802.5,28.111208854602197,29.472249350737815
2020-02-11,30.7,15.6,22.545833333333334,50.5,63,9.620833333333334,14.6,220.15416666666667,789.1,32.220724490540675,30.15674898911108
2020-02-12,32.0,18.1,24.34583333333333,48.541666666666664,69,9.554166666666667,15.5,223.8708333333333,800.3,34.02055045830372,30.59818369155558
2020-02-13,32.6,17.5,24.758333333333336,43.916666666666664,71,9.941666666666666,19.8,217.9333333333333,763.0,33.99635882447179,31.04536953633778
2020-02-14,31.8,18.1,24.333333333333332,38.5,61,10.387500000000001,14.2,228.15416666666667,811.5,31.744395907995592,29.87279721940449
2020-02-15,30.7,15.0,22.96666666666667,38.0,59,7.120833333333334,11.6,214.37916666666663,739.4,30.270890017971162,29.062130722995633
2020-02-16,33.3,18.1,25.2625,40.416666666666664,60,10.933333333333332,15.0,228.52916666666667,810.5,34.3569516906293,31.955337089324544
2020-02-17,34.1,19.6,25.741666666666664,27.708333333333332,40,11.383333333333333,16.0,232.3791666666667,822.5,33.03652764181248,31.89655877378449
2020-02-18,33.8,17.4,24.679166666666664,32.916666666666664,44,7.3625,11.9,237.27916666666667,837.8,33.54082035199256,31.595055488604537
2020-02-19,34.1,17.6,25.1125,41.833333333333336,60,6.625,12.8,228.54583333333335,813.5,36.091574046054205,32.55585014092451
2020-02-20,32.4,18.0,24.645833333333332,37.083333333333336,60,8.329166666666667,10.9,242.45000000000002,853.0,32.331662745956024,30.172633293315602
2020-02-21,32.0,17.1,24.045833333333334,40.791666666666664,72,8.070833333333333,14.1,236.9,836.4,32.41986000172962,30.31885131955562
2020-02-22,31.9,18.4,24.3625,29.708333333333332,41,11.854166666666666,18.2,241.34166666666667,846.6,30.67026114111043,29.837447721875563
2020-02-23,32.2,18.0,24.429166666666664,39.5,61,10.237499999999999,14.3,236.8166666666667,837.2,32.475830386057865,30.43976250705779
2020-02-24,31.8,18.0,24.34166666666667,41.458333333333336,69,10.637500000000001,14.2,243.34583333333333,851.4,32.248281312982776,29.904416584835563
2020-02-25,32.0,18.4,24.84166666666667,33.875,52,9.741666666666667,13.1,245.86666666666667,858.5,31.30798866687159,29.978174335111177
2020-02-26,32.5,17.6,25.34166666666667,37.125,56,3.2458333333333336,9.9,244.7875,854.2,32.47850013682735,30.51527986111114
2020-02-27,33.4,17.5,26.170833333333334,36.833333333333336,61,4.941666666666666,8.1,245.85,857.1,33.7332391841773,31.512333135875604
2020-02-28,34.2,18.7,26.474999999999998,37.0,59,6.016666666666667,11.9,232.42916666666667,829.3,35.0210914920356,32.27400569335118
2020-02-29,33.7,20.9,26.854166666666668,35.958333333333336,48,8.841666666666667,13.8,246.54166666666666,859.9,34.00424780453382,31.93780963060446
2020-03-01,33.4,19.2,26.087500000000002,36.375,58,6.729166666666667,10.4,247.13333333333333,866.9,33.63951597236028,31.71400140129783
2020-03-02,33.6,18.9,25.879166666666666,32.5,48,7.8625,12.3,254.90416666666667,882.1,33.184458372215516,31.333946759697785
2020-03-03,33.4,19.7,25.916666666666668,37.25,58,7.375,11.9,253.60416666666666,878.8,33.8198310207878,31.200427012284493
2020-03-04,32.5,20.0,25.349999999999998,41.833333333333336,67,11.887500000000001,15.1,256.6125,886.8,33.38221952642756,30.29949482777781
2020-03-05,29.9,18.6,24.162499999999998,53.625,90,10.674999999999999,18.3,219.58333333333334,865.1,31.485299512008883,28.682839639875606
2020-03-06,29.4,19.1,23.224999999999998,52.666666666666664,92,13.6875,21.3,221.82500000000002,847.2,30.567501837058824,27.957585732524493
2020-03-07,29.4,14.9,22.15416666666667,34.041666666666664,54,5.783333333333334,10.1,265.4375,908.8,28.496401038405086,29.031017704664425
2020-03-08,31.6,16.5,23.675,33.708333333333336,52,8.470833333333333,14.2,266.6333333333333,913.7,30.80074529989143,29.528915224284486
2020-03-09,33.5,19.5,25.508333333333336,31.25,47,13.6,19.8,261.10833333333335,895.1,32.832549780392355,31.52703343711111
2020-03-10,32.3,19.4,24.916666666666668,50.208333333333336,77,14.058333333333332,19.8,261.5,902.0,34.975461945800745,30.461500777004442
2020-03-11,30.0,19.1,24.037499999999998,48.791666666666664,89,15.450000000000001,24.1,202.20000000000002,680.9,30.86228818143324,28.553710244444435
2020-03-12,29.0,15.8,21.916666666666668,36.041666666666664,64,11.129166666666668,15.5,274.4,933.3,28.277779847415903,27.39858090977777
2020-03-13,29.2,16.0,22.245833333333334,42.0,70,8.991666666666667,12.2,264.89166666666665,895.9,29.006682563057893,27.638499821351164
2020-03-14,31.6,16.5,23.59166666666667,26.958333333333332,42,11.35,14.5,276.65833333333336,937.0,30.07748738667144,29.42672712339559
2020-03-15,32.5,18.1,24.579166666666666,25.291666666666668,41,13.799999999999999,18.7,248.4375,841.0,30.866690112849636,30.17796536111114
2020-03-16,34.0,19.5,25.958333333333332,25.0,36,12.583333333333334,19.0,269.5,937.6,32.5211942315556,31.523201039555587
2020-03-17,35.7,19.6,26.925,29.875,41,9.833333333333334,16.2,273.6458333333333,926.2,35.67523195142337,33.72445795767115
2020-03-18,36.8,21.0,28.245833333333334,29.25,43,9.6,14.9,273.25416666666666,922.9,37.21798509967947,34.30277092812449
2020-03-19,36.7,21.6,28.866666666666664,28.083333333333332,43,6.679166666666667,12.0,253.6,928.8,36.75257708527565,34.216299299055585
2020-03-20,33.8,21.7,27.195833333333336,31.791666666666668,49,11.004166666666668,16.6,275.4875,934.7,33.331955915736735,31.595055488604537
2020-03-21,34.4,20.2,26.95,47.916666666666664,73,7.616666666666667,13.6,268.64166666666665,914.0,38.55589093061522,33.6456223570311
2020-03-22,35.2,23.1,28.983333333333334,45.291666666666664,68,7.170833333333333,11.2,244.49583333333337,822.1,39.35951384920628,34.468957811111146
2020-03-23,37.2,23.4,29.929166666666664,39.458333333333336,60,6.454166666666667,11.7,226.49166666666667,896.7,41.42232354710992,35.836716000551114
2020-03-24,37.2,26.4,31.375,33.666666666666664,47,11.104166666666666,16.3,244.14583333333334,844.0,39.258512731038046,36.484585831057785
2020-03-25,36.6,25.6,30.67916666666667,33.583333333333336,42,8.620833333333334,16.5,202.28333333333333,835.6,38.15149312088366,35.87156763091562
2020-03-26,32.3,25.3,28.458333333333332,48.291666666666664,61,10.362499999999999,19.0,139.44166666666666,585.7,34.49894191169749,32.905686405484474
2020-03-27,32.1,20.4,25.266666666666666,59.208333333333336,90,11.154166666666667,18.0,203.51250000000002,818.3,37.067288062980694,30.59818369155558
2020-03-28,33.8,20.1,26.541666666666668,40.416666666666664,64,8.841666666666667,13.0,285.46250000000003,950.2,35.19222634248141,31.942005331235634
2020-03-29,35.5,21.6,27.883333333333336,35.833333333333336,52,9.758333333333333,13.2,287.59999999999997,956.1,36.89656193653866,33.36626928794447
2020-03-30,37.2,21.5,29.287499999999998,33.375,52,8.233333333333333,14.0,287.5416666666667,954.9,39.15948947898487,34.98114772339558
2020-03-31,37.4,21.6,29.05,31.125,49,9.075000000000001,15.2,285.7,949.6,38.77260231381368,35.35915752929781
2020-04-01,36.3,23.4,29.46666666666667,38.333333333333336,62,11.979166666666666,15.5,284.16249999999997,945.3,39.157879789879594,35.253676839757844
2020-04-02,37.0,22.8,29.1875,35.791666666666664,70,8.854166666666666,10.6,290.40416666666664,962.4,39.62254379995292,34.90246276577779
2020-04-03,38.2,23.8,30.433333333333334,27.416666666666668,40,11.054166666666667,17.4,290.76666666666665,962.3,38.93710058190288,35.93921811841779
2020-04-04,38.5,22.6,30.400000000000002,26.625,43,8.970833333333333,14.2,293.34999999999997,967.2,39.17414139699392,36.050980114817776
2020-04-05,38.6,21.9,30.375,26.458333333333332,44,5.479166666666667,10.9,294.84166666666664,971.0,39.28303111743894,36.051460572995595
2020-04-06,38.7,23.0,30.454166666666666,28.208333333333332,41,7.45,10.9,293.22083333333336,964.7,40.04112524594487,36.502040487617805
2020-04-07,38.0,25.3,30.995833333333334,29.666666666666668,48,9.770833333333334,16.3,292.84583333333336,963.5,39.33297705550622,36.12601675418447
2020-04-08,37.8,23.8,30.349999999999998,40.416666666666664,71,10.216666666666667,14.5,274.8125,950.1,43.15659090154797,36.40295370375108
2020-04-09,37.8,24.2,30.620833333333334,38.916666666666664,70,8.5625,13.5,274.55833333333334,949.9,42.49357576617024,36.48747862975111
2020-04-10,39.1,24.9,31.71666666666667,29.583333333333332,51,7.9875,14.9,291.4458333333333,961.9,41.26067787790115,37.26355626977781
2020-04-11,40.9,26.4,33.15,23.0,33,9.541666666666666,13.8,293.5625,965.8,41.80066738228451,38.853639644417825
2020-04-12,41.5,26.9,34.141666666666666,18.541666666666668,28,10.116666666666667,13.8,298.05,974.8,41.02877685728721,38.979027760611174
2020-04-13,41.5,28.2,34.0625,18.916666666666668,27,12.958333333333334,21.5,297.7083333333333,972.6,41.16576436679674,39.13597786899559
2020-04-14,41.3,27.9,34.449999999999996,21.875,35,10.737499999999999,15.3,292.17083333333335,953.1,41.999083589217264,39.46661685361779
2020-04-15,40.5,28.8,33.87916666666667,23.708333333333332,33,13.558333333333332,20.9,268.2375,951.9,41.4217248334932,38.87940838705558
2020-04-16,41.1,26.3,33.09583333333333,27.583333333333332,52,11.791666666666666,19.9,291.9583333333333,926.7,44.148239278245974,39.343218934337784
2020-04-17,40.2,27.6,33.333333333333336,31.041666666666668,51,12.129166666666668,18.1,266.96250000000003,929.5,44.00838452857448,39.351618660035584
2020-04-18,40.3,28.7,33.975,26.416666666666668,41,13.229166666666666,18.3,290.65000000000003,961.6,42.158306535608894,38.62940933689559
2020-04-19,39.2,27.5,33.28333333333333,30.916666666666668,54,13.6,17.9,281.1958333333333,944.1,41.982086105822766,37.61969014778448
2020-04-20,39.2,27.5,33.13333333333333,31.333333333333332,48,13.541666666666666,20.7,297.23333333333335,970.4,42.15484372387368,37.7475874574045
2020-04-21,39.6,26.7,32.987500000000004,34.458333333333336,66,8.879166666666666,13.0,268.49583333333334,892.9,44.37792391843259,38.81400519447116
2020-04-22,40.8,27.2,34.025,32.916666666666664,56,11.133333333333333,14.4,281.5208333333333,931.6,46.21892969898417,39.593469071484456
2020-04-23,41.0,28.2,34.387499999999996,31.708333333333332,55,16.025000000000002,21.8,298.5625,966.0,46.013416694156696,39.68633318489781
2020-04-24,39.8,27.6,33.416666666666664,34.458333333333336,65,18.537499999999998,26.0,294.65,958.8,44.812761472554584,38.803291788035565
2020-04-25,38.9,25.4,31.808333333333334,41.791666666666664,69,13.529166666666667,20.5,269.5125,909.9,46.46902845896274,37.60280972907559
2020-04-26,39.8,26.0,32.30416666666667,41.666666666666664,70,10.670833333333334,15.3,284.0,955.5,48.72189060663513,39.09409730295114
2020-04-27,39.4,26.4,32.270833333333336,41.5,67,9.433333333333334,13.8,288.87916666666666,946.3,47.58230413647561,39.44445854865782
2020-04-28,40.7,26.1,33.62083333333333,34.083333333333336,63,8.579166666666667,12.8,287.0541666666667,963.4,46.62359762620452,39.458195857944524
2020-04-29,41.7,28.4,35.11666666666667,25.666666666666668,44,11.525,17.2,275.77916666666664,912.3,44.36119467937882,40.08488596865782
2020-04-30,42.2,29.6,36.020833333333336,23.041666666666668,35,11.450000000000001,19.6,276.9791666666667,943.9,44.00624691069687,40.758843069057825
2020-05-01,42.2,29.3,36.074999999999996,24.791666666666668,41,13.0375,18.0,289.675,963.1,44.854647104897616,41.03182177049783
2020-05-02,42.2,27.4,34.604166666666664,32.208333333333336,75,15.391666666666666,22.0,303.40833333333336,968.1,48.981261290441324,40.89508985825778
2020-05-03,42.0,27.0,34.354166666666664,38.458333333333336,76,14.341666666666667,19.5,299.87083333333334,954.8,52.57698472197962,41.116246538904505
2020-05-04,41.9,28.1,34.604166666666664,41.583333333333336,73,12.879166666666665,16.7,293.55,952.7,54.53646661022222,42.12213298807111
2020-05-05,41.9,29.0,35.05833333333333,39.208333333333336,70,11.7875,16.9,285.7916666666667,949.6,52.82652382487069,42.62675548588447
2020-05-06,42.1,28.6,34.84583333333333,37.541666666666664,70,10.975,15.3,289.5208333333333,929.3,52.21135046927572,40.90641338283555
2020-05-07,42.2,27.1,34.25416666666667,30.75,54,7.7124999999999995,14.2,305.35833333333335,972.8,48.101980107907885,40.825879447111156
2020-05-08,42.6,27.7,34.49166666666667,37.791666666666664,70,10.895833333333334,16.3,304.3,967.7,53.74913214907445,41.116246538904505
2020-05-09,41.9,27.9,34.483333333333334,40.25,71,9.9375,15.5,299.4583333333333,956.5,53.56582740961241,41.15869824316448
2020-05-10,41.6,27.6,34.395833333333336,37.458333333333336,77,10.762500000000001,14.8,297.55,960.5,50.83409915849691,41.19079702711113
2020-05-11,40.5,27.4,33.675000000000004,40.541666666666664,75,10.666666666666666,14.7,292.0833333333333,955.4,49.898852941486275,40.55357635719784
2020-05-12,40.8,27.5,33.975,43.791666666666664,78,9.637500000000001,14.0,288.5,947.3,52.87345822358171,41.67031114721786
2020-05-13,41.4,29.1,34.94166666666667,39.541666666666664,70,11.070833333333333,14.2,296.42083333333335,939.1,51.68065492053245,42.55523965005118
2020-05-14,41.2,29.4,34.85,35.625,54,9.716666666666667,14.0,287.8208333333333,948.2,48.67897081319491,41.47536550180447
2020-05-15,41.0,29.6,35.25833333333333,32.791666666666664,54,12.629166666666668,17.8,275.5,898.6,46.594531102730755,40.88556108535114
2020-05-16,41.3,30.0,35.34583333333333,33.0,57,14.8375,20.1,279.18333333333334,948.2,47.383980119937824,40.83356178820444
2020-05-17,41.4,29.0,34.958333333333336,31.666666666666668,54,15.779166666666667,20.9,287.6166666666667,955.3,46.86054559243658,40.416172208604486
2020-05-18,40.6,29.0,34.579166666666666,33.083333333333336,55,14.875,21.2,277.62083333333334,907.7,45.866733412205015,40.51705995508448
2020-05-19,41.5,28.0,34.483333333333334,35.041666666666664,66,13.408333333333333,19.0,295.90416666666664,956.3,49.055065101238625,40.58623348459564
2020-05-20,43.5,28.7,35.97083333333333,26.875,57,13.8375,17.7,298.0541666666667,951.3,48.560837691750926,41.495552028017855
2020-05-21,43.3,28.6,35.90833333333333,24.041666666666668,47,12.395833333333334,17.6,309.62916666666666,969.5,46.5035018547657,41.12988935259558
2020-05-22,43.2,28.0,35.62083333333333,24.458333333333332,44,13.924999999999999,20.2,307.5625,961.4,46.546606673571056,40.87715027676445
2020-05-23,42.6,27.4,34.9625,34.958333333333336,70,14.5375,19.1,306.8625,959.4,51.74239039488701,40.63033896876449
2020-05-24,42.9,27.9,35.358333333333334,37.416666666666664,71,15.908333333333333,19.2,306.7,960.5,54.302487614803695,41.25006035106449
2020-05-25,42.7,27.8,35.270833333333336,39.75,70,16.295833333333334,19.5,306.94166666666666,959.5,55.50263578269911,41.74641660409561
2020-05-26,43.1,27.2,34.97083333333333,42.083333333333336,76,16.579166666666666,21.7,306.00416666666666,958.5,58.59543726763637,42.56789092577783
2020-05-27,43.4,27.7,34.725,43.583333333333336,72,16.733333333333334,25.5,301.78333333333336,945.4,60.863725700354024,44.684167337084446
2020-05-28,43.2,29.0,35.03333333333333,41.083333333333336,60,17.76666666666667,23.8,289.2333333333333,939.3,58.07400647957978,44.335942373137854
2020-05-29,42.3,29.0,34.13333333333333,50.041666666666664,70,16.3,23.1,275.7083333333333,939.4,62.787790832446326,42.87395080161783
2020-05-30,40.1,28.2,33.666666666666664,50.916666666666664,71,14.420833333333334,18.9,254.1916666666667,881.7,55.76703163055711,41.863095644444456
2020-05-31,40.7,28.1,34.266666666666666,47.458333333333336,80,11.441666666666668,16.6,279.2375,914.1,55.18113313270037,41.863095644444456
2020-06-01,39.4,29.7,34.4625,46.916666666666664,67,11.454166666666666,16.9,266.74583333333334,807.8,50.82326466048736,42.97145307911118
2020-06-02,39.8,29.5,33.645833333333336,48.333333333333336,70,10.924999999999999,19.5,262.4916666666667,868.6,52.96390667976121,42.3210473419912
2020-06-03,37.5,29.1,33.4375,44.791666666666664,62,9.404166666666667,19.1,225.52916666666667,816.0,44.487332575523276,39.723335421617776
2020-06-04,37.8,27.6,32.516666666666666,49.791666666666664,79,9.141666666666667,23.2,174.38333333333333,598.9,47.899864343096674,39.723335421617776
2020-06-05,37.0,27.9,31.566666666666666,66.08333333333333,83,14.141666666666666,20.8,224.58749999999998,720.7,55.42865090070052,42.466438671555565
2020-06-06,34.7,27.8,30.6875,69.58333333333333,82,14.2125,17.5,223.025,764.5,49.01682065030153,41.95781490699557
2020-06-07,34.7,25.9,29.90833333333333,72.66666666666667,92,13.470833333333333,20.2,240.27916666666667,827.4,50.750912259053656,40.351342206817876
2020-06-08,34.8,26.6,29.025000000000002,78.25,93,12.391666666666666,20.4,206.4125,677.4,54.53249059631064,41.21477343183119
2020-06-09,34.6,25.8,29.787499999999998,75.58333333333333,94,10.049999999999999,16.6,215.92499999999998,680.6,52.06632037031251,42.11602909447109
2020-06-10,35.3,27.5,31.287499999999998,69.58333333333333,87,9.654166666666667,15.6,227.07916666666665,759.7,51.20926990080152,43.10540476642457
2020-06-11,35.7,28.1,31.320833333333336,67.66666666666667,84,7.875,13.6,130.25,476.5,51.54227609998324,41.47712425555565
2020-06-12,37.5,28.7,32.71666666666667,63.625,80,8.870833333333334,12.1,233.4,832.8,55.637668690125835,44.58839399444448
2020-06-13,34.8,26.5,31.075,72.0,95,8.424999999999999,15.6,155.25,599.6,50.74616390732464,42.64919922295124
2020-06-14,35.4,26.1,29.745833333333334,80.08333333333333,96,10.299999999999999,13.0,160.9125,818.0,58.42151197479239,43.829958706115626
2020-06-15,36.0,27.1,30.925,74.79166666666667,95,11.079166666666666,16.8,190.97083333333333,605.7,57.389524035998065,44.53124982177787
2020-06-16,37.1,27.6,31.45,72.29166666666667,91,12.066666666666668,18.2,217.8375,786.5,60.356349165611924,45.53803062027563
2020-06-17,34.3,28.5,30.71666666666667,73.16666666666667,85,14.674999999999999,19.7,158.98333333333332,511.5,49.5209579405668,41.09086060449559
2020-06-18,35.9,27.5,30.78333333333333,71.875,87,15.4375,20.0,222.02083333333334,676.0,54.98340606617343,43.00229427667568
2020-06-19,36.8,27.0,31.183333333333334,69.91666666666667,90,17.920833333333334,22.3,224.39166666666665,646.8,57.31942569969821,42.74834205555558
2020-06-20,36.0,27.4,31.400000000000002,67.33333333333333,85,15.858333333333334,20.8,258.2375,831.1,52.448898458913725,41.77429078807121
2020-06-21,35.9,27.7,30.900000000000002,69.91666666666667,83,15.445833333333333,21.1,239.5583333333333,776.7,53.70496355064443,42.88247931130441
2020-06-22,33.9,28.0,30.474999999999998,70.875,84,14.820833333333333,20.2,226.83333333333334,740.7,46.8734671039599,40.69638615836445
2020-06-23,33.2,27.0,30.075,71.95833333333333,88,13.345833333333333,16.8,128.29999999999998,403.6,44.99770378452483,38.95338184599126
2020-06-24,35.1,28.1,30.933333333333334,71.41666666666667,85,11.841666666666667,15.7,202.16666666666666,730.2,51.544649794295765,43.464001777571156
2020-06-25,34.1,28.2,30.837500000000002,72.875,83,9.708333333333334,16.6,174.4125,529.8,48.621406502354006,41.61962892489571
2020-06-26,36.3,27.8,31.9875,66.58333333333333,90,11.008333333333333,18.9,228.52083333333334,694.6,53.0955370903138,42.31544614444457
2020-06-27,39.0,28.3,33.0,59.416666666666664,83,13.154166666666667,17.2,254.04999999999998,887.9,58.245124675348784,43.833209997635635
2020-06-28,39.0,29.1,33.59583333333333,57.208333333333336,81,13.991666666666667,20.2,260.8333333333333,861.6,56.5827201429761,44.27838292755554
2020-06-29,38.2,30.0,33.02916666666667,62.0,80,10.266666666666667,16.4,216.70833333333334,753.1,57.13814588545787,44.84452242625784
2020-06-30,36.8,28.6,31.625,67.16666666666667,81,6.304166666666667,12.8,198.44583333333333,621.4,55.39483262114408,44.25828781447125
2020-07-01,36.9,27.9,31.6875,65.375,82,11.608333333333334,17.7,236.47916666666666,763.1,54.56310805247063,45.00482059467553
2020-07-02,38.1,27.7,32.112500000000004,62.833333333333336,84,12.275,18.0,242.52916666666667,799.8,57.36761239659202,42.3159787488511
2020-07-03,38.0,28.6,32.3125,64.0,83,11.65,18.0,230.6833333333333,798.8,57.84183062355563,43.88645204844452
2020-07-04,36.3,28.2,31.65416666666667,69.95833333333333,88,8.516666666666667,14.4,205.225,689.3,55.31454330147537,43.90983880858449
2020-07-05,34.9,26.4,29.629166666666666,77.29166666666667,95,14.129166666666668,23.6,198.79166666666666,704.7,54.35093239339748,41.63818628841776
2020-07-06,29.8,25.9,27.441666666666666,89.33333333333333,97,17.379166666666666,21.0,102.16666666666667,306.2,39.75890872956838,36.526349604337696
2020-07-07,31.7,26.6,28.729166666666668,79.25,90,22.604166666666668,29.3,118.65416666666665,556.3,42.9891670801857,38.45742017681789
2020-07-08,31.3,26.6,28.741666666666664,83.70833333333333,92,18.379166666666666,24.1,163.63750000000002,571.6,43.32503722021798,39.778320775751176
2020-07-09,34.0,26.5,29.712500000000002,77.16666666666667,93,15.35,23.5,231.7125,785.3,50.583940660080266,41.17831338780448
2020-07-10,33.9,26.8,29.504166666666666,76.83333333333333,88,16.8125,22.9,230.11249999999998,792.2,50.00423349332833,40.69794478863116
2020-07-11,33.4,26.8,28.8625,80.95833333333333,92,16.0125,21.9,200.8791666666667,698.1,50.250624905770074,40.94211754771564
2020-07-12,31.7,26.3,28.270833333333332,84.16666666666667,93,14.354166666666666,21.7,175.9,543.0,45.02964470263052,38.41561921129552
2020-07-13,32.7,25.8,28.804166666666664,80.33333333333333,93,10.825000000000001,15.9,203.6291666666667,697.0,47.14253408660853,38.45742017681789
2020-07-14,32.4,25.9,28.745833333333334,83.45833333333333,95,5.908333333333334,11.2,158.46666666666667,643.2,47.46638310186634,39.9743129101845
2020-07-15,32.5,27.0,29.308333333333334,82.875,95,6.608333333333333,10.9,155.8125,622.8,47.585850365994034,42.7169619319446
2020-07-16,32.5,26.5,28.670833333333334,87.29166666666667,97,5.804166666666667,11.3,134.65416666666667,486.1,49.79079860752578,41.12656993194465
2020-07-17,33.2,25.5,28.8,82.75,98,9.508333333333333,13.8,218.625,797.1,50.38994253911054,40.51858159279783
2020-07-18,32.7,26.1,29.150000000000002,78.45833333333333,91,14.595833333333333,20.9,228.3791666666667,762.4,46.24975323408022,40.177589223635565
2020-07-19,33.6,26.7,29.799999999999997,76.16666666666667,90,13.075000000000001,15.7,223.60833333333335,739.0,48.49110438623721,39.938020230631125
2020-07-20,34.2,26.9,30.045833333333334,72.08333333333333,86,14.308333333333335,18.1,236.88750000000002,711.5,48.56506463752958,39.5678188930645
2020-07-21,33.4,26.5,29.900000000000002,71.5,86,15.429166666666667,20.3,236.67916666666667,734.2,45.460945415675546,38.7622484503178
2020-07-22,34.8,27.2,30.583333333333332,69.375,84,12.549999999999999,17.9,248.9958333333333,846.0,49.260352061995036,39.88022217177785
2020-07-23,34.3,27.7,30.495833333333334,71.70833333333333,83,10.945833333333333,14.3,235.9,757.6,48.72800885938429,41.35420553955563
2020-07-24,33.3,26.2,29.633333333333336,77.04166666666667,92,8.450000000000001,13.3,219.65,779.9,47.80588421310636,41.0119121635556
2020-07-25,32.5,26.4,28.770833333333332,81.95833333333333,95,7.870833333333334,13.2,181.4125,706.6,47.14469092419241,40.004527761111156
2020-07-26,33.0,25.9,29.020833333333332,78.91666666666667,97,10.0375,15.2,228.66666666666666,766.8,47.6032198826266,40.18428475833564
2020-07-27,34.3,26.4,30.116666666666664,73.41666666666667,91,10.758333333333333,16.9,247.11666666666667,778.6,49.658704722777124,41.35420553955563
2020-07-28,35.1,27.1,30.445833333333336,69.875,84,11.483333333333334,16.9,231.93333333333337,790.5,50.6376371293006,40.675428944444484
2020-07-29,34.1,27.4,30.208333333333332,73.91666666666667,88,10.725,15.7,190.02083333333334,694.9,49.180503189925346,41.61962892489571
2020-07-30,31.2,26.8,27.95,88.91666666666667,96,6.6125,11.9,120.99583333333334,609.8,45.05282344437675,38.45742017681789
2020-07-31,32.4,26.2,29.05,83.08333333333333,98,6.6625000000000005,15.6,195.2875,691.9,47.28673274908205,40.09279065287127
2020-08-01,34.2,26.6,30.079166666666666,76.0,95,8.058333333333334,12.3,242.79999999999998,785.1,50.718077403395576,42.30640259372448
2020-08-02,34.5,27.1,30.55,72.20833333333333,92,8.791666666666666,14.0,253.45416666666665,824.8,49.737675537331135,41.88713076051572
2020-08-03,34.9,27.4,30.258333333333336,74.5,87,11.137500000000001,14.0,227.4125,775.4,52.61800459350064,42.48286297371547
2020-08-04,35.0,27.0,30.733333333333334,74.79166666666667,93,7.316666666666666,15.2,235.88750000000002,745.9,53.200061172550264,43.64160381111125
2020-08-05,35.8,28.4,30.8625,77.33333333333333,95,7.558333333333334,11.0,156.60416666666666,644.9,58.299696458297426,44.46067459852455
2020-08-06,32.5,26.6,28.829166666666666,87.20833333333333,96,9.191666666666666,13.6,143.00833333333333,628.2,49.747979178532574,42.7169619319446
2020-08-07,31.0,26.2,27.71666666666667,89.25,95,13.704166666666666,20.9,131.49583333333334,582.6,44.37468386302784,39.17185738711115
2020-08-08,31.9,25.7,28.004166666666666,85.125,95,14.395833333333334,19.6,182.38750000000002,610.2,46.23825074168904,39.76179563209793
2020-08-09,28.1,26.0,26.837500000000002,92.875,95,11.879166666666668,15.7,74.22916666666667,249.4,34.60142098326082,33.88448716729782
2020-08-10,30.6,26.0,27.641666666666666,88.75,96,8.862499999999999,11.6,93.0125,356.3,42.592856206865434,37.4175633960955
2020-08-11,31.5,26.3,28.083333333333332,87.5,96,10.279166666666667,19.1,195.37916666666663,745.2,45.67470785773625,39.35700334556448
2020-08-12,31.0,25.9,27.1125,90.5,96,15.554166666666667,19.9,107.8875,597.6,44.881875923444454,38.52685535955565
2020-08-13,27.2,25.5,26.125,92.83333333333333,94,17.341666666666665,23.0,44.137499999999996,202.6,31.654505497004575,31.552786918791096
2020-08-14,28.2,25.0,26.15833333333333,93.08333333333333,96,13.3125,17.3,70.275,285.1,34.985596508273915,33.64631438108432
2020-08-15,30.8,25.3,27.079166666666666,91.08333333333333,96,11.941666666666668,15.3,168.61666666666665,772.5,44.2866129900094,38.8930978593956
2020-08-16,28.9,25.7,27.166666666666668,90.75,95,12.9375,15.6,93.95833333333333,332.4,36.91095038476246,35.47103076428452
2020-08-17,30.3,25.9,27.241666666666664,89.95833333333333,95,11.975,15.0,108.04583333333333,604.6,41.8590634820646,37.70637076372449
2020-08-18,29.2,25.5,26.78333333333333,90.75,96,12.779166666666667,15.5,113.38333333333333,492.1,37.978476034066375,35.47103076428452
2020-08-19,29.0,24.8,26.641666666666666,92.29166666666667,97,9.666666666666666,13.4,106.35000000000001,391.7,37.655673689082604,35.86846531155547
2020-08-20,29.3,25.3,26.704166666666666,92.70833333333333,97,8.558333333333334,11.9,96.15416666666665,554.0,38.88559683928045,36.81852130779565
2020-08-21,29.8,25.3,27.1875,90.54166666666667,98,6.6499999999999995,12.4,136.23333333333332,486.4,40.13406141585503,37.2948570951356
2020-08-22,29.7,25.8,27.087500000000002,91.20833333333333,98,11.008333333333333,15.8,108.79583333333333,459.7,39.96186221648338,36.49781536603563
2020-08-23,26.1,25.1,25.599999999999998,94.75,96,19.6375,23.8,22.383333333333336,68.1,28.504615571096892,28.426498570551303
2020-08-24,28.3,25.0,26.204166666666666,91.66666666666667,95,24.125,38.5,92.45833333333333,437.6,35.045454820161076,33.7565344101957
2020-08-25,31.8,25.3,27.679166666666664,81.54166666666667,90,19.358333333333334,30.4,218.45833333333334,791.9,44.2902188165768,38.143696883751076
2020-08-26,31.0,24.6,27.120833333333334,85.04166666666667,94,13.329166666666666,21.9,214.94583333333333,762.6,42.72736886547612,37.59868427155554
2020-08-27,30.4,24.5,26.891666666666666,87.20833333333333,96,11.308333333333332,18.0,205.30416666666667,725.9,41.283454664538475,37.7072665325157
2020-08-28,30.4,24.8,27.0,87.25,96,9.983333333333333,15.0,175.38750000000002,650.0,41.29783598879063,37.4165102880712
2020-08-29,30.4,25.3,26.895833333333332,89.375,97,8.879166666666666,12.7,137.26250000000002,551.1,42.04195973684835,36.84891068979568
2020-08-30,26.7,24.7,25.641666666666666,95.0,97,10.920833333333334,16.1,44.87083333333334,226.9,30.324768875884313,30.413494813517836
2020-08-31,29.3,24.1,26.09166666666667,90.70833333333333,98,14.658333333333333,20.5,148.42083333333332,687.6,38.32922642682087,34.89390768052441
2020-09-01,30.9,24.0,27.125,82.20833333333333,97,10.345833333333333,16.2,216.42499999999998,758.0,41.32092673024245,35.16503227740458
2020-09-02,31.5,24.0,27.633333333333336,82.0,99,5.633333333333333,8.2,231.84166666666667,786.6,43.37876177505563,35.93309569127784
2020-09-03,30.5,25.3,27.608333333333334,86.0,97,4.1499999999999995,7.9,164.77916666666667,717.0,41.23306730594427,37.409861516610924
2020-09-04,32.5,25.2,28.625,81.25,99,5.654166666666666,8.9,246.01250000000002,797.3,46.8076730063369,38.353811838915625
2020-09-05,32.5,25.4,28.925,81.83333333333333,97,5.958333333333333,11.9,242.23749999999998,801.1,47.08497150790916,41.51406052777788
2020-09-06,33.0,25.1,28.958333333333332,78.70833333333333,95,7.266666666666667,11.6,251.78333333333333,817.4,47.50008666467527,38.914234438764574
2020-09-07,32.5,25.8,28.84166666666667,78.45833333333333,92,8.012500000000001,13.7,249.72083333333333,769.5,45.51234517216696,38.94313001527792
2020-09-08,31.9,25.1,28.27916666666667,77.75,93,8.308333333333334,13.6,227.5,730.8,43.077893875029154,37.447634496797896
2020-09-09,32.4,24.6,28.520833333333332,80.375,93,7.145833333333333,9.7,235.6916666666667,740.9,46.01698091419839,39.377280111875685
2020-09-10,33.2,25.8,29.27916666666667,79.08333333333333,97,6.470833333333334,10.2,250.29166666666666,799.6,48.46084876816508,39.05892533409561
2020-09-11,32.4,26.3,28.791666666666668,79.125,95,7.104166666666667,11.5,213.26666666666665,806.6,45.447367877181705,39.02948434908452
2020-09-12,31.0,25.5,27.820833333333336,89.25,97,4.8,10.4,133.48333333333332,556.9,44.37468386302784,39.23061220780441
2020-09-13,31.5,26.3,28.495833333333334,82.58333333333333,96,7.854166666666667,12.8,188.36249999999998,644.1,43.61403150609304,38.972738639055656
2020-09-14,31.3,25.8,28.229166666666668,81.91666666666667,91,8.441666666666666,13.2,179.525,666.7,42.62417911684341,38.7794773401246
2020-09-15,31.9,25.6,28.545833333333334,81.25,93,6.008333333333333,8.9,214.9,721.4,44.53605662849686,38.86094437290459
2020-09-16,31.2,26.3,28.229166666666668,86.20833333333333,93,6.641666666666667,12.6,148.79583333333332,656.6,43.94369950684937,38.7794773401246
2020-09-17,31.6,26.3,28.40833333333333,85.25,94,8.725,14.2,172.54166666666666,682.7,45.10500450630624,40.792349030924484
2020-09-18,31.1,26.4,28.329166666666666,82.66666666666667,95,7.783333333333334,10.2,189.16666666666666,729.7,42.194673536781096,37.33137107881575
2020-09-19,32.4,26.0,28.816666666666666,84.125,98,5.258333333333334,9.7,207.09583333333333,768.1,47.78806694841498,40.77711380177801
2020-09-20,32.5,26.7,28.791666666666668,85.70833333333333,95,7.079166666666667,11.3,183.54999999999998,790.7,48.985231151622905,42.30925652777788
2020-09-21,34.3,25.9,29.833333333333332,79.33333333333333,94,9.658333333333333,13.3,212.4416666666667,789.1,53.07356855469822,44.36873470980462
2020-09-22,34.8,26.8,30.329166666666666,73.5,92,10.625,14.8,226.72083333333333,818.9,51.62293926371786,42.306878657884376
2020-09-23,34.0,27.0,29.620833333333334,79.58333333333333,92,11.033333333333333,16.1,224.61666666666667,862.7,51.96154578682561,43.03167656977783
2020-09-24,33.2,25.9,29.204166666666666,81.41666666666667,97,9.266666666666667,12.5,218.80416666666667,744.1,49.676904764554564,41.57512085523563
2020-09-25,32.3,26.2,28.40833333333333,81.70833333333333,93,9.008333333333333,14.8,202.23333333333335,719.7,46.24953880109483,39.54184864295118
2020-09-26,31.3,25.2,27.46666666666667,76.875,91,10.166666666666666,13.8,184.65,740.7,40.74752453426322,34.7226257703912
2020-09-27,31.1,23.6,26.983333333333334,76.91666666666667,93,6.695833333333333,10.1,209.98749999999998,668.9,40.124532094657575,34.12201264311117
2020-09-28,31.0,22.9,27.116666666666664,79.25,99,6.129166666666666,8.4,217.1291666666667,740.9,40.612137029694495,35.75416966794443
2020-09-29,31.7,23.6,27.5625,74.5,90,6.2124999999999995,10.5,229.67083333333335,757.7,41.154356421660594,36.15703335233783
2020-09-30,31.7,24.5,27.775000000000002,74.25,87,7.0125,11.0,208.64166666666665,714.1,41.06150336243574,36.1001477517244
2020-10-01,33.1,24.8,28.525000000000002,72.70833333333333,86,8.1,12.2,230.63750000000002,799.6,45.00319854982501,37.716498617864495
2020-10-02,34.6,24.8,29.141666666666666,68.0,84,8.245833333333334,12.8,251.92916666666667,867.6,47.813933494684555,38.059598087555614
2020-10-03,34.5,24.5,28.825,67.29166666666667,91,7.979166666666667,11.4,252.80416666666667,873.5,47.10480823368996,38.139577415111034
2020-10-04,34.6,23.7,28.266666666666666,67.29166666666667,88,8.666666666666666,13.2,250.9333333333333,871.4,47.44250358894632,39.26991952877112
2020-10-05,34.2,24.2,28.479166666666668,66.04166666666667,89,9.408333333333333,13.7,236.71666666666667,849.0,45.49639523921985,36.81314932479111
2020-10-06,35.2,24.5,28.733333333333334,61.041666666666664,77,7.645833333333333,10.8,246.86666666666667,863.0,46.17291716135298,42.21559021651561
2020-10-07,36.2,24.8,29.34166666666667,52.5,67,8.283333333333333,11.6,248.09583333333333,860.9,44.8368937179512,40.03243763201788
2020-10-08,35.9,23.1,29.183333333333334,51.791666666666664,73,8.170833333333333,11.6,247.12083333333337,858.7,43.69359361099782,36.752469523537776
2020-10-09,35.9,24.6,29.641666666666666,46.166666666666664,60,9.008333333333335,12.3,241.10833333333335,844.5,41.25494201847339,35.88960324748447
2020-10-10,35.8,23.8,29.6875,48.083333333333336,69,7.341666666666666,9.4,236.14999999999998,840.3,41.809158186774056,38.42407696052456
2020-10-11,35.6,23.0,29.504166666666666,51.291666666666664,76,7.041666666666667,9.8,239.74583333333337,837.2,42.68916261049407,40.83692286935104
2020-10-12,35.4,24.0,29.150000000000002,51.791666666666664,72,6.295833333333333,8.7,237.92083333333332,833.0,42.39635135716917,38.85073410243568
2020-10-13,35.8,23.4,28.991666666666664,49.083333333333336,64,7.391666666666667,9.2,237.09166666666667,829.9,42.232935760762146,36.35504424812448
2020-10-14,35.7,24.6,29.604166666666668,46.541666666666664,61,10.216666666666667,13.6,222.75833333333333,813.7,40.944494163290656,37.056246308675526
2020-10-15,36.1,27.3,31.358333333333334,53.25,70,13.445833333333333,18.8,217.82500000000002,783.3,44.92753277592927,39.749357174097895
2020-10-16,35.3,27.9,31.020833333333332,59.541666666666664,80,12.141666666666666,18.4,202.875,742.8,45.7245808811184,40.99104359883556
2020-10-17,33.3,26.0,29.541666666666668,76.58333333333333,94,5.949999999999999,10.5,196.46666666666667,696.4,47.57523839576751,39.554438450015674
2020-10-18,32.0,26.1,28.5125,84.41666666666667,99,4.5625,7.9,185.28333333333333,657.9,46.31615596493706,40.478285337537734
2020-10-19,32.6,25.7,28.825,81.625,99,4.904166666666667,8.8,186.2541666666667,726.5,47.377264970878095,40.371803548611254
2020-10-20,33.3,26.0,29.2625,77.625,95,6.4624999999999995,11.6,201.29583333333335,721.6,48.10171873236996,40.62683580385787
2020-10-21,33.1,26.1,29.245833333333334,75.16666666666667,92,5.908333333333334,10.0,184.78750000000002,702.2,46.15131884981705,39.72086129665786
2020-10-22,35.0,23.7,29.291666666666668,58.375,94,7.404166666666666,10.6,218.90416666666667,797.0,44.276967544618124,35.26385719363564
2020-10-23,34.7,21.2,27.020833333333332,45.166666666666664,64,6.633333333333333,10.0,234.08333333333334,830.2,38.26299953667492,32.86102967889778
2020-10-24,33.7,19.6,26.258333333333336,47.875,75,7.529166666666666,13.4,220.20833333333334,806.0,37.07698201839095,32.45383173699553
2020-10-25,34.0,21.4,27.45,45.958333333333336,65,6.258333333333333,10.2,187.2125,812.0,37.096313150007376,32.9551934395556
2020-10-26,34.0,21.6,26.879166666666666,46.666666666666664,70,7.920833333333333,13.0,220.2458333333333,792.8,37.313863356987724,32.692075587624494
2020-10-27,33.6,19.7,25.724999999999998,45.166666666666664,65,7.433333333333334,10.2,226.54583333333332,811.9,36.090525847336494,31.937213418097787
2020-10-28,32.9,19.3,25.95,41.666666666666664,57,6.1875,11.1,224.61249999999998,805.8,33.98688666335514,31.491053709164532
2020-10-29,32.7,19.3,25.625,48.166666666666664,69,6.516666666666667,9.8,219.9958333333333,798.8,35.20506895987046,31.51390623927115
2020-10-30,32.6,19.6,25.537499999999998,47.958333333333336,64,7.654166666666666,10.8,218.33333333333334,790.7,34.96542078991469,31.27028686111119
2020-10-31,32.6,19.8,25.354166666666668,42.583333333333336,63,11.783333333333333,18.3,202.17083333333335,729.2,33.70116653947029,30.945327170115597
2020-11-01,32.5,20.6,25.337500000000002,40.333333333333336,53,9.0375,11.9,206.76666666666665,759.4,33.078094963580305,30.747870465277863
2020-11-02,32.7,19.5,25.2625,41.041666666666664,56,9.454166666666667,13.8,208.27083333333334,759.4,33.53163185216472,31.05259206379562
2020-11-03,32.7,19.8,25.3125,43.916666666666664,53,7.675,11.0,215.11249999999998,781.6,34.16450967564965,31.154972367517832
2020-11-04,32.6,17.7,24.5,43.916666666666664,61,7.4375,10.7,216.36249999999998,784.7,33.99635882447179,30.945327170115597
2020-11-05,32.2,17.2,24.383333333333336,53.416666666666664,78,6.2749999999999995,9.2,212.75833333333333,773.6,35.622541635497846,31.044319484551142
2020-11-06,32.3,18.3,25.125,51.375,80,6.695833333333333,10.5,211.22916666666666,769.6,35.27728220969894,31.16019157125108
2020-11-07,32.9,18.9,24.891666666666666,45.666666666666664,60,8.820833333333333,12.4,212.10833333333335,772.7,34.93380086043362,31.169519943997816
2020-11-08,32.8,18.7,24.7375,41.25,54,10.216666666666667,13.4,211.47916666666666,772.7,33.73446051782612,30.972253850204467
2020-11-09,32.3,18.3,24.429166666666664,41.541666666666664,56,8.441666666666666,12.1,210.36249999999998,768.8,33.01208488953001,30.461500777004442
2020-11-10,32.1,17.8,23.8875,43.333333333333336,60,8.8125,12.9,209.33333333333334,766.8,33.06002079701806,30.262332908684478
2020-11-11,31.9,17.7,23.870833333333334,40.375,55,10.416666666666666,13.0,208.96666666666667,765.9,32.200310963310926,29.939483986871167
2020-11-12,31.3,18.7,23.879166666666666,39.75,52,11.033333333333333,14.4,207.76666666666665,762.9,31.269200022099035,29.43828980073558
2020-11-13,32.2,19.3,24.9375,46.458333333333336,61,9.8125,15.8,203.76666666666665,749.9,33.89322920523748,30.940017654264466
2020-11-14,33.2,19.5,25.7,54.5,69,8.700000000000001,12.8,196.42499999999998,730.8,38.10521172342458,33.082027380017834
2020-11-15,33.0,21.7,27.254166666666666,54.416666666666664,77,7.616666666666667,11.4,178.82083333333333,717.8,37.625940336256214,33.57584183329787
2020-11-16,33.0,20.8,26.633333333333336,43.166666666666664,60,8.104166666666666,12.1,197.8708333333333,731.0,34.498264989172974,32.14553855955558
2020-11-17,32.4,19.9,25.458333333333332,48.416666666666664,63,9.5625,12.8,194.775,722.1,34.711918571576774,31.90740263067555
2020-11-18,30.6,19.0,24.03333333333333,57.833333333333336,92,9.141666666666667,15.8,192.525,727.2,33.53003573891513,29.171102530595565
2020-11-19,30.3,17.2,23.116666666666664,51.291666666666664,85,10.125,12.7,198.76250000000002,739.5,31.72227864739726,28.650220916557814
2020-11-20,30.1,18.3,23.316666666666666,49.541666666666664,72,10.783333333333333,13.8,194.08749999999998,722.4,31.12453713867958,28.922239026515587
2020-11-21,29.8,17.4,22.866666666666664,45.333333333333336,67,11.583333333333334,15.6,195.29166666666666,726.6,30.102211669823205,28.568309799751066
2020-11-22,29.8,17.0,22.46666666666667,45.125,57,10.025,15.4,196.0,729.8,30.07502781404527,28.43801690211559
2020-11-23,30.3,16.4,22.71666666666667,48.208333333333336,64,7.658333333333334,10.8,194.20833333333334,723.9,31.20591671734809,29.200702668024455
2020-11-24,30.9,14.9,22.583333333333332,47.541666666666664,77,6.8374999999999995,9.4,194.71666666666667,728.1,31.99447817380538,29.313014454637848
2020-11-25,31.3,16.9,24.287499999999998,46.041666666666664,65,7.125,12.4,169.85416666666666,684.8,32.337607450689205,30.148279019795538
2020-11-26,30.1,19.1,24.604166666666668,53.083333333333336,68,11.783333333333333,17.1,172.35,688.0,31.71462248556049,30.04906739479779
2020-11-27,30.0,19.6,24.09583333333333,50.041666666666664,71,17.974999999999998,23.4,188.17916666666667,706.3,31.055632756664693,28.75228311111112
2020-11-28,29.8,17.4,22.8875,44.583333333333336,66,13.5875,18.7,191.5041666666667,718.7,30.005167538155394,28.272771369795553
2020-11-29,31.2,18.2,24.254166666666666,47.833333333333336,57,11.799999999999999,16.5,179.125,676.3,32.52074187900476,30.615973760284525
2020-11-30,32.5,20.5,26.041666666666668,50.916666666666664,64,8.174999999999999,13.4,177.80416666666667,671.4,35.54774418450053,32.456543105555625
2020-12-01,32.6,19.9,25.329166666666666,54.75,79,8.9125,13.6,182.4958333333333,688.8,36.845355229721186,32.091830523075586
2020-12-02,32.6,18.6,24.795833333333334,47.208333333333336,70,8.708333333333334,12.1,185.07083333333333,698.1,34.777155777236885,30.852121527697793
2020-12-03,32.3,17.2,24.1125,46.583333333333336,66,7.779166666666666,11.7,185.08333333333334,696.3,34.09447057207296,30.821507074124455
2020-12-04,32.4,17.1,24.366666666666664,48.0,74,6.3125,9.5,184.03333333333333,695.5,34.60930852375119,30.82873040433786
2020-12-05,32.2,16.7,24.441666666666666,49.5,77,4.5125,7.7,182.00833333333333,686.6,34.61078351832457,30.927454871591166
2020-12-06,32.8,17.8,24.462500000000002,48.208333333333336,70,7.629166666666666,9.5,182.01250000000002,689.9,35.40447059935065,31.160671886595562
2020-12-07,32.8,17.5,24.400000000000002,48.291666666666664,76,7.3875,10.0,181.44583333333333,687.1,35.42653428129181,31.160671886595562
2020-12-08,32.6,17.6,24.320833333333336,48.791666666666664,72,6.641666666666667,9.7,181.45833333333334,686.3,35.17911447595544,31.04536953633778
2020-12-09,32.5,17.4,24.2625,49.625,78,7.166666666666667,10.7,180.59583333333333,683.5,35.2058948373482,30.83887720555562
2020-12-10,31.2,18.0,24.641666666666666,51.708333333333336,78,9.875,21.3,143.17916666666665,600.3,33.31021424596151,30.144543749724523
2020-12-11,24.2,20.7,21.833333333333332,85.41666666666667,92,6.583333333333333,12.1,60.512499999999996,292.0,24.30703073461474,24.99347296851566
2020-12-12,28.2,17.9,22.354166666666668,75.5,99,6.454166666666667,9.7,166.3125,648.6,31.879731348137877,28.314295815395536
2020-12-13,27.5,16.9,22.21666666666667,62.916666666666664,86,6.320833333333333,10.1,171.60416666666666,676.3,29.01082141713926,27.30524529444453
2020-12-14,27.6,16.5,21.90833333333333,67.5,95,7.4875,11.4,161.32500000000002,626.7,29.636912361104578,27.53341258371556
2020-12-15,27.2,17.1,21.7,65.75,96,8.512500000000001,14.2,171.90833333333333,648.2,28.816148096799438,26.858671178435525
2020-12-16,27.1,16.2,20.8,62.541666666666664,94,11.716666666666667,14.3,176.97083333333333,676.0,28.404557918849854,26.81385117911107
2020-12-17,26.1,15.3,19.587500000000002,55.375,70,12.354166666666666,17.2,181.02916666666667,687.4,26.850070670860916,26.577894941271065
2020-12-18,26.4,13.7,19.008333333333333,59.583333333333336,71,11.483333333333334,16.8,180.275,683.5,27.34228560168933,29.22343743243549
2020-12-19,26.9,14.0,19.5625,53.041666666666664,70,12.166666666666666,17.3,180.75,690.9,27.505493060608494,29.73719579155555
2020-12-20,26.8,13.6,19.325,46.75,64,12.058333333333332,16.7,169.26250000000002,660.6,27.05583964679054,30.10172824188443
2020-12-21,27.6,13.4,19.291666666666668,52.916666666666664,72,9.266666666666667,14.1,184.15833333333333,696.5,28.24819577143011,28.78148375873775
2020-12-22,27.8,12.7,19.454166666666666,54.5,74,7.625,11.1,180.1,683.4,28.622970027124477,29.17182243429108
2020-12-23,28.1,13.2,19.650000000000002,59.25,88,7.266666666666667,10.0,179.07500000000002,678.6,29.512890013682394,27.21684413211561
2020-12-24,28.2,13.5,19.758333333333333,58.458333333333336,89,8.370833333333334,11.3,181.28750000000002,687.0,29.56853548545518,27.19606003639114
2020-12-25,29.7,15.9,21.52916666666667,52.916666666666664,72,12.283333333333333,17.3,179.5625,681.1,31.056097657616363,28.547359538195614
2020-12-26,29.4,16.2,21.933333333333334,57.125,74,7.754166666666666,13.7,177.7875,674.2,31.249290335093647,28.572364773137792
2020-12-27,28.0,15.5,20.620833333333334,49.5,77,10.733333333333334,15.9,182.0625,689.7,28.404704594944484,27.10813352889556
2020-12-28,23.1,10.5,15.904166666666667,33.875,51,10.016666666666667,12.2,192.52916666666667,724.7,24.91996068130557,35.10880741353776
2020-12-29,23.4,11.0,16.241666666666667,36.583333333333336,48,13.233333333333334,17.9,188.50416666666663,712.7,25.068612090428072,34.61413711155553
2020-12-30,24.4,11.5,17.141666666666666,42.916666666666664,52,14.008333333333333,18.7,184.3791666666667,698.6,25.495155213311527,34.26498992794449
2020-12-31,25.8,13.2,18.583333333333332,52.916666666666664,75,13.316666666666668,19.3,178.34583333333333,675.3,26.50621089338513,31.484304781635615
2021-01-01,28.1,15.7,21.162499999999998,62.708333333333336,77,7.9624999999999995,12.1,171.22083333333333,657.1,29.918125815685148,28.295345319031135
2021-01-02,27.1,15.6,20.400000000000002,48.25,64,9.066666666666666,12.4,169.67499999999998,632.2,27.40280489290686,27.098942891075588
2021-01-03,25.6,11.4,18.283333333333335,45.083333333333336,64,7.791666666666667,11.0,180.75416666666663,689.3,26.13273386642119,34.13451037827554
2021-01-04,26.4,12.2,19.433333333333334,54.041666666666664,84,6.2875000000000005,12.2,158.69166666666666,630.1,27.071857096262086,29.38725763459549
2021-01-05,26.2,13.8,19.558333333333334,51.125,68,8.929166666666667,15.5,183.6833333333333,691.8,26.766169472666913,28.84614252060448
2021-01-06,26.3,12.7,18.554166666666667,51.583333333333336,77,9.979166666666666,12.5,189.70833333333334,712.4,26.869820575024814,29.51192214828444
2021-01-07,27.8,14.6,20.608333333333334,63.75,78,9.862499999999999,13.9,167.2,655.9,29.558049345001084,28.152553123084516
2021-01-08,28.2,16.6,22.02916666666667,67.33333333333333,92,9.262500000000001,17.4,156.86249999999998,624.6,30.686307179393534,29.07744332572439
2021-01-09,28.6,16.9,22.270833333333332,71.58333333333333,95,8.5,13.4,159.21666666666667,590.9,32.135818793535535,29.138273683777786
2021-01-10,29.4,17.3,22.670833333333334,74.83333333333333,95,8.512500000000001,10.5,179.0875,677.2,34.66685831494484,30.323315318737905
2021-01-11,29.9,17.6,22.675,72.375,96,8.116666666666667,10.1,181.89166666666665,683.6,35.36774673492563,30.193127305591208
2021-01-12,28.4,16.4,21.320833333333333,66.91666666666667,94,9.9625,14.6,186.7458333333333,698.1,31.000596034249416,28.007127103084443
2021-01-13,27.3,13.8,19.604166666666668,57.666666666666664,84,10.420833333333333,14.5,195.25833333333333,728.0,28.278830020842555,28.617389999057863
2021-01-14,27.2,12.8,19.029166666666665,53.208333333333336,73,9.670833333333333,12.9,195.19583333333333,726.1,27.828562250230263,29.92064094385784
2021-01-15,28.7,14.5,20.525000000000002,56.541666666666664,79,7.479166666666667,11.5,187.30416666666667,696.5,30.068003224845256,28.984696237715614
2021-01-16,29.6,15.3,22.683333333333334,67.16666666666667,93,5.579166666666667,10.6,189.1625,707.9,33.47913626402395,30.651623700497858
2021-01-17,30.9,16.1,23.02916666666667,65.625,96,5.908333333333334,8.9,190.64583333333334,710.1,36.088253148958245,30.270890017971162
2021-01-18,30.4,14.8,22.370833333333334,53.0,85,6.254166666666666,10.9,193.5625,718.4,32.19319335201776,29.301189950364517
2021-01-19,28.9,14.5,21.2,56.791666666666664,87,6.533333333333334,9.5,196.3375,727.8,30.403388650903025,28.109524452737837
2021-01-20,28.9,14.1,21.150000000000002,59.75,84,5.566666666666666,9.5,196.66666666666666,727.9,30.828226486519142,28.03957093897562
2021-01-21,29.3,14.9,21.320833333333333,57.708333333333336,94,8.241666666666667,10.9,199.59583333333333,738.3,31.177339715003605,28.06645886239109
2021-01-22,30.0,12.3,21.608333333333334,51.041666666666664,86,5.316666666666666,10.2,201.82916666666665,743.5,31.215067554349883,28.490867558471166
2021-01-23,28.8,15.2,21.316666666666666,58.583333333333336,90,8.908333333333333,10.5,200.64166666666665,736.4,30.497653543994552,28.133789289831142
2021-01-24,27.5,12.7,19.720833333333335,31.833333333333332,46,8.329166666666667,10.6,206.89583333333334,759.1,26.8245136588349,31.024963701484428
2021-01-25,26.4,13.2,18.520833333333332,36.166666666666664,54,12.179166666666667,18.8,209.475,767.4,26.29618160122987,30.556923606257783
2021-01-26,26.3,12.4,18.058333333333334,42.0,60,11.825000000000001,17.1,211.00833333333333,770.6,26.46629833615781,32.6655546819444
2021-01-27,25.8,12.0,18.083333333333332,41.75,61,12.5,17.6,212.69583333333333,776.8,26.146242409487815,33.25918767955558
2021-01-28,26.9,12.0,18.220833333333335,43.041666666666664,64,11.379166666666668,14.9,213.95833333333334,780.0,26.942340939717724,32.8819562035556
2021-01-29,25.9,12.1,18.108333333333334,41.666666666666664,65,12.825000000000001,18.0,218.3791666666667,795.4,26.202400167088452,32.52149634287112
2021-01-30,26.9,12.3,18.483333333333334,38.75,59,12.5,17.2,218.86666666666667,794.4,26.731204298285608,32.85374965652446
2021-01-31,28.9,11.6,19.2625,40.625,57,10.174999999999999,13.9,216.8375,788.3,28.56074651367065,34.283022257617816
2021-02-01,30.5,13.1,20.9375,42.416666666666664,61,9.204166666666667,12.9,215.8083333333333,781.1,30.609093797731777,31.635064643315534
2021-02-02,31.7,13.5,21.9875,46.041666666666664,76,7.045833333333333,10.0,215.225,778.0,32.970984930868404,29.80980657513561
2021-02-03,31.7,15.2,23.375,34.833333333333336,52,6.675,11.0,212.34166666666667,767.7,31.06962984242609,29.752761407351166
2021-02-04,30.5,15.9,23.320833333333336,36.958333333333336,66,8.233333333333333,16.2,215.1291666666667,776.5,29.91285184300469,28.728487921055564
2021-02-05,28.6,14.8,21.462500000000002,31.958333333333332,51,11.5375,16.6,222.61666666666667,801.6,27.657694192230945,29.217628676017757
2021-02-06,27.5,15.3,20.716666666666665,34.291666666666664,50,14.145833333333334,21.4,226.0583333333333,811.3,26.939973057120454,28.614813896984465
2021-02-07,28.2,14.8,20.849999999999998,39.041666666666664,58,13.158333333333333,18.0,226.875,812.3,27.77381507566479,28.90244234211559
2021-02-08,29.5,14.5,21.183333333333334,40.041666666666664,59,11.545833333333334,15.3,227.28333333333333,813.9,29.134365714275507,29.221636542444497
2021-02-09,31.3,13.7,21.97083333333333,45.666666666666664,70,6.454166666666667,11.7,216.21666666666667,772.8,32.26777534192697,29.387130316151115
2021-02-10,31.8,14.2,22.804166666666664,40.5,72,6.816666666666666,9.8,220.42083333333332,803.5,32.07925763080445,29.671769986257786
2021-02-11,32.2,15.1,23.308333333333334,36.458333333333336,60,8.104166666666666,10.9,214.54166666666666,804.4,31.954221659622633,30.06711921020446
2021-02-12,33.2,16.3,23.90833333333333,41.458333333333336,62,7.758333333333333,12.1,228.2458333333333,811.6,34.43301806334745,31.13911355415112
2021-02-13,33.3,16.3,24.97083333333333,43.833333333333336,80,6.079166666666667,9.7,227.7125,810.4,35.18484963090601,31.31947334335115
2021-02-14,33.0,16.6,25.258333333333336,30.833333333333332,50,6.116666666666667,12.0,231.51666666666665,822.7,32.120739347395116,30.814228140444484
2021-02-15,31.7,17.9,24.775000000000002,38.625,63,9.0375,12.7,220.73333333333335,794.9,31.629241243558177,30.016614937395584
2021-02-16,31.6,17.2,23.90416666666667,41.75,79,8.229166666666666,11.2,231.10416666666666,826.6,32.01007835049282,29.71588889187558
2021-02-17,32.8,16.8,24.241666666666664,31.875,55,8.9625,11.1,238.0583333333333,844.0,32.0229265154615,30.47251621932447
2021-02-18,31.3,17.3,24.333333333333332,37.083333333333336,50,11.704166666666666,20.1,200.48749999999998,822.3,30.88260468970897,30.04029955779565
2021-02-19,32.0,18.3,24.604166666666668,37.916666666666664,70,11.666666666666666,14.8,230.05416666666667,833.5,31.921420506492318,29.999718920975585
2021-02-20,31.7,19.5,24.895833333333332,28.416666666666668,44,13.954166666666666,19.4,243.07083333333333,852.9,30.317319840460428,29.584035501057812
2021-02-21,32.6,18.3,24.8125,30.083333333333332,41,11.870833333333332,16.9,243.63333333333333,853.8,31.52483061317399,30.436458873084476
2021-02-22,34.0,17.9,25.791666666666668,33.333333333333336,52,6.391666666666667,10.2,242.40416666666667,848.5,33.9089707080988,31.874596907555592
2021-02-23,34.6,18.4,26.27916666666667,26.875,39,6.758333333333333,9.7,246.475,860.7,33.542369485303084,32.18301123553778
2021-02-24,34.6,17.3,25.95,32.291666666666664,51,6.095833333333334,10.9,245.0375,855.4,34.5734087219315,32.502682705475586
2021-02-25,34.5,20.0,26.650000000000002,31.416666666666668,62,9.079166666666667,11.1,247.85416666666666,864.5,34.24506005322271,32.15069626705559
2021-02-26,35.1,20.0,27.09166666666667,44.333333333333336,83,8.541666666666666,14.3,246.1875,858.2,38.81052795375513,33.281283001271134
2021-02-27,36.0,21.9,28.233333333333334,40.375,74,11.25,17.1,246.32500000000002,857.0,39.27585295014939,33.794684469777806
2021-02-28,35.6,21.9,28.120833333333334,47.208333333333336,85,8.4375,13.4,242.35,854.8,40.979177762218214,34.33965865089786
2021-03-01,35.0,21.6,27.40416666666667,31.25,66,10.320833333333333,14.0,258.08750000000003,892.5,34.94078889236113,32.45058465555559
2021-03-02,35.3,17.7,26.083333333333332,20.625,36,8.770833333333334,13.2,264.49583333333334,909.8,33.46235153185063,32.599260076895575
2021-03-03,36.1,18.4,26.941666666666666,18.416666666666668,34,8.095833333333333,11.9,266.9125,916.8,34.08262981522747,33.27438825636447
2021-03-04,36.4,17.2,26.858333333333334,23.666666666666668,34,7.645833333333333,10.5,260.8,896.1,35.320694551915025,34.231974311697776
2021-03-05,37.9,20.3,28.683333333333334,29.916666666666668,50,7.283333333333332,10.2,256.45416666666665,882.6,39.24347960803155,35.45681337306443
2021-03-06,37.8,20.7,29.108333333333334,28.75,49,8.4,12.5,259.71666666666664,893.6,38.69717524614553,35.49618252001777
2021-03-07,37.1,21.4,28.474999999999998,30.208333333333332,54,9.674999999999999,14.1,264.1333333333333,906.8,37.97913508065221,34.31056269887113
2021-03-08,36.9,20.5,27.90833333333333,38.625,64,7.175,11.2,260.53333333333336,893.3,40.46616943745056,34.65069602641555
2021-03-09,37.3,22.4,29.3625,27.833333333333332,61,9.041666666666666,14.8,263.4458333333333,901.3,37.61615210338898,34.59692394389114
2021-03-10,36.9,22.6,29.28333333333333,28.458333333333332,56,7.329166666666667,12.0,263.65000000000003,900.1,37.16046066816684,34.41668023441784
2021-03-11,37.0,20.6,28.633333333333336,28.916666666666668,47,7.675,13.1,260.55833333333334,894.7,37.443985300033916,34.90246276577779
2021-03-12,36.1,22.4,28.625,32.5,62,10.929166666666667,19.1,263.1791666666667,904.8,36.97803910334065,33.507294870995594
2021-03-13,36.2,21.1,28.329166666666666,27.333333333333332,50,7.995833333333334,13.0,272.0125,924.0,35.82574160582324,33.60526012371557
2021-03-14,36.8,22.9,29.391666666666666,22.875,38,10.058333333333334,16.0,271.47499999999997,920.7,35.69260795431158,34.19970404691558
2021-03-15,37.3,21.3,29.3125,18.916666666666668,29,9.104166666666666,16.7,273.7625,928.7,35.567318202436745,34.50136487855116
2021-03-16,38.3,22.8,29.929166666666664,20.375,32,9.583333333333334,11.9,274.0416666666667,926.4,37.1403181675131,35.46928082015114
2021-03-17,38.1,23.6,30.6125,19.541666666666668,33,9.345833333333333,13.0,273.50416666666666,926.2,36.6902567134907,35.3943004661312
2021-03-18,37.5,24.2,30.354166666666668,23.375,34,9.308333333333334,14.1,245.42499999999998,872.6,36.75788254880641,35.03213443194446
2021-03-19,36.4,23.0,29.429166666666664,26.791666666666668,41,7.904166666666666,10.6,270.15833333333336,920.6,35.99124554121248,34.10880824851552
2021-03-20,37.0,21.8,29.816666666666666,25.5,42,4.8999999999999995,9.4,271.2,927.6,36.555177702111095,34.52282488873779
2021-03-21,37.8,22.1,29.7375,26.875,57,7.470833333333334,9.8,275.96250000000003,929.4,38.12976649018307,35.38642671721775
2021-03-22,38.2,23.1,30.391666666666666,25.291666666666668,41,7.0249999999999995,10.5,272.54583333333335,928.1,38.29149289607687,35.93921811841779
2021-03-23,37.8,22.5,29.825,25.333333333333332,43,8.829166666666667,14.5,275.50416666666666,936.1,37.69419961637136,35.35010501532445
2021-03-24,38.0,22.7,30.5,22.166666666666668,37,8.716666666666667,19.8,281.2333333333333,934.8,37.16294501245061,35.319136955795585
2021-03-25,37.6,23.9,30.587500000000002,14.166666666666666,25,13.566666666666665,19.9,291.90416666666664,975.4,35.1601793711736,34.48676856067558
2021-03-26,38.2,23.2,30.2,16.791666666666668,25,11.358333333333334,14.6,288.5,961.9,36.256423324867264,35.259807137795555
2021-03-27,40.3,23.0,31.608333333333334,18.75,30,7.7124999999999995,11.9,287.0708333333333,956.6,39.41358727068238,37.47463791935114
2021-03-28,41.2,23.8,32.425000000000004,17.625,25,8.4375,13.7,289.02500000000003,961.5,40.29020926843489,38.17938036099557
2021-03-29,40.4,24.5,32.358333333333334,23.541666666666668,43,10.783333333333333,17.2,290.625,963.4,41.19489552069516,37.67761732349114
2021-03-30,40.7,23.0,31.045833333333334,36.416666666666664,73,12.454166666666666,17.1,290.5708333333333,962.1,47.93182940197745,38.590434535624475
2021-03-31,41.6,25.3,31.945833333333336,44.166666666666664,74,13.020833333333334,24.8,285.325,943.6,55.55924164779588,39.716355026435586
2021-04-01,40.0,23.3,30.991666666666664,25.583333333333332,71,8.65,11.9,305.03749999999997,1004.5,41.30560268082561,36.31306874444447
2021-04-02,40.1,21.7,30.375,36.083333333333336,85,7.704166666666667,9.8,299.3333333333333,988.0,46.32377408489073,36.62955276667559
2021-04-03,40.5,22.9,31.1375,34.541666666666664,74,7.754166666666666,15.0,296.0208333333333,975.6,46.41704209179184,37.20512295276447
2021-04-04,40.6,24.1,31.983333333333334,28.125,48,7.3,10.7,293.69166666666666,968.2,43.446859447667,37.680272145111125
2021-04-05,40.6,25.1,32.333333333333336,36.708333333333336,64,8.9125,13.2,289.09583333333336,953.8,47.85755840998133,39.005072790915584
2021-04-06,41.1,25.7,33.1625,27.458333333333332,58,10.5375,13.8,293.37916666666666,964.8,44.08907547780042,38.9428769564445
2021-04-07,40.4,24.8,32.22083333333333,34.875,78,11.025,15.5,294.95,967.6,46.36810863752825,38.005854233795596
2021-04-08,40.1,25.2,32.387499999999996,27.25,63,8.975,13.6,295.6333333333333,969.5,42.14404616174683,37.26993069647115
2021-04-09,40.0,24.0,31.97083333333333,17.833333333333332,43,7.691666666666666,11.0,302.4291666666667,988.6,38.74330259274691,36.678735377777805
2021-04-10,40.7,23.3,31.895833333333332,12.583333333333334,18,8.483333333333333,13.3,304.4375,994.5,38.24210055227709,37.1493982084356
2021-04-11,41.7,23.6,32.65,13.5,27,9.666666666666666,20.5,305.62916666666666,996.3,39.627601790909466,37.83036073271779
2021-04-12,40.9,25.8,33.35,21.5,43,8.554166666666667,15.5,286.7583333333333,975.8,41.223116087522776,37.891775686611155
2021-04-13,40.2,26.9,33.8375,16.416666666666668,32,13.166666666666666,17.4,270.6958333333333,911.6,38.6151693295036,37.37216843255117
2021-04-14,39.7,26.0,33.05833333333333,16.208333333333332,28,7.7875000000000005,14.2,288.3333333333333,967.3,37.94013455089292,36.863297259351164
2021-04-15,38.5,25.3,32.05416666666667,27.708333333333332,58,10.445833333333333,15.5,286.56666666666666,973.3,39.52954837402323,36.65509077977779
2021-04-16,39.6,24.9,32.145833333333336,37.333333333333336,77,12.9625,17.8,288.65000000000003,971.1,45.81749150598918,37.325794945564446
2021-04-17,39.5,26.3,32.65416666666667,36.333333333333336,79,11.533333333333333,16.7,289.09999999999997,956.7,45.0773319158765,37.30684383073781
2021-04-18,40.2,27.7,33.74166666666667,25.791666666666668,48,9.991666666666667,15.0,271.825,898.7,41.73028780705223,38.01021213372448
2021-04-19,40.7,26.9,33.625,25.125,48,11.0375,15.6,292.575,952.4,42.32598214169062,38.10703140029116
2021-04-20,38.8,26.4,32.225,36.625,72,13.387500000000001,23.9,241.63750000000002,791.4,43.65884943618931,36.81093115699557
2021-04-21,38.8,27.0,32.208333333333336,29.25,56,13.058333333333332,17.4,303.65833333333336,993.7,40.59158798647952,36.10640764919115
2021-04-22,39.6,25.7,32.34166666666667,33.583333333333336,68,8.079166666666667,12.6,301.07916666666665,967.2,43.961733874708656,37.647143237055566
2021-04-23,41.1,25.6,32.645833333333336,38.416666666666664,80,13.291666666666666,21.2,293.6041666666667,974.1,50.14723708559787,38.590434535624475
2021-04-24,39.5,25.7,32.7125,38.25,61,6.829166666666667,21.8,258.8208333333333,925.3,46.06097331822569,39.43263444819558
2021-04-25,41.3,27.4,34.275,26.541666666666668,56,6.8875,9.4,289.1375,947.5,44.03407841928978,38.5120790769511
2021-04-26,41.9,27.9,34.449999999999996,18.208333333333332,38,9.1875,17.2,302.68333333333334,990.0,41.478594744204514,38.639883437164464
2021-04-27,40.8,28.6,34.670833333333334,23.291666666666668,49,11.179166666666667,19.8,249.6833333333333,763.2,41.75214935968443,38.01021213372448
2021-04-28,42.0,28.3,35.016666666666666,22.833333333333332,41,9.216666666666667,15.9,291.23333333333335,964.4,43.56604947704322,39.71291898459559
2021-04-29,41.5,28.1,34.729166666666664,26.125,51,9.491666666666667,13.7,270.50416666666666,926.8,44.209634859438474,40.155998789055616
2021-04-30,41.2,28.1,34.65833333333334,29.416666666666668,63,9.1,15.8,291.81666666666666,956.1,45.24507505303158,39.68633318489781
2021-05-01,40.0,29.1,33.829166666666666,36.125,64,10.833333333333334,20.7,223.125,872.9,46.1141163738715,38.67931599295111
2021-05-02,39.5,28.4,33.425000000000004,33.291666666666664,49,9.629166666666666,22.6,265.24583333333334,913.4,43.61650814912965,38.6748739526111
2021-05-03,39.6,27.6,33.545833333333334,25.166666666666668,39,10.495833333333334,18.5,282.59583333333336,955.9,40.48127842589953,37.5403987915378
2021-05-04,40.1,28.4,33.824999999999996,26.666666666666668,46,11.529166666666667,17.7,293.2625,969.0,41.905962678543965,37.89524489826444
2021-05-05,40.5,27.7,33.74166666666667,31.666666666666668,71,11.158333333333333,14.8,292.0833333333333,951.7,44.929348663876624,38.62940933689559
2021-05-06,41.2,27.6,34.56666666666667,31.541666666666668,61,9.741666666666667,14.4,296.09166666666664,957.7,46.356364681982235,39.768367516995575
2021-05-07,41.2,28.4,34.81666666666667,31.541666666666668,58,10.183333333333334,16.1,280.75,908.0,46.356364681982235,40.19116199523555
2021-05-08,41.4,29.9,35.625,31.416666666666668,55,9.825000000000001,15.2,261.59583333333336,900.6,46.7226993033014,40.715118577777744
2021-05-09,41.4,30.2,35.833333333333336,32.625,52,12.4375,15.8,259.80833333333334,894.7,47.397606305427026,41.422656159271156
2021-05-10,40.4,29.0,34.13333333333333,37.833333333333336,62,12.195833333333333,17.2,292.6458333333333,940.2,48.01600553625216,39.32344949468448
2021-05-11,39.8,26.6,32.916666666666664,46.333333333333336,82,12.612499999999999,17.0,284.06666666666666,957.4,51.628073667695894,39.09409730295114
2021-05-12,40.4,26.9,32.9625,44.291666666666664,75,13.862499999999999,19.8,303.59999999999997,963.5,52.041510770553344,39.03178100609779
2021-05-13,39.7,26.3,32.11666666666667,50.5,78,14.145833333333334,21.0,294.20416666666665,961.4,54.14647099094067,38.8267631736356
2021-05-14,40.3,27.6,33.449999999999996,43.958333333333336,75,9.833333333333334,14.7,289.7916666666667,955.3,51.53093975148738,39.07631835555556
2021-05-15,42.2,27.8,35.24166666666667,35.5,67,7.9375,13.8,294.3958333333333,952.3,51.088046756315585,41.87664238005116
2021-05-16,42.7,29.3,36.47083333333333,31.833333333333332,70,16.025000000000002,26.5,237.41666666666666,841.8,49.91178303960827,43.89046686175115
2021-05-17,37.6,26.8,30.770833333333332,64.45833333333333,85,22.366666666666664,29.7,132.27083333333334,689.8,56.61233928586044,41.676309851751164
2021-05-18,28.1,24.5,26.170833333333334,86.91666666666667,95,34.329166666666666,57.5,28.55,107.3,33.51309328660375,33.00965332533117
2021-05-19,32.5,23.0,26.995833333333334,73.375,90,20.041666666666668,30.1,174.46666666666667,663.6,43.28855919325103,35.44263387673551
2021-05-20,34.6,22.7,28.683333333333334,71.125,88,8.924999999999999,15.5,302.52916666666664,950.3,49.50515776298309,39.88022217177785
2021-05-21,33.5,25.0,28.925,75.0,95,12.891666666666666,16.6,272.90416666666664,890.5,47.51983231711116,39.6887969531112
2021-05-22,33.7,25.5,29.179166666666664,71.58333333333333,87,11.174999999999999,17.7,281.56666666666666,916.8,46.5307610773266,38.396241672764496
2021-05-23,34.3,26.1,29.983333333333334,68.91666666666667,82,9.5375,15.0,259.69166666666666,769.6,47.26043417367384,39.20731744521778
2021-05-24,35.7,26.8,30.9875,67.83333333333333,88,10.304166666666665,17.9,260.87916666666666,826.7,51.64330746611502,43.01605493351783
2021-05-25,37.2,26.6,31.47083333333333,61.625,80,11.479166666666666,13.6,301.03333333333336,942.2,53.1778479121449,41.56105300401783
2021-05-26,37.2,26.2,30.9375,65.41666666666667,88,14.433333333333332,18.0,276.25416666666666,919.0,55.74037171419156,42.49063442545774
2021-05-27,38.0,27.4,31.670833333333334,63.875,86,14.066666666666668,20.5,288.00416666666666,914.8,57.74891500770488,42.531864327111165
2021-05-28,38.7,28.2,32.137499999999996,62.416666666666664,79,13.545833333333334,19.1,292.0208333333333,922.1,59.40278787024902,44.599424573757744
2021-05-29,38.8,28.2,32.483333333333334,59.958333333333336,75,13.762500000000001,18.2,288.4875,886.4,57.89918300764365,44.594619919084515
2021-05-30,38.8,28.2,32.4375,60.875,79,12.4125,20.6,294.40416666666664,912.1,58.59934718220153,43.44717438603564
2021-05-31,38.1,27.8,31.845833333333335,58.708333333333336,75,14.541666666666666,22.0,298.5,946.5,54.425508490316254,42.28470645348452
2021-06-01,38.1,27.3,31.962500000000002,57.333333333333336,75,15.245833333333332,22.8,290.4458333333333,930.4,53.49029964294109,42.315816749075616
2021-06-02,38.1,27.7,32.550000000000004,54.583333333333336,71,10.829166666666666,18.7,299.12083333333334,923.3,51.68812063026603,41.08820973577559
2021-06-03,39.1,27.9,32.854166666666664,55.416666666666664,74,11.066666666666668,17.4,295.33750000000003,928.5,55.62939619534379,41.82503235531559
2021-06-04,38.6,28.6,33.05416666666667,53.875,72,10.012500000000001,17.3,288.19166666666666,924.5,52.86012462226312,41.6872353120178
2021-06-05,38.4,29.0,32.49583333333333,56.791666666666664,77,11.929166666666667,19.1,273.01666666666665,855.6,54.15913200683472,41.28000780161784
2021-06-06,36.6,28.4,32.15416666666667,58.583333333333336,78,10.045833333333333,17.7,234.69583333333333,835.4,49.26594412080951,41.14959698689782
2021-06-07,37.7,29.4,32.487500000000004,60.416666666666664,75,12.941666666666668,20.2,236.23749999999998,766.4,54.16456750030518,42.310902254391145
2021-06-08,39.2,29.2,33.237500000000004,57.125,74,13.858333333333334,20.6,272.3625,856.8,57.24831456003503,43.58830766250448
2021-06-09,38.9,28.9,33.275,55.416666666666664,75,14.766666666666666,21.0,243.79583333333335,732.2,54.93256108491045,42.50679543073787
2021-06-10,38.2,29.3,33.12083333333333,55.875,73,16.650000000000002,23.8,249.04583333333335,840.2,52.85815494415365,42.3159787488511
2021-06-11,38.8,29.0,33.074999999999996,58.375,75,17.583333333333332,24.0,263.47499999999997,875.4,56.714866888629295,42.67058355359782
2021-06-12,40.5,29.7,33.80416666666667,56.291666666666664,75,14.325000000000001,20.0,243.4958333333333,743.0,61.464266382215555,44.19183954219554
2021-06-13,40.1,29.7,33.541666666666664,56.25,76,16.087500000000002,21.7,276.01666666666665,896.8,59.905163203785634,43.78680901851559
2021-06-14,39.4,29.1,33.329166666666666,56.083333333333336,77,15.516666666666666,24.4,244.96666666666667,725.3,57.18995699558362,41.58078392503119
2021-06-15,39.9,29.9,33.395833333333336,54.708333333333336,78,19.662499999999998,27.3,259.9166666666667,846.3,57.943289654739196,42.508554179831194
2021-06-16,38.0,28.8,32.69166666666667,56.458333333333336,70,16.537499999999998,21.0,218.67499999999998,682.3,52.569861606729724,42.10421606355558
2021-06-17,34.6,26.8,30.212500000000002,72.04166666666667,92,12.1625,20.0,209.47083333333333,695.8,50.01750663097592,39.74096589340445
2021-06-18,29.5,25.2,27.0125,88.33333333333333,95,9.4,15.2,83.27499999999999,297.5,38.383916118691296,34.50757450155546
2021-06-19,29.0,24.9,26.379166666666666,91.29166666666667,97,9.2875,14.2,97.77499999999999,438.5,37.40049755156396,35.18258914755547
2021-06-20,29.5,24.6,26.287499999999998,91.33333333333333,97,11.637500000000001,20.9,115.34166666666665,418.3,39.244576152635744,34.798882861875526
2021-06-21,31.0,25.2,27.295833333333334,87.125,96,7.8,14.0,158.4125,582.0,43.531262950507106,37.90283037377779
2021-06-22,31.5,25.8,28.441666666666666,81.29166666666667,93,8.558333333333334,14.9,205.50416666666663,712.9,43.095705626435326,38.00051437755573
2021-06-23,32.4,26.6,29.008333333333336,80.04166666666667,91,9.379166666666666,15.8,191.75833333333333,627.1,45.864069710023706,40.969021895491124
2021-06-24,32.5,26.7,29.212500000000002,74.16666666666667,87,11.495833333333332,16.8,211.98333333333335,745.8,43.62343964864978,37.08214288023129
2021-06-25,33.6,27.0,29.804166666666664,72.75,88,10.520833333333334,15.4,242.875,773.5,46.75619522310606,38.62668990394449
2021-06-26,33.0,26.3,29.695833333333336,70.66666666666667,90,10.216666666666667,15.5,246.04583333333332,738.0,43.75894753343212,38.0092205804447
2021-06-27,34.0,26.6,30.058333333333334,70.25,85,10.941666666666668,16.7,171.6,536.4,46.90581886331953,40.51858159279783
2021-06-28,33.8,27.6,29.979166666666668,72.45833333333333,82,10.816666666666668,15.2,162.39166666666668,624.8,47.31975793742256,40.17662843756451
2021-06-29,34.5,27.3,30.72083333333333,72.04166666666667,89,10.637500000000001,15.4,240.77083333333334,741.8,49.6449899120697,42.032780763564546
2021-06-30,35.5,28.0,30.829166666666666,69.125,83,13.504166666666668,18.8,243.09583333333333,763.9,51.68193397738991,41.468275133555544
2021-07-01,36.7,27.4,30.945833333333336,64.29166666666667,80,15.658333333333333,22.7,234.89166666666665,701.3,53.1029790235852,40.04998502626451
2021-07-02,36.5,27.1,30.90416666666667,63.666666666666664,81,18.079166666666666,22.6,217.50833333333333,724.3,51.98260060224686,40.540961950444526
2021-07-03,35.6,27.0,30.641666666666666,65.16666666666667,81,15.0625,19.5,216.40416666666667,734.9,49.71106127348478,39.03336019249784
2021-07-04,35.5,27.5,30.97083333333333,62.958333333333336,82,11.741666666666667,20.5,242.60416666666666,810.3,48.13784336595383,38.56135818211562
2021-07-05,35.9,27.5,31.25,61.916666666666664,79,10.166666666666666,14.3,259.8583333333333,777.9,48.8809358180963,39.685374183804505
2021-07-06,35.6,27.6,31.59583333333333,59.25,79,11.079166666666666,15.0,270.97499999999997,834.8,46.4878084420262,39.90285805844454
2021-07-07,37.1,27.9,32.00416666666667,58.166666666666664,77,12.683333333333332,16.4,261.47083333333336,793.1,50.650095658762375,41.40125794980445
2021-07-08,37.5,27.5,32.12083333333333,55.875,78,13.779166666666667,17.7,254.23333333333335,848.4,50.555979056618966,39.59099790983107
2021-07-09,35.6,28.1,31.308333333333334,60.541666666666664,78,12.466666666666667,18.9,211.9125,716.5,47.16243173652935,39.32335973969776
2021-07-10,37.8,28.7,32.704166666666666,60.666666666666664,79,10.645833333333334,14.8,235.36249999999998,755.4,54.696827841437944,43.64901192535781
2021-07-11,34.5,27.8,30.441666666666666,75.45833333333333,93,9.279166666666667,13.6,164.0625,587.0,51.593238054159904,42.2729401691112
2021-07-12,33.7,26.6,29.429166666666664,84.375,97,10.799999999999999,17.1,165.88750000000002,795.6,53.47811689134226,42.98917633367119
2021-07-13,34.5,27.3,30.125,77.91666666666667,94,13.083333333333334,20.3,238.92499999999998,826.2,53.05770866933377,43.58648096927777
2021-07-14,33.4,26.8,29.90833333333333,75.66666666666667,91,9.804166666666667,13.7,225.9625,726.2,47.486939984922486,41.33629090369775
2021-07-15,33.4,27.2,29.78333333333333,80.125,93,9.204166666666667,13.1,207.0375,677.1,49.801245210638044,43.861334252284465
2021-07-16,34.5,26.6,29.900000000000002,75.70833333333333,90,13.341666666666667,20.0,215.90833333333333,775.6,51.739771190759626,42.2729401691112
2021-07-17,34.9,26.9,30.483333333333334,72.125,86,12.891666666666666,16.5,216.20000000000002,709.4,51.19931960228051,41.63818628841776
2021-07-18,32.2,27.8,29.708333333333332,77.66666666666667,87,12.875,16.7,147.775,530.3,44.08692440663523,39.89706898323575
2021-07-19,32.7,26.5,29.599999999999998,73.75,92,16.025000000000002,20.2,179.45416666666665,638.2,44.11536231622695,37.86237764179567
2021-07-20,32.4,26.7,29.0625,72.70833333333333,81,17.420833333333334,23.4,125.94583333333333,458.1,42.686671770019316,37.08214288023129
2021-07-21,33.5,26.6,29.941666666666666,72.04166666666667,87,21.162499999999998,27.4,178.6208333333333,617.9,46.061104720215454,40.05826536705553
2021-07-22,34.5,26.7,30.166666666666668,72.70833333333333,92,15.570833333333333,22.3,161.575,528.5,50.01717910202339,40.64307430377789
2021-07-23,32.7,27.3,29.195833333333336,80.0,93,9.674999999999999,15.6,103.2,494.8,46.9820355719178,39.10735497499564
2021-07-24,32.6,26.1,28.587500000000002,85.04166666666667,95,14.220833333333333,22.0,162.79583333333332,763.8,49.06999402166275,40.27966638647122
2021-07-25,27.4,26.1,26.483333333333334,94.08333333333333,95,14.862499999999999,19.4,43.525,265.2,32.45763449236867,32.17110607463101
2021-07-26,29.7,25.5,26.712500000000002,90.29166666666667,97,14.9375,23.0,129.31666666666666,560.3,39.681458304112155,35.986071091724575
2021-07-27,30.0,25.4,27.504166666666666,82.29166666666667,91,17.520833333333332,23.0,124.58749999999999,447.0,38.329101987220454,35.78230485555544
2021-07-28,30.4,26.2,28.083333333333332,78.04166666666667,88,18.808333333333334,25.3,136.88750000000002,526.7,38.3152938677367,36.04588833932453
2021-07-29,30.8,25.9,27.616666666666664,79.79166666666667,88,22.058333333333334,28.1,137.975,457.9,40.14097821234182,35.68311197015103
2021-07-30,32.0,25.8,28.458333333333332,76.125,88,19.474999999999998,28.0,156.79999999999998,554.3,42.76029358070504,37.07428412177793
2021-07-31,29.9,25.9,27.633333333333336,79.83333333333333,86,19.216666666666665,26.1,117.20833333333333,408.0,37.31556515413274,34.75731817779557
2021-08-01,30.8,25.5,27.75,77.79166666666667,91,20.162499999999998,28.4,145.69583333333333,651.9,39.47372090818027,35.421550812035605
2021-08-02,29.6,25.4,27.1875,80.66666666666667,87,15.879166666666668,20.5,60.00416666666667,205.5,36.634939058403944,34.52896775996457
2021-08-03,29.3,25.4,27.537499999999998,78.45833333333333,86,16.587500000000002,21.3,97.07916666666667,405.9,35.227996215813455,33.77395065651566
2021-08-04,31.3,25.7,28.25,77.54166666666667,87,15.495833333333332,23.3,137.88750000000002,438.9,40.987589812800024,36.92881422455121
2021-08-05,32.4,25.1,28.520833333333332,75.95833333333333,90,11.35,19.4,192.98333333333335,631.3,44.050779777205186,36.96948016347562
2021-08-06,31.0,26.0,28.4375,76.25,89,10.041666666666666,13.4,145.725,505.9,39.585636058361075,35.6165008484444
2021-08-07,31.9,26.0,28.416666666666668,76.16666666666667,89,8.041666666666666,13.1,139.36666666666667,510.1,42.44297630382906,37.29978242977783
2021-08-08,32.4,25.9,28.870833333333334,76.16666666666667,93,9.358333333333333,14.8,203.15,650.7,44.14061449383732,37.784797330317744
2021-08-09,33.0,26.6,29.116666666666664,72.79166666666667,86,11.708333333333334,15.7,222.5583333333333,754.4,44.70209321380483,37.4937848124445
2021-08-10,32.7,26.2,28.733333333333334,73.08333333333333,89,12.299999999999999,16.0,231.1291666666667,774.8,43.82557294382559,36.251057508735634
2021-08-11,33.1,25.8,28.8625,71.58333333333333,91,11.204166666666666,16.3,222.8125,710.7,44.49255573986673,36.20331926667557
2021-08-12,32.9,26.2,29.099999999999998,69.75,88,11.366666666666667,15.4,224.0,764.5,43.046581516185746,36.40921988194452
2021-08-13,32.8,26.4,28.991666666666664,70.54166666666667,85,11.674999999999999,15.9,217.2541666666667,736.4,43.06499517654103,36.17019213681781
2021-08-14,33.4,26.2,29.229166666666668,68.29166666666667,84,12.466666666666667,17.2,212.28333333333333,728.8,43.991070296173135,36.51121117495118
2021-08-15,33.5,25.8,29.349999999999998,67.91666666666667,83,10.808333333333332,15.5,215.40833333333333,695.5,44.139835544620865,36.41851291311118
2021-08-16,33.6,26.0,29.416666666666668,70.08333333333333,88,8.15,13.0,220.33333333333334,678.6,45.46549502885821,37.850443735537766
2021-08-17,34.9,26.2,30.349999999999998,65.875,90,9.8625,17.6,271.77500000000003,911.9,47.71017726030843,39.321635323831096
2021-08-18,34.4,27.0,29.65416666666667,65.29166666666667,80,13.166666666666666,17.2,198.06666666666663,617.0,45.77250659152878,38.58431805415117
2021-08-19,32.5,26.0,28.370833333333334,73.54166666666667,94,13.141666666666666,16.9,99.7,300.2,43.358709390222515,35.9167086704178
2021-08-20,33.9,25.7,28.679166666666664,73.5,94,10.825000000000001,15.8,185.025,697.0,48.21730257796284,37.52636408605112
2021-08-21,28.5,25.3,26.820833333333336,84.25,93,8.441666666666666,13.9,75.2875,322.5,34.19666015908685,32.15320358955564
2021-08-22,32.5,25.1,27.920833333333334,79.75,95,9.566666666666666,13.9,178.375,636.4,46.10514826258688,37.94237669444462
2021-08-23,31.8,25.1,28.1125,81.45833333333333,95,10.075000000000001,14.4,215.13750000000002,717.3,44.25510847499737,38.798947692035576
2021-08-24,32.9,26.2,29.079166666666666,73.25,88,12.691666666666668,16.3,213.7875,717.2,44.56983182212914,38.00142272919115
2021-08-25,33.7,26.1,29.083333333333332,69.04166666666667,86,13.325000000000001,16.8,192.44583333333333,615.3,45.30448215217408,36.402575157635624
2021-08-26,33.9,25.3,29.058333333333334,67.5,83,13.975,20.5,196.7458333333333,736.2,45.22772750642949,36.04800052699555
2021-08-27,34.1,24.9,28.9375,68.83333333333333,86,10.658333333333333,15.6,209.94583333333333,645.6,46.53733614093423,37.00362247220458
2021-08-28,33.5,26.9,29.504166666666666,66.5,82,9.116666666666667,15.1,232.88750000000002,738.3,43.510295140402846,36.710817672611114
2021-08-29,33.4,26.1,29.3625,69.375,86,8.945833333333333,13.0,207.67083333333335,773.6,44.47862174773357,38.71232838543117
2021-08-30,33.6,26.5,28.962500000000002,75.79166666666667,95,6.45,11.3,151.87916666666666,710.9,48.29623145459316,38.288086951777764
2021-08-31,30.7,25.3,27.545833333333334,88.54166666666667,97,8.65,13.5,112.71249999999999,410.2,42.905291767711056,38.28217576255117
2021-09-01,29.7,25.4,27.204166666666666,88.91666666666667,99,6.241666666666667,12.0,122.02083333333333,557.3,39.267033795683226,36.49781536603563
2021-09-02,31.2,24.9,27.291666666666668,84.95833333333333,96,14.450000000000001,20.9,172.72916666666666,713.9,43.44526765645854,36.96948016347562
2021-09-03,30.4,25.6,27.645833333333332,83.125,93,15.633333333333333,22.1,199.70000000000002,713.1,39.91314242970935,37.9906273624357
2021-09-04,31.8,25.4,28.21666666666667,78.0,89,12.8375,15.1,209.64583333333334,677.5,42.83505014913775,36.71771152755559
2021-09-05,31.1,25.6,27.691666666666666,81.66666666666667,91,6.995833333333334,10.8,109.54166666666667,521.8,41.821954886140254,36.11856741177567
2021-09-06,31.9,25.8,28.46666666666667,84.29166666666667,93,5.8500000000000005,11.3,186.17499999999998,692.6,45.86440014759003,39.41276758098467
2021-09-07,32.5,26.6,29.245833333333334,83.95833333333333,93,7.3125,13.0,172.71666666666667,622.4,48.114520407294194,41.908289393055696
2021-09-08,32.9,25.5,28.429166666666664,87.54166666666667,97,6.075,11.2,187.34583333333333,790.5,51.69640830368084,41.91102597387572
2021-09-09,28.5,25.5,26.5125,92.79166666666667,98,10.4,16.4,94.8,462.7,35.974925828620506,33.76080746505568
2021-09-10,28.7,24.9,26.666666666666668,88.20833333333333,96,11.600000000000001,16.7,106.58333333333333,326.3,35.64209003264617,33.65042868513787
2021-09-11,28.7,24.9,26.070833333333336,92.29166666666667,97,9.504166666666666,13.3,89.77083333333333,337.9,36.57185457478028,33.5285564334378
2021-09-12,27.5,24.8,25.604166666666668,95.0,98,10.791666666666666,20.0,69.71666666666667,346.6,32.92205049444451,31.655260231944403
2021-09-13,30.4,24.7,27.05,90.625,99,6.491666666666666,13.2,144.05416666666667,512.7,42.489462089859316,37.7072665325157
2021-09-14,30.9,25.4,27.7,89.5,98,7.041666666666667,15.1,166.5,564.7,44.06943880670063,39.228234876637885
2021-09-15,30.8,25.2,27.445833333333336,86.70833333333333,96,10.529166666666667,15.7,192.9416666666667,709.7,42.604074789113355,39.21517049932442
2021-09-16,30.2,25.3,27.170833333333334,87.125,95,9.554166666666667,17.6,163.60833333333332,607.3,40.520379073087184,37.13056213779554
2021-09-17,28.2,25.1,26.125,92.70833333333333,98,12.616666666666667,17.7,96.40833333333335,476.4,34.91171334118922,34.57935047379553
2021-09-18,30.4,24.9,27.070833333333336,88.45833333333333,98,8.975,13.9,149.15,687.9,41.71839676907922,37.13039167383119
2021-09-19,30.7,24.8,26.895833333333332,90.375,97,9.637500000000001,14.5,143.56666666666666,693.2,43.60083608520063,39.553471094835636
2021-09-20,30.0,25.3,26.825,90.75,97,8.629166666666666,14.7,149.74166666666667,544.1,40.96504908298609,37.10739057777772
2021-09-21,29.7,24.5,26.141666666666666,91.95833333333333,98,7.258333333333333,13.7,116.94166666666666,464.9,40.193735709135325,36.49781536603563
2021-09-22,30.4,24.9,27.058333333333334,86.25,96,9.045833333333333,13.3,196.625,709.0,40.95490640454625,35.769363055697866
2021-09-23,29.0,24.6,26.079166666666666,91.66666666666667,98,9.237499999999999,18.2,110.71666666666665,446.2,37.49581335698764,33.897293531555505
2021-09-24,30.0,24.7,27.1375,88.54166666666667,98,6.720833333333334,13.8,191.04999999999998,696.2,40.24765236337771,38.24360535555557
2021-09-25,29.5,24.8,26.954166666666666,89.29166666666667,99,6.1499999999999995,9.9,150.61666666666667,519.1,38.65521185770148,35.43451908244443
2021-09-26,29.9,25.0,26.870833333333334,89.83333333333333,97,6.658333333333332,10.4,154.68333333333334,521.7,40.28751965532551,37.08653635627564
2021-09-27,29.6,24.6,26.366666666666664,89.41666666666667,98,4.8999999999999995,7.7,117.575,557.9,39.05229450571597,35.197205917055406
2021-09-28,31.7,24.8,27.712500000000002,88.33333333333333,99,7.091666666666666,14.5,176.775,772.0,46.87137291159823,41.719278214895525
2021-09-29,28.7,25.1,26.53333333333333,88.70833333333333,95,21.133333333333333,35.6,81.85416666666667,411.1,35.75334904727391,33.33771711892448
2021-09-30,30.1,25.1,27.079166666666666,85.75,94,16.466666666666665,23.9,160.50833333333333,671.7,39.71947408010691,36.846262757615605
2021-10-01,31.3,24.6,27.691666666666666,85.79166666666667,98,6.533333333333334,10.0,210.1833333333333,724.1,44.16237325318781,39.21517049932442
2021-10-02,32.1,24.4,28.087500000000002,82.91666666666667,99,4.504166666666666,6.4,224.8166666666667,774.6,46.02821316055858,38.07810072057563
2021-10-03,31.9,25.8,28.520833333333332,79.58333333333333,90,6.508333333333334,9.9,220.39166666666668,790.6,43.83230592944195,37.825139095235485
2021-10-04,31.9,25.1,28.162499999999998,77.95833333333333,90,7.391666666666667,10.8,222.15416666666667,765.9,43.162582427116945,37.326090097475586
2021-10-05,32.4,25.1,28.295833333333334,79.75,95,6.8875,10.2,220.08333333333334,771.1,45.73087758479061,38.107001950995496
2021-10-06,33.4,25.9,29.3625,74.875,91,7.358333333333333,11.6,224.125,789.9,47.09182224095805,41.03352574707564
2021-10-07,33.8,25.8,29.72083333333333,80.45833333333333,94,5.25,8.2,219.67916666666667,789.9,51.63015275115899,43.45973437295109
2021-10-08,33.2,26.6,29.3875,82.54166666666667,97,4.591666666666667,9.9,200.5625,773.9,50.2776603351467,42.50800596027555
2021-10-09,32.1,25.9,28.554166666666664,84.29166666666667,96,5.658333333333334,8.7,199.4375,706.1,46.65729936383587,40.704078368415566
2021-10-10,31.3,25.3,28.212500000000002,85.375,98,4.9125000000000005,6.1,180.98333333333335,685.8,43.99298047670345,39.74047668909108
2021-10-11,32.2,25.2,28.495833333333334,82.875,98,5.3374999999999995,7.7,210.96666666666667,734.2,46.39907384153886,40.40927367955577
2021-10-12,32.9,25.0,28.537499999999998,79.41666666666667,96,6.558333333333334,13.0,217.7458333333333,755.3,47.466203978365066,39.26387408543789
2021-10-13,34.5,23.9,28.833333333333332,69.16666666666667,95,6.916666666666667,11.0,221.40833333333333,827.9,48.08411585561276,42.08295421682439
2021-10-14,34.8,24.7,29.008333333333336,58.583333333333336,75,8.200000000000001,11.6,226.52499999999998,829.8,43.801133968194705,35.93861748935116
2021-10-15,34.5,23.1,27.829166666666666,51.916666666666664,78,7.3125,10.6,239.67499999999998,843.9,40.2255528049078,33.285526447111096
2021-10-16,34.3,19.8,26.454166666666666,50.958333333333336,71,7.083333333333333,10.2,241.6,849.9,39.401329892777035,32.61451366180447
2021-10-17,33.3,21.6,27.71666666666667,56.0,80,7.104166666666667,11.2,211.125,754.1,38.846038964051104,35.372995112444535
2021-10-18,34.4,21.4,26.795833333333334,51.708333333333336,88,9.625,20.7,239.3083333333333,844.7,39.90967667213465,32.742842929357856
2021-10-19,34.0,22.0,26.825,51.416666666666664,74,12.858333333333334,16.6,235.6,834.5,38.87903101682564,33.152375537971174
2021-10-20,33.5,20.9,26.741666666666664,61.0,95,6.145833333333333,9.4,230.5041666666667,818.3,41.21296880155561,32.9599053739445
2021-10-21,33.3,20.8,26.966666666666665,53.25,78,5.979166666666667,9.7,229.09166666666667,813.2,37.92111703113915,32.76280817377556
2021-10-22,32.1,22.3,26.641666666666666,55.875,74,7.6499999999999995,11.5,228.58333333333334,815.1,36.093280393876476,31.74866802570449
2021-10-23,32.0,21.5,26.804166666666664,59.625,84,9.408333333333333,15.6,218.4416666666667,776.8,36.96136824978833,32.10317871911119
2021-10-24,31.5,23.1,27.116666666666664,63.291666666666664,89,6.870833333333334,10.2,209.8708333333333,758.6,36.870206105852134,31.82020934705794
2021-10-25,31.4,22.4,26.77916666666667,63.666666666666664,83,5.8875,10.6,195.91666666666666,723.9,36.73901498936701,33.08361627987563
2021-10-26,33.3,22.3,27.662499999999998,54.041666666666664,84,6.5125,13.7,204.78333333333333,725.2,38.18155166350877,32.692075587624494
2021-10-27,33.4,22.4,27.3875,51.291666666666664,76,9.0875,13.7,207.91666666666666,733.2,37.511397528696115,32.82544248716447
2021-10-28,33.4,22.1,26.483333333333334,41.25,60,10.970833333333333,14.7,221.39166666666665,794.7,34.718415590921104,31.60114046899558
2021-10-29,32.5,19.7,25.295833333333334,40.166666666666664,56,10.5,13.6,222.04166666666666,799.8,33.04523921624232,30.663601994444505
2021-10-30,32.2,19.4,24.733333333333334,42.541666666666664,58,10.779166666666667,16.5,224.5041666666667,811.8,33.057039228433055,30.3615501742045
2021-10-31,33.0,18.2,24.616666666666664,41.041666666666664,58,9.225,11.4,224.61249999999998,809.8,34.010214276341856,30.93952493511112
2021-11-01,32.9,17.4,24.65416666666667,46.208333333333336,71,7.7375,9.9,219.67499999999998,793.7,35.07080048169491,31.169519943997816
2021-11-02,32.9,18.6,25.204166666666666,42.416666666666664,61,10.6625,14.8,218.2541666666667,789.7,34.15574189215191,31.0766044766845
2021-11-03,32.8,19.3,25.02916666666667,43.666666666666664,60,10.845833333333333,13.8,216.1875,783.6,34.27586687737874,30.972253850204467
2021-11-04,32.6,19.4,24.941666666666666,41.416666666666664,58,11.2125,15.6,214.85,780.6,33.45284351230876,30.76575260908449
2021-11-05,32.8,19.2,25.025000000000002,39.875,54,10.941666666666668,15.5,211.44583333333333,779.7,33.44475291604816,30.972253850204467
2021-11-06,31.4,19.2,24.541666666666668,38.25,48,12.141666666666666,17.4,182.32083333333333,688.9,31.175675844714483,29.877663600764468
2021-11-07,32.2,18.2,24.420833333333334,38.791666666666664,51,11.4375,14.4,212.20000000000002,766.6,32.34903622492191,30.3615501742045
2021-11-08,32.7,19.3,25.995833333333334,37.583333333333336,55,12.5375,18.4,203.42916666666667,756.6,32.84629229948633,30.787061361935613
2021-11-09,33.1,20.3,25.683333333333334,37.166666666666664,50,11.558333333333332,16.3,206.11249999999998,755.6,33.35186168506007,31.1145179388711
2021-11-10,32.7,18.3,24.570833333333336,38.291666666666664,51,11.045833333333334,14.7,206.50833333333333,758.7,32.9799086162221,30.787061361935613
2021-11-11,32.1,18.1,24.025000000000002,38.708333333333336,56,11.637500000000001,17.4,205.66666666666666,758.8,32.19324798550456,30.071564957971116
2021-11-12,31.7,17.9,23.983333333333334,37.833333333333336,50,12.808333333333332,19.8,205.8083333333333,761.9,31.505339049337206,29.80980657513561
2021-11-13,31.6,18.5,24.116666666666664,38.25,52,13.5,20.8,205.68333333333337,754.9,31.437275109039465,29.660376876071137
2021-11-14,31.6,18.5,24.145833333333332,43.166666666666664,56,11.512500000000001,15.8,201.73749999999998,743.9,32.26228585725955,30.37043139207112
2021-11-15,31.4,17.9,24.0,44.041666666666664,63,11.670833333333334,16.6,198.25833333333333,733.9,32.12253176800406,30.25731474771557
2021-11-16,31.6,19.0,24.46666666666667,41.791666666666664,52,15.112499999999999,19.8,196.7541666666667,729.0,32.017328762457,30.478885213944505
2021-11-17,30.9,19.5,24.920833333333334,41.958333333333336,52,15.1625,18.7,158.34166666666667,579.6,31.0703306549119,30.384055891475604
2021-11-18,30.7,22.8,25.708333333333332,55.833333333333336,77,15.095833333333333,18.2,143.19583333333333,639.8,33.28765392729726,31.142940337055492
2021-11-19,32.0,21.2,25.558333333333334,67.20833333333333,82,11.320833333333333,15.9,174.4,661.7,39.41543245637786,33.896484647111244
2021-11-20,32.9,22.0,26.75833333333333,60.625,77,12.533333333333333,15.4,181.025,681.0,39.48602019092346,34.06143820759786
2021-11-21,33.4,22.8,27.604166666666668,58.041666666666664,71,13.674999999999999,18.1,180.9125,681.1,39.82063205369613,34.900471898897806
2021-11-22,33.7,24.2,28.083333333333332,59.541666666666664,73,11.387500000000001,13.8,172.17499999999998,658.0,41.17346407730154,35.421715954157776
2021-11-23,33.5,21.8,26.808333333333334,62.25,88,7.404166666666666,12.5,185.25,695.5,41.71459182830902,34.16322831780448
2021-11-24,32.7,18.4,24.599999999999998,52.625,81,6.3875,9.4,190.9,713.9,36.431261212836404,31.05259206379562
2021-11-25,32.1,15.7,23.333333333333332,57.458333333333336,91,6.020833333333333,9.5,194.40833333333333,728.2,36.54714631217823,30.071564957971116
2021-11-26,32.8,17.7,24.266666666666666,59.333333333333336,89,7.075,10.1,188.36249999999998,707.1,38.781946318990585,31.621906391591082
2021-11-27,33.0,18.1,24.708333333333332,52.541666666666664,79,7.658333333333334,11.0,186.975,702.2,37.04112402580497,31.379276319555604
2021-11-28,32.6,18.7,24.804166666666664,41.333333333333336,70,9.145833333333334,11.5,185.57916666666665,697.3,33.435462232590666,30.68622041427558
2021-11-29,31.4,18.2,24.22083333333333,41.666666666666664,66,12.3125,18.1,183.96666666666667,694.5,31.711346002155096,29.530130504675565
2021-11-30,30.9,19.8,24.816666666666666,41.541666666666664,53,15.033333333333333,18.5,179.3166666666667,689.6,31.007793814164245,29.313014454637848
2021-12-01,23.5,18.8,20.158333333333335,76.70833333333333,86,12.6875,17.7,38.00833333333333,180.7,23.99925046310215,25.22477719261125
2021-12-02,21.7,16.3,18.420833333333334,76.0,91,16.958333333333332,23.3,66.67916666666666,451.2,22.610819710895612,24.37471896171561
2021-12-03,25.9,15.5,20.179166666666667,64.20833333333333,75,14.75,19.5,160.59166666666667,602.0,26.963064600404852,26.5220678151378
2021-12-04,28.2,17.8,22.412499999999998,66.29166666666667,82,11.004166666666668,14.7,168.02083333333334,653.9,30.545447356192174,28.676916057884494
2021-12-05,28.4,19.4,23.366666666666664,70.29166666666667,86,7.879166666666666,13.0,165.09166666666667,661.2,31.50559086733817,29.014857017137818
2021-12-06,29.4,18.6,23.3,68.95833333333333,93,7.766666666666667,9.7,172.51250000000002,666.5,33.40736689199925,29.68206562131565
2021-12-07,29.2,19.6,23.479166666666668,64.29166666666667,83,13.316666666666668,19.2,174.76666666666665,664.7,32.10388545098368,29.215390277457832
2021-12-08,28.8,18.0,22.71666666666667,55.916666666666664,73,10.583333333333334,14.5,174.34166666666667,670.0,30.134042844652217,28.166031165635545
2021-12-09,28.7,18.0,22.337500000000002,53.833333333333336,71,11.033333333333333,16.0,175.14999999999998,669.2,29.725838900031857,28.227930631191118
2021-12-10,28.9,17.8,22.224999999999998,56.041666666666664,70,12.658333333333333,17.6,175.54583333333335,668.4,30.299992119008355,28.42032338783121
2021-12-11,28.6,16.6,21.545833333333334,57.083333333333336,71,11.333333333333334,15.6,176.8375,671.7,29.98950457522728,28.05775972055115
2021-12-12,29.0,16.3,21.916666666666668,58.208333333333336,75,9.870833333333334,13.4,174.70000000000002,665.8,30.763749000138205,28.51857480311115
2021-12-13,29.1,17.1,22.537499999999998,58.5,82,8.954166666666667,12.9,171.775,660.9,30.97058024502947,28.697242840444417
2021-12-14,27.7,15.5,20.704166666666666,50.583333333333336,70,7.8125,10.7,177.45833333333334,674.4,28.167900799208912,26.839479943991154
2021-12-15,28.4,14.6,20.795833333333334,58.0,75,9.15,12.1,173.28333333333333,663.4,29.807702607395704,28.08460865455779
2021-12-16,26.8,14.6,19.783333333333335,54.125,83,10.770833333333334,14.6,176.725,670.7,27.46927266081157,27.651966926604498
2021-12-17,25.8,13.3,18.9375,49.166666666666664,60,13.5625,18.1,177.13333333333333,673.0,26.387892555057373,31.305071975617814
2021-12-18,25.0,14.6,19.045833333333334,48.208333333333336,59,16.304166666666667,20.8,176.07083333333333,670.2,25.85985439743443,29.32657763047113
2021-12-19,24.7,12.5,17.970833333333335,40.625,52,14.383333333333333,17.7,178.99166666666667,681.6,25.569559118513137,32.628440243055586
2021-12-20,25.9,11.9,17.95,38.5,50,11.166666666666666,15.6,181.42083333333335,690.0,26.09242723254055,33.34943591965112
2021-12-21,27.3,11.7,18.220833333333335,48.416666666666664,65,8.283333333333333,11.5,178.86666666666667,678.1,27.60038520190304,33.63643215540444
2021-12-22,27.3,11.2,18.6375,58.0,89,5.675,8.7,178.04999999999998,677.3,28.30554845961565,28.566958118915537
2021-12-23,27.9,11.5,19.333333333333332,62.916666666666664,93,5.179166666666666,8.1,176.17083333333332,669.4,29.623528750316105,27.16812011801779
2021-12-24,28.2,15.5,21.3625,71.95833333333333,96,7.704166666666667,11.5,167.57083333333335,648.2,31.342771043035142,28.22956372748449
2021-12-25,28.0,15.6,21.55,69.75,96,5.741666666666667,8.7,172.42083333333335,656.6,30.633403605319373,27.952300545777764
2021-12-26,26.8,14.5,20.491666666666667,67.70833333333333,96,6.5125,11.0,137.67916666666667,544.4,28.357354217419584,26.67351935879111
2021-12-27,28.0,16.0,21.616666666666664,62.291666666666664,86,7.670833333333333,20.7,165.36666666666667,648.9,29.709530947099932,27.47099294355563
2021-12-28,24.5,16.9,19.900000000000002,78.5,95,9.4375,17.3,132.27916666666667,596.7,25.143993860736103,25.62255208911119
2021-12-29,23.8,13.8,18.066666666666666,66.75,92,12.716666666666667,16.0,178.475,680.0,24.898240373187846,26.75107304697554
2021-12-30,23.9,13.5,18.162499999999998,56.75,80,16.641666666666666,21.7,179.14166666666665,683.3,25.27779743516568,28.189389292611093
2021-12-31,25.3,14.7,19.404166666666665,60.166666666666664,70,15.4,19.3,170.94583333333333,653.8,26.250241935252852,27.023926879695598
2022-01-01,27.0,16.0,20.741666666666667,65.41666666666667,80,10.954166666666666,14.7,169.02083333333334,652.0,28.48693782512653,27.4170370884445
2022-01-02,27.8,16.3,21.349999999999998,70.33333333333333,91,9.295833333333333,12.4,167.09166666666667,653.2,30.325149695571366,27.863338651751196
2022-01-03,28.3,17.3,21.925,68.95833333333333,85,8.612499999999999,13.7,174.25416666666663,662.6,31.105647821241195,28.331896135884495
2022-01-04,28.9,17.8,22.691666666666666,67.66666666666667,86,7.195833333333333,9.6,172.3708333333333,653.6,32.09849669497003,28.86754806668441
2022-01-05,29.3,18.4,22.625,70.41666666666667,86,11.245833333333332,21.6,140.80416666666667,558.1,33.478702992518215,29.330797292157815
2022-01-06,20.4,15.8,18.866666666666667,89.41666666666667,98,5.016666666666667,10.0,38.729166666666664,198.9,18.928227968382615,20.925486944444394
2022-01-07,25.5,13.6,19.308333333333334,78.54166666666667,99,7.1125,11.9,158.93333333333334,599.8,26.718176486398306,26.277522343777758
2022-01-08,22.9,13.1,17.900000000000002,69.54166666666667,97,10.104166666666666,13.0,182.85416666666666,686.1,24.082087165508298,28.743810796595547
2022-01-09,21.8,10.3,15.445833333333333,60.208333333333336,84,9.8125,11.9,190.0583333333333,712.9,24.414816167718843,31.077691502471154
2022-01-10,22.6,10.5,15.679166666666667,58.458333333333336,77,10.954166666666666,14.9,188.32500000000002,704.9,24.69703413456181,33.28604322705552
2022-01-11,22.1,11.2,15.820833333333333,56.291666666666664,78,12.583333333333334,15.3,191.52916666666667,717.4,24.70318281764372,31.74548314579552
2022-01-12,21.9,10.3,15.262500000000001,59.541666666666664,78,11.320833333333333,15.5,190.97916666666666,714.5,24.47772096885509,33.424994059724526
2022-01-13,23.0,10.9,15.908333333333333,59.166666666666664,76,11.958333333333334,16.2,190.08333333333334,710.5,24.795729765913595,32.32117957041554
2022-01-14,24.2,10.8,16.266666666666666,59.375,74,11.058333333333332,16.6,189.35416666666666,707.6,25.40380012363869,34.08661630001774
2022-01-15,24.7,11.9,17.3,61.25,81,12.25,16.1,190.225,708.8,25.743035193165692,31.075172594895516
2022-01-16,26.0,13.2,18.650000000000002,62.083333333333336,79,12.391666666666666,16.2,190.9125,712.0,27.00375008534416,27.629520496204442
2022-01-17,27.0,13.7,19.495833333333334,66.41666666666667,87,9.395833333333334,13.7,188.46666666666667,702.9,28.565387533645133,26.913597688444458
2022-01-18,27.3,13.9,19.795833333333334,70.04166666666667,94,7.704166666666667,11.2,189.26666666666665,704.0,29.37664277833201,27.08872402449559
2022-01-19,28.1,14.1,20.433333333333334,63.333333333333336,88,7.9624999999999995,11.5,189.00833333333333,702.1,29.994250709136622,27.5533491650756
2022-01-20,28.2,15.2,20.883333333333333,60.875,76,9.983333333333333,14.2,190.0375,706.3,29.854416518645294,28.401397092391075
2022-01-21,28.5,16.3,21.900000000000002,75.95833333333333,99,9.491666666666667,15.7,172.77916666666667,701.3,32.65765548001168,28.928571677555574
2022-01-22,27.0,17.5,21.991666666666664,61.416666666666664,95,17.991666666666667,27.0,182.5041666666667,703.4,28.184165275496987,26.45589329305564
2022-01-23,21.7,11.9,16.75,51.125,73,9.620833333333334,13.7,204.125,752.9,24.895724429849746,33.45823585051565
2022-01-24,22.4,8.0,14.966666666666667,52.375,79,6.9750000000000005,9.7,206.4125,759.1,24.907577085039318,39.69556997695102
2022-01-25,23.1,9.8,16.0125,53.708333333333336,78,8.245833333333334,11.6,204.35,750.9,25.024200097230974,37.41483688891548
2022-01-26,23.3,9.7,16.175,55.416666666666664,77,9.104166666666666,11.5,207.45000000000002,760.3,25.04462652544033,34.98687659572453
2022-01-27,24.0,11.8,17.033333333333335,49.5,72,11.833333333333334,15.1,208.65,763.4,25.39353693894454,32.770610748035566
2022-01-28,24.7,11.2,16.933333333333334,47.291666666666664,61,11.325000000000001,16.3,212.21666666666667,773.7,25.689962257830402,34.91276925139555
2022-01-29,26.8,10.5,17.6875,51.75,71,8.016666666666667,12.5,212.66666666666666,775.8,27.330851636679434,35.289276335777735
2022-01-30,27.5,10.4,18.400000000000002,53.75,82,7.033333333333334,11.9,213.2458333333333,776.9,28.202041774392416,32.291624623591126
2022-01-31,27.5,11.6,19.025000000000002,63.708333333333336,82,7.2375,10.2,208.525,760.4,29.087107078648224,30.877629580515556
2022-02-01,29.6,14.4,21.224999999999998,69.91666666666667,94,6.7124999999999995,9.6,208.54999999999998,757.4,34.06550928093818,29.239118945315553
2022-02-02,29.8,14.0,21.78333333333333,63.291666666666664,94,7.308333333333334,12.2,213.86249999999998,774.9,33.10216151666336,28.714706064924467
2022-02-03,27.9,16.3,21.0625,50.791666666666664,96,11.120833333333332,16.5,216.26250000000002,781.4,28.406769473911083,27.4711941966845
2022-02-04,26.8,11.9,19.129166666666666,43.791666666666664,69,5.833333333333333,11.2,223.9125,807.8,26.90359549019847,32.13094072009791
2022-02-05,27.4,13.5,20.162499999999998,41.416666666666664,63,4.883333333333334,10.4,222.40833333333333,801.6,27.248346107142112,30.648020651277776
2022-02-06,28.9,12.1,20.020833333333332,44.083333333333336,62,6.9875,9.7,223.3166666666667,805.7,28.886831224587088,32.951631508397845
2022-02-07,28.6,13.4,20.912499999999998,51.0,80,7.283333333333334,13.5,220.27083333333334,792.3,29.263513819537806,27.603582883715646
2022-02-08,28.5,14.9,21.416666666666668,60.375,88,5.820833333333333,10.1,218.95000000000002,788.1,30.264289198556398,27.76110944377778
2022-02-09,28.3,17.8,22.304166666666664,49.875,76,11.641666666666666,14.8,214.39999999999998,785.0,28.781223743183165,27.4763316527378
2022-02-10,27.9,16.3,21.479166666666668,45.791666666666664,59,12.504166666666668,16.9,224.90416666666667,803.5,27.992970633460143,27.210027402391148
2022-02-11,27.4,15.2,20.270833333333332,42.833333333333336,63,13.141666666666666,20.0,231.3166666666667,825.3,27.33303217589285,28.16832428081778
2022-02-12,28.8,13.7,20.495833333333334,40.75,63,9.820833333333333,13.5,234.59166666666667,835.3,28.47100294011055,30.209762317395537
2022-02-13,29.5,13.2,20.641666666666666,41.666666666666664,65,7.670833333333333,12.5,232.79999999999998,828.0,29.30463561572838,30.74573886644445
2022-02-14,30.1,14.6,21.974999999999998,41.083333333333336,64,7.433333333333334,10.5,229.16666666666666,815.5,29.93514281254268,28.85107336531557
2022-02-15,30.0,15.8,22.5,38.083333333333336,53,6.7250000000000005,11.6,231.94583333333333,822.7,29.476825535455223,28.442480055555563
2022-02-16,30.7,16.6,22.96666666666667,41.083333333333336,66,9.125,12.9,231.14166666666665,821.4,30.680110340152694,28.95029160580451
2022-02-17,31.4,16.3,23.308333333333334,34.125,53,9.875,13.2,229.20000000000002,828.6,30.61677100612532,29.430637971271153
2022-02-18,31.6,17.3,24.233333333333334,35.666666666666664,45,8.158333333333333,13.0,232.17916666666667,821.4,31.06042542000393,30.081134959964466
2022-02-19,32.8,18.9,25.65416666666667,33.291666666666664,57,10.549999999999999,16.9,235.04999999999998,828.4,32.24191108221396,30.972253850204467
2022-02-20,32.0,17.0,24.070833333333336,26.208333333333332,40,10.820833333333333,14.8,244.15833333333333,858.1,30.424601442470312,29.793593561777836
2022-02-21,33.1,17.9,24.8875,31.416666666666668,51,9.804166666666667,13.0,240.82916666666668,844.6,32.336681618649266,30.856464490497803
2022-02-22,33.4,16.6,24.233333333333334,41.0,73,7.879166666666666,14.3,244.70833333333334,855.7,34.6586825550045,31.090189154115567
2022-02-23,32.3,17.7,24.254166666666666,47.958333333333336,86,8.270833333333334,10.9,246.11249999999998,860.7,34.41852171136988,30.38785152993556
2022-02-24,33.5,18.6,25.416666666666668,34.125,58,8.933333333333334,12.1,248.72916666666666,868.8,33.34431730741062,31.13900156377777
2022-02-25,33.9,16.4,24.787499999999998,30.458333333333332,53,7.5,10.3,251.0625,873.7,33.23117408788818,31.432204974995607
2022-02-26,32.8,17.2,24.366666666666664,32.416666666666664,61,8.158333333333333,11.6,249.76250000000002,869.5,32.104989186120456,30.624289806204462
2022-02-27,33.4,17.2,24.837500000000002,31.25,53,9.558333333333334,12.9,251.33333333333334,873.4,32.700530183721135,31.200427012284493
2022-02-28,33.3,20.2,25.495833333333334,37.166666666666664,61,12.729166666666666,20.3,249.4125,867.1,33.65092618431343,31.31947334335115
2022-03-01,34.2,18.1,25.554166666666664,34.875,55,8.7875,11.9,250.59583333333333,869.0,34.532520240466965,31.998113569404477
2022-03-02,34.4,18.7,26.27916666666667,29.958333333333332,49,9.1,14.2,248.3125,872.9,33.82051138441921,32.12314478849776
2022-03-03,34.4,19.8,26.708333333333332,24.25,39,10.845833333333333,14.6,256.5208333333333,884.0,32.89516232447053,31.93567442796443
2022-03-04,33.0,18.9,25.224999999999998,29.625,49,12.741666666666667,22.0,260.01666666666665,894.1,31.946950490465294,30.68050126177778
2022-03-05,33.8,19.6,25.40416666666667,25.541666666666668,41,12.570833333333333,18.9,263.10833333333335,902.1,32.3561342712182,31.341525691715642
2022-03-06,34.9,16.9,25.75,25.375,43,7.745833333333334,11.2,260.68333333333334,901.9,33.67906560313592,32.35642077819554
2022-03-07,36.0,18.5,27.941666666666666,23.083333333333332,36,7.5125,12.6,255.77083333333334,884.3,34.68999849423304,33.6865748168978
2022-03-08,36.0,20.1,27.96666666666667,25.333333333333332,39,8.116666666666667,12.7,234.75,869.8,35.1158194166914,33.49075753644447
2022-03-09,36.1,21.3,28.09166666666667,37.458333333333336,57,8.0625,14.8,244.10416666666666,853.9,38.47858424495697,34.50320776755559
2022-03-10,35.9,20.2,27.7375,34.125,59,7.5249999999999995,11.2,260.4583333333333,897.0,37.09866950804556,33.479434087937776
2022-03-11,36.4,21.2,28.22083333333333,28.583333333333332,42,11.691666666666668,15.7,262.81666666666666,895.8,36.42181804732337,34.10880824851552
2022-03-12,37.0,21.4,28.916666666666668,25.0,41,9.179166666666667,14.1,269.2041666666667,917.1,36.43590543955551,34.21550923511111
2022-03-13,37.8,20.5,29.34583333333333,25.083333333333332,42,7.008333333333333,10.1,268.8833333333333,913.8,37.62620065638659,35.09322673799115
2022-03-14,39.1,21.1,30.09583333333333,24.833333333333332,40,7.829166666666667,11.3,267.825,911.5,39.557785343451215,36.58405230939558
2022-03-15,40.1,24.0,30.991666666666664,21.5,32,10.541666666666666,14.5,271.7416666666667,922.6,40.00239573192276,37.26993069647115
2022-03-16,40.2,23.2,31.3875,20.916666666666668,35,10.283333333333333,12.8,271.7958333333333,921.3,39.95796037755694,37.57094964839113
2022-03-17,40.3,24.8,31.733333333333334,19.625,31,11.883333333333333,15.1,273.93333333333334,926.2,39.68528163655727,37.57094964839113
2022-03-18,40.5,23.8,31.441666666666666,21.666666666666668,37,11.354166666666666,14.6,276.3833333333333,933.1,40.666432143135836,37.299750622444485
2022-03-19,39.4,23.6,31.579166666666666,21.916666666666668,46,11.029166666666667,14.7,265.56666666666666,914.0,39.095130183524354,36.407222210915585
2022-03-20,38.4,22.5,29.71666666666667,31.583333333333332,77,11.045833333333334,14.8,275.53749999999997,925.5,40.732786718834554,35.63108924691559
2022-03-21,39.1,23.0,30.604166666666668,21.958333333333332,53,11.358333333333334,17.1,278.3875,937.6,38.66880033214334,35.98826262756447
2022-03-22,38.8,24.7,31.420833333333334,15.166666666666666,28,16.108333333333334,19.7,275.9833333333333,939.4,36.647449849994366,35.71095623532447
2022-03-23,37.9,24.3,30.620833333333334,18.375,29,12.700000000000001,16.6,247.72083333333333,952.5,36.198475086605626,35.19331030973113
2022-03-24,38.3,25.6,31.208333333333332,21.708333333333332,39,10.516666666666667,17.0,234.65833333333333,818.6,37.46515535648519,35.354385447695556
2022-03-25,36.5,22.5,29.558333333333334,35.708333333333336,74,8.745833333333334,13.2,175.09583333333333,839.3,38.651346533562645,35.953812951277854
2022-03-26,41.1,23.9,32.50416666666667,28.375,50,5.358333333333333,10.5,276.44166666666666,930.4,44.528270545833415,38.79361457499559
2022-03-27,41.2,23.7,31.9875,24.916666666666668,44,8.862499999999999,13.6,282.24583333333334,942.4,43.11188818289825,38.431972503111126
2022-03-28,40.7,24.8,32.69583333333333,18.666666666666668,32,12.033333333333333,19.0,288.3958333333333,960.6,39.941374870493604,37.38419369571559
2022-03-29,41.0,23.6,32.233333333333334,23.458333333333332,48,12.491666666666667,19.6,290.3625,964.4,42.14992911443445,37.9794495715556
2022-03-30,40.2,22.4,30.787499999999998,27.916666666666668,56,7.804166666666667,12.0,292.4625,970.3,42.60622217215544,37.37216843255117
2022-03-31,40.6,22.3,31.208333333333332,31.791666666666668,58,6.925,14.8,289.40000000000003,959.9,45.20260401938502,38.00972391809782
2022-04-01,41.1,24.0,32.17916666666667,29.541666666666668,53,6.808333333333334,12.7,288.1333333333333,955.6,45.10508837724951,38.54083487933115
2022-04-02,40.9,24.8,32.479166666666664,33.791666666666664,63,7.008333333333333,13.2,288.3625,955.4,46.91811733226038,38.70755626092444
2022-04-03,42.1,24.5,32.9125,32.416666666666664,72,7.620833333333334,10.8,293.2375,968.5,48.87695391181668,38.594449771517816
2022-04-04,42.2,24.7,32.87916666666667,23.541666666666668,46,10.6625,15.0,292.24583333333334,964.2,44.243765331593906,39.19037553939559
2022-04-05,42.9,25.8,33.84583333333333,21.416666666666668,40,9.112499999999999,14.9,270.28749999999997,953.8,44.42230298110303,40.22018907887113
2022-04-06,42.2,25.8,33.37916666666667,23.125,52,11.3125,16.8,289.68333333333334,957.7,44.045562112258125,38.98666433955556
2022-04-07,43.4,24.5,33.675,21.875,55,10.408333333333333,14.5,291.5416666666667,952.4,45.51133181799198,39.806045631395605
2022-04-08,43.5,26.5,34.99166666666667,18.083333333333332,52,11.045833333333334,17.4,295.3,970.5,43.7846649608708,39.896859619277805
2022-04-09,41.7,26.5,33.862500000000004,20.083333333333332,42,9.625,16.4,296.4208333333333,972.3,41.90964466340486,38.6825151936956
2022-04-10,41.2,25.1,32.333333333333336,27.416666666666668,48,8.979166666666666,16.1,294.7,965.0,44.26007252892785,38.407292082951116
2022-04-11,40.9,25.3,32.55833333333333,33.833333333333336,70,8.595833333333333,12.0,281.7416666666667,935.4,46.941150418304574,38.10703140029116
2022-04-12,40.8,25.0,32.43333333333333,23.333333333333332,44,8.991666666666667,14.3,284.99583333333334,920.1,41.76860659899066,37.40316856273779
2022-04-13,41.4,23.7,32.225,28.875,69,8.858333333333333,15.5,301.22083333333336,979.8,45.37426397419368,38.27962928649555
2022-04-14,41.4,24.0,32.44583333333333,26.166666666666668,64,11.908333333333333,17.3,304.24583333333334,990.8,44.04361803858925,37.95082492321781
2022-04-15,41.4,24.7,32.112500000000004,36.5,65,11.316666666666668,17.5,299.78749999999997,975.4,49.7091029677645,39.29855111202445
2022-04-16,42.1,23.7,32.36666666666667,40.958333333333336,93,9.970833333333333,17.6,302.51666666666665,983.3,54.66099078670205,38.833669334764494
2022-04-17,41.8,24.4,32.324999999999996,36.333333333333336,65,10.083333333333334,17.9,302.0708333333333,978.1,50.61653141856982,38.783709221795554
2022-04-18,41.8,24.3,32.358333333333334,36.583333333333336,74,9.266666666666667,14.4,299.4125,970.8,50.77964773205467,39.199770227091136
2022-04-19,41.2,25.2,32.7125,32.041666666666664,76,10.791666666666666,16.6,297.43333333333334,967.6,46.627535955738104,38.9428769564445
2022-04-20,40.9,26.8,33.32083333333333,32.541666666666664,67,16.733333333333334,26.7,261.6375,959.4,46.238837714731716,40.002449813784466
2022-04-21,41.3,27.6,33.84166666666667,25.583333333333332,44,9.683333333333334,16.4,281.45416666666665,951.1,43.589783873988544,39.02153998971557
2022-04-22,41.3,25.9,33.5875,23.875,62,10.816666666666668,18.2,302.2416666666667,981.4,42.831614157918416,38.27962928649555
2022-04-23,41.6,26.8,33.81666666666667,20.083333333333332,39,10.979166666666666,15.3,301.15000000000003,967.1,41.75724571496192,38.581510186115594
2022-04-24,42.0,27.0,34.0,21.25,39,11.070833333333333,16.2,303.5083333333333,978.1,42.86344380143058,38.98666433955556
2022-04-25,41.4,26.8,34.00416666666667,22.333333333333332,47,12.924999999999999,18.0,306.46666666666664,986.1,42.347558150966975,38.380067232515586
2022-04-26,41.9,26.1,34.09166666666667,23.0,54,10.991666666666667,14.2,308.5083333333333,989.0,43.471177021484465,38.6825151936956
2022-04-27,42.9,26.7,34.74166666666667,26.541666666666668,66,9.4375,16.5,303.8,976.7,47.13531930178641,40.43346893399114
2022-04-28,43.7,27.4,35.35,22.333333333333332,48,12.166666666666666,16.0,304.21250000000003,975.6,46.2899025216603,41.12038672103112
2022-04-29,43.4,29.1,35.737500000000004,20.791666666666668,38,14.741666666666667,24.7,306.03749999999997,983.6,44.95044707253516,40.10752700556447
2022-04-30,44.0,27.4,34.55416666666667,38.375,68,13.758333333333333,21.3,296.31666666666666,956.1,58.23823059587153,43.285509099777826
2022-05-01,43.6,26.8,34.00416666666667,41.625,76,12.375,24.4,298.6333333333333,963.1,59.79424400579824,42.0803741834756
2022-05-02,41.7,27.1,34.05416666666667,40.041666666666664,74,12.775,22.1,288.5708333333333,947.8,52.852938432276474,40.08962503081781
2022-05-03,41.9,25.7,33.300000000000004,33.125,61,11.458333333333334,21.9,302.35833333333335,973.1,48.842016143649694,40.416172208604486
2022-05-04,41.8,25.4,33.72083333333333,31.375,58,8.583333333333334,14.3,306.70416666666665,976.1,47.57871186052302,39.199770227091136
2022-05-05,41.0,26.7,33.425000000000004,43.125,86,9.216666666666667,15.5,297.57916666666665,964.9,52.998393270965295,39.22022225377784
2022-05-06,41.8,28.2,34.81666666666667,33.125,64,11.358333333333334,15.2,292.37083333333334,913.1,48.60798363647185,40.758843069057825
2022-05-07,42.2,28.4,35.137499999999996,27.333333333333332,49,11.9625,16.8,288.77916666666664,959.7,46.17204547062332,40.72266417601781
2022-05-08,43.1,29.0,35.72083333333333,29.041666666666668,62,12.404166666666667,18.7,281.77916666666664,960.6,49.050340353167535,41.25784195580445
2022-05-09,43.8,28.5,35.733333333333334,29.125,66,13.450000000000001,17.2,292.82916666666665,961.6,50.66722673225811,41.87875877436443
2022-05-10,44.4,29.0,36.512499999999996,26.333333333333332,60,14.758333333333333,19.2,270.95,897.4,50.10665060076835,41.48110015491555
2022-05-11,45.4,29.8,37.47083333333334,24.666666666666668,51,12.970833333333333,21.5,285.03749999999997,958.5,51.05998741759802,43.824197508195596
2022-05-12,44.9,29.8,36.762499999999996,32.625,60,12.429166666666667,23.1,297.3958333333333,957.4,55.98144457659728,42.5924762249156
2022-05-13,43.3,27.9,34.15833333333333,43.541666666666664,79,13.979166666666666,22.7,303.74583333333334,961.5,60.4949362449278,42.565561147695625
2022-05-14,43.1,27.9,34.06666666666667,46.375,79,12.266666666666666,23.3,292.71666666666664,953.3,62.34561188227099,43.4003799192711
2022-05-15,43.2,27.7,34.62083333333333,41.958333333333336,79,12.929166666666667,20.6,287.18333333333334,962.4,58.80673624958038,42.409571901084426
2022-05-16,43.3,26.6,33.770833333333336,43.583333333333336,70,12.983333333333334,21.5,305.7291666666667,962.4,60.531567616978656,41.653534732151115
2022-05-17,40.6,26.8,32.8125,48.083333333333336,76,12.525,22.9,300.55833333333334,954.3,55.32023457829408,39.1205244854756
2022-05-18,41.9,26.2,33.65,43.75,83,9.275,15.3,305.69166666666666,962.4,56.1720207244968,39.777810462424476
2022-05-19,42.9,28.2,35.07083333333333,34.875,59,10.741666666666667,17.1,303.28333333333336,953.3,52.455732677442306,42.43778768695107
2022-05-20,42.6,28.9,34.40416666666667,44.916666666666664,77,13.7125,22.1,302.15416666666664,949.2,59.361653564161394,42.409571901084426
2022-05-21,42.6,27.0,33.25833333333333,49.375,69,17.283333333333335,29.5,303.34583333333336,951.3,63.285651952603075,42.02919087015108
2022-05-22,41.3,27.4,33.012499999999996,51.416666666666664,71,18.854166666666668,28.2,259.42083333333335,908.6,60.33896902983853,43.2018444190556
2022-05-23,41.6,28.3,33.375,53.875,71,19.045833333333334,27.4,279.26666666666665,901.8,63.6016661883693,44.335942373137854
2022-05-24,41.0,28.2,33.3125,51.708333333333336,71,14.133333333333333,21.3,284.8541666666667,914.8,59.50264216600853,41.42000708179559
2022-05-25,40.8,28.4,33.6625,49.125,74,11.854166666666666,18.3,281.77916666666664,898.0,56.760349946694774,42.1634872587378
2022-05-26,40.7,27.9,33.09166666666667,51.75,76,13.950000000000001,22.3,284.325,936.2,58.47047119233576,41.79699492045111
2022-05-27,40.3,27.6,32.604166666666664,52.541666666666664,71,16.795833333333334,25.3,275.1958333333333,885.3,57.685342642484315,42.090284829695555
2022-05-28,40.8,27.5,32.80833333333333,52.666666666666664,72,17.770833333333332,24.6,275.78749999999997,913.9,59.56815351513873,42.51700800993783
2022-05-29,40.3,28.2,33.104166666666664,52.333333333333336,69,17.325,21.5,270.32916666666665,899.8,57.52376134743812,42.6418515341156
2022-05-30,40.7,27.6,32.858333333333334,52.0,73,14.625,21.7,278.5625,926.2,58.67022161113565,42.27415390699556
2022-05-31,41.3,26.9,33.237500000000004,51.833333333333336,82,13.741666666666667,22.6,294.59583333333336,936.4,60.69034877203785,41.863095644444456
2022-06-01,42.7,27.5,33.875,46.416666666666664,76,13.483333333333334,22.9,304.42083333333335,952.7,60.99056988785709,40.89508985825778
2022-06-02,42.5,26.5,34.09166666666667,41.416666666666664,76,13.275,19.9,290.80833333333334,944.6,56.200464089130136,41.33345367172447
2022-06-03,42.3,26.4,33.604166666666664,42.583333333333336,75,13.629166666666668,20.5,298.3958333333333,936.6,56.50307003508816,40.555133374104464
2022-06-04,42.1,27.6,34.045833333333334,42.75,73,11.454166666666666,18.7,298.3208333333333,942.8,56.018048595945714,41.313814567484464
2022-06-05,41.9,26.8,33.84583333333334,40.791666666666664,81,10.516666666666667,16.3,301.5875,941.8,53.95685481446615,40.48780485977782
2022-06-06,41.6,27.0,33.55833333333333,45.625,78,12.258333333333333,22.6,300.3333333333333,936.8,56.6764297558592,41.19649297755561
2022-06-07,40.9,28.0,33.887499999999996,49.625,72,13.341666666666667,20.0,292.46250000000003,924.7,57.484562121280696,43.05370546263781
2022-06-08,40.9,29.3,34.270833333333336,51.875,74,15.370833333333332,23.3,280.3125,904.5,59.28127622630809,43.05370546263781
2022-06-09,40.8,28.0,33.612500000000004,53.708333333333336,78,14.616666666666667,21.7,286.77916666666664,911.7,60.42840656508429,43.314895943324444
2022-06-10,40.7,29.0,33.7125,51.666666666666664,69,13.470833333333333,23.7,292.1666666666667,925.0,58.404086826264724,43.134595411111164
2022-06-11,40.6,29.8,33.99583333333333,51.875,75,13.483333333333334,25.3,286.9166666666667,925.0,58.217497081600385,43.01424388179555
2022-06-12,36.8,26.7,31.733333333333334,62.0,84,13.291666666666666,20.4,184.5666666666667,648.4,52.00067312545795,41.36938992655783
2022-06-13,33.8,27.7,30.808333333333334,65.20833333333333,86,12.529166666666667,19.3,169.65,579.8,43.85609962194858,38.51504901921771
2022-06-14,37.3,27.8,31.5,62.25,78,14.75,20.3,206.54166666666666,641.5,53.95244880014903,41.048622711171106
2022-06-15,37.2,28.0,31.645833333333332,62.583333333333336,79,14.183333333333332,23.7,227.77916666666667,806.6,53.81029862840039,42.2365403005955
2022-06-16,37.6,28.2,31.96666666666667,61.125,77,14.779166666666667,21.5,260.18333333333334,851.4,54.28444717276162,42.09345869543114
2022-06-17,38.7,28.8,32.40416666666667,59.25,77,15.525,23.3,271.03749999999997,863.5,56.992597692302496,43.157355945784516
2022-06-18,36.4,28.6,31.866666666666664,62.875,80,17.116666666666667,22.3,245.50833333333333,854.6,51.14146816710925,42.35903141091546
2022-06-19,35.3,28.3,31.40833333333333,65.20833333333333,78,16.45,22.1,227.4,776.5,48.70264812360638,41.395034168984445
2022-06-20,38.7,28.2,32.012499999999996,61.5,80,16.691666666666666,25.6,261.22499999999997,856.9,58.69213688321626,43.18750889957114
2022-06-21,37.8,28.1,31.791666666666668,63.041666666666664,80,17.258333333333333,25.2,272.81666666666666,838.6,56.36624127896252,42.310902254391145
2022-06-22,37.8,26.2,31.849999999999998,61.833333333333336,86,8.075000000000001,20.3,258.19166666666666,803.2,55.50860218382761,42.10142447687111
2022-06-23,36.9,26.4,31.52916666666667,65.08333333333333,89,8.4625,13.8,267.94166666666666,860.1,54.36721142740154,42.67058355359782
2022-06-24,39.2,27.4,32.483333333333334,61.25,87,9.545833333333333,22.8,207.13333333333333,781.3,60.465540861559575,42.9437602470045
2022-06-25,39.7,27.1,33.475,54.541666666666664,85,10.862499999999999,17.4,285.87083333333334,911.1,57.09931531579387,43.105790060175586
2022-06-26,41.1,28.0,33.916666666666664,56.208333333333336,88,10.1875,23.6,261.35833333333335,886.8,63.73802162523469,46.70824766177781
2022-06-27,36.3,27.7,31.366666666666664,67.79166666666667,85,14.316666666666668,22.7,219.3083333333333,808.7,53.87640995453287,42.69196720755576
2022-06-28,37.8,28.3,31.808333333333334,63.583333333333336,81,15.104166666666666,22.8,229.40833333333333,779.3,56.756273417388044,43.421575292284444
2022-06-29,37.9,28.6,32.449999999999996,59.708333333333336,75,15.804166666666667,22.0,201.77916666666667,639.2,54.39916712250064,41.893907822675565
2022-06-30,37.4,29.3,32.36666666666667,60.916666666666664,79,16.0625,22.8,218.14166666666665,751.4,53.42574808176659,41.8613760804956
2022-07-01,35.5,25.9,29.691666666666666,75.0,95,14.420833333333334,23.0,201.24166666666667,657.1,55.399019765111156,41.06247650461122
2022-07-02,32.8,26.1,27.816666666666666,85.91666666666667,99,9.700000000000001,16.2,140.05416666666667,588.5,50.37755641014122,38.66809854812454
2022-07-03,34.0,25.8,29.166666666666668,77.95833333333333,95,11.383333333333333,21.2,219.02916666666667,792.9,51.02995059297035,40.564670267111104
2022-07-04,33.4,26.3,28.733333333333334,81.625,95,11.5875,17.8,189.20416666666668,661.6,50.61393826217818,39.80531268339558
2022-07-05,32.2,25.8,28.295833333333334,82.66666666666667,96,9.1625,15.5,145.04166666666666,485.0,46.303232631494566,38.85073410243568
2022-07-06,31.6,25.4,28.358333333333334,80.95833333333333,97,12.016666666666666,18.5,207.7125,803.9,43.32124406255139,38.58867856428446
2022-07-07,32.4,26.4,28.72083333333333,79.45833333333333,90,9.35,15.2,217.33749999999998,748.5,45.59825029274926,39.73171554647122
2022-07-08,27.0,25.4,26.258333333333336,92.95833333333333,96,14.779166666666667,26.6,41.708333333333336,238.4,31.050585200828053,30.947336019111212
2022-07-09,30.7,25.2,27.40833333333333,85.0,94,14.804166666666667,19.5,155.22083333333333,584.3,41.6086617957957,36.853556731891146
2022-07-10,28.4,24.8,26.370833333333334,89.45833333333333,97,10.620833333333334,17.7,118.20833333333333,375.4,34.930433171958676,33.12197327073792
2022-07-11,27.9,24.5,25.745833333333334,91.20833333333333,97,10.2125,19.9,111.74166666666667,403.3,33.63723813219076,31.999362965804615
2022-07-12,30.1,25.3,27.483333333333334,83.625,95,13.525,19.1,144.40833333333333,628.3,39.05816230211313,35.78664986666446
2022-07-13,32.3,25.7,27.90416666666667,81.41666666666667,93,10.270833333333334,18.2,198.20833333333334,730.6,46.115380016010754,39.46122974255111
2022-07-14,30.0,25.7,26.941666666666666,89.58333333333333,96,7.166666666666667,10.2,91.3875,454.5,40.58347652064044,36.03886131111113
2022-07-15,30.3,25.2,27.254166666666666,87.54166666666667,97,14.420833333333334,25.5,189.0375,663.0,41.02682714246992,36.310405378115675
2022-07-16,32.1,25.3,28.212500000000002,81.375,95,21.675,31.2,227.25833333333333,809.2,45.33713486518072,37.93724899639793
2022-07-17,32.4,26.3,28.958333333333332,77.5,89,15.554166666666667,20.0,253.57083333333333,784.6,44.722380787415645,39.73171554647122
2022-07-18,31.6,25.6,28.175,80.16666666666667,95,11.283333333333333,17.6,203.60833333333332,754.9,43.0039633809959,37.381094097111244
2022-07-19,27.0,25.3,25.900000000000002,93.25,96,14.520833333333334,19.7,43.14166666666666,300.8,31.08220986480564,30.630668045777686
2022-07-20,32.6,25.5,28.316666666666666,79.16666666666667,94,13.291666666666666,18.0,230.36249999999998,679.0,46.20869617973281,38.182169675964545
2022-07-21,32.1,25.3,28.099999999999998,78.875,91,13.783333333333333,17.7,251.84166666666667,837.8,44.24851282076813,37.30897184543786
2022-07-22,32.0,25.4,27.995833333333334,80.125,93,12.241666666666667,16.9,253.0,852.1,44.42209144714948,38.33335376355572
2022-07-23,30.3,25.1,27.008333333333336,84.79166666666667,95,10.75,15.9,157.6,587.1,40.11202425187896,35.779975687695504
2022-07-24,27.7,24.5,25.820833333333336,92.33333333333333,99,12.200000000000001,17.2,62.46666666666667,259.9,33.17542145958611,31.777025115671115
2022-07-25,30.9,24.5,27.175,84.29166666666667,95,11.095833333333333,16.6,230.28333333333333,775.6,42.07831054769849,36.560689671777666
2022-07-26,29.0,24.8,26.75,86.20833333333333,95,10.504166666666666,14.8,137.12083333333334,501.4,36.152862440286285,33.897293531555505
2022-07-27,31.2,24.5,27.120833333333334,84.5,97,9.591666666666667,14.5,216.7458333333333,798.3,43.264641117958035,36.92881422455121
2022-07-28,32.5,24.7,28.308333333333334,77.66666666666667,96,8.450000000000001,12.2,262.12916666666666,838.9,45.154570978395185,37.46913364052446
2022-07-29,32.4,25.7,28.724999999999998,76.04166666666667,92,9.15,15.1,254.27916666666667,816.6,44.08667908223418,37.16001088161546
2022-07-30,31.9,25.7,28.458333333333332,76.20833333333333,88,10.170833333333333,14.8,246.42916666666667,848.2,42.459487310468425,36.31062581460455
2022-07-31,31.3,25.6,28.212500000000002,76.54166666666667,89,11.666666666666666,16.4,238.83333333333334,798.3,40.62841616854209,36.31062581460455
2022-08-01,32.6,25.7,28.445833333333336,75.95833333333333,92,11.262500000000001,16.6,249.5583333333333,803.4,44.7457625945072,37.53769789623125
2022-08-02,31.9,25.5,28.2,81.25,92,9.879166666666666,16.3,221.80416666666667,774.5,44.53605662849686,39.06988406427577
2022-08-03,31.6,26.0,28.15416666666667,83.29166666666667,93,6.566666666666666,9.3,173.01666666666665,622.3,44.27769969076555,38.91894001249777
2022-08-04,31.4,25.4,27.662499999999998,86.91666666666667,97,4.483333333333333,9.1,188.4375,701.0,45.02222211127259,39.06695666762446
2022-08-05,30.3,25.2,27.066666666666666,89.45833333333333,97,5.9750000000000005,11.1,131.0,660.7,41.68470314183422,37.4175633960955
2022-08-06,30.7,24.7,27.083333333333332,88.66666666666667,99,6.258333333333333,11.9,161.64583333333334,618.2,42.95218762621227,37.38059095922454
2022-08-07,32.5,25.3,28.391666666666666,83.20833333333333,97,6.2124999999999995,10.4,250.85833333333335,843.1,47.74767578732898,40.74581760555563
2022-08-08,32.5,26.0,28.6875,83.91666666666667,97,5.104166666666667,7.7,230.32083333333333,754.4,48.094040714361626,42.30925652777788
2022-08-09,32.0,25.6,28.3125,85.83333333333333,99,7.545833333333333,12.0,191.79999999999998,795.2,46.96662753971011,40.40927367955577
2022-08-10,31.2,25.2,27.733333333333334,84.58333333333333,95,11.820833333333333,15.6,211.24166666666667,762.6,43.29739722358419,38.264080449991106
2022-08-11,30.0,26.0,27.208333333333332,87.125,96,19.650000000000002,29.5,157.67083333333332,723.8,39.79829789053812,36.03886131111113
2022-08-12,31.5,25.7,27.84583333333333,83.25,93,17.1875,23.3,183.94583333333333,805.9,43.88530530097587,38.49456536306456
2022-08-13,31.4,25.4,27.7,80.33333333333333,91,15.15,22.1,237.70000000000002,790.5,42.36706218818185,37.263807475384425
2022-08-14,30.6,24.4,26.745833333333334,84.25,93,12.7875,18.8,209.91666666666666,858.1,40.98603740934563,36.269643046097826
2022-08-15,29.6,24.7,26.575,86.58333333333333,96,9.575000000000001,14.4,130.35,554.0,38.23750633938269,34.52896775996457
2022-08-16,27.5,24.6,25.816666666666666,91.95833333333333,97,15.225,20.7,89.65416666666665,418.3,32.47912584195856,31.134696943055765
2022-08-17,28.5,24.8,26.170833333333334,89.08333333333333,96,19.7375,25.3,98.91666666666667,341.5,35.178857305667144,32.84086814644454
2022-08-18,29.8,24.8,26.78333333333333,84.75,92,14.445833333333333,19.4,184.50833333333333,759.4,38.389349047567556,35.75722778935101
2022-08-19,30.9,24.4,27.054166666666664,83.66666666666667,94,12.683333333333332,18.1,214.20416666666665,795.7,41.8487513532929,37.629335512737924
2022-08-20,31.2,24.7,27.641666666666666,80.83333333333333,95,10.725,14.8,211.00833333333333,716.7,41.86080907485366,36.639429006951175
2022-08-21,31.8,24.5,28.0,77.83333333333333,94,11.083333333333334,13.8,244.25,762.7,42.76843972034906,36.90573619219542
2022-08-22,29.1,25.2,27.05,82.25,90,15.370833333333332,19.8,122.10000000000001,498.7,35.533383213418915,33.7370596941311
2022-08-23,26.9,25.0,25.97083333333333,89.125,93,17.845833333333335,22.0,52.770833333333336,259.4,30.365753137773467,29.97311158491559
2022-08-24,29.9,24.4,26.6375,82.875,93,15.529166666666667,22.5,92.93333333333334,359.0,38.17584848754146,33.88487792837119
2022-08-25,31.2,23.2,27.037499999999998,79.95833333333333,96,10.583333333333334,14.3,247.20833333333334,817.7,41.536623446839975,35.536341379395694
2022-08-26,31.0,24.6,27.4375,78.45833333333333,98,7.816666666666666,12.6,244.0666666666667,814.1,40.33667065334638,34.42573241441779
2022-08-27,30.3,23.7,26.983333333333334,82.25,97,7.291666666666667,13.1,244.63750000000002,830.1,39.297028582348986,35.28283770601565
2022-08-28,31.2,23.5,27.070833333333336,78.70833333333333,94,7.375,11.6,238.9,743.2,41.080733192421555,35.017469511324556
2022-08-29,30.9,24.6,27.59166666666667,79.95833333333333,95,5.770833333333333,8.7,224.67083333333335,742.1,40.528026836211566,35.13282209719792
2022-08-30,31.9,24.9,28.495833333333334,80.375,95,3.4125,7.0,225.7541666666667,825.3,44.164459326399864,39.76179563209793
2022-08-31,32.3,25.9,29.083333333333332,80.20833333333333,96,5.295833333333333,9.7,232.44166666666663,805.9,45.56550705356175,40.62683580385787
2022-09-01,32.3,26.6,28.72083333333333,81.95833333333333,96,7.120833333333334,10.0,182.25416666666663,707.3,46.36497492098145,40.177589223635565
2022-09-02,32.3,25.6,28.7625,83.125,99,4.425,6.4,215.275,792.9,46.909082166390945,39.816139017651125
2022-09-03,33.0,26.4,29.679166666666664,79.125,99,5.4875,10.1,251.77083333333334,813.7,47.70666686396539,41.403484995111086
2022-09-04,33.0,26.4,29.229166666666668,71.79166666666667,85,11.950000000000001,16.8,224.98333333333335,768.7,44.25419357895302,37.62226879305571
2022-09-05,32.0,26.0,28.53333333333333,72.79166666666667,84,9.975,14.6,217.27916666666667,761.7,41.451775728544575,36.260436462095704
2022-09-06,31.5,25.9,28.337500000000002,76.29166666666667,87,6.141666666666667,10.4,238.65833333333333,795.9,41.17966022710675,36.579356690791265
2022-09-07,34.0,25.4,29.65833333333333,70.66666666666667,89,5.825,8.0,257.27916666666664,852.9,47.116288244098754,38.39286542044451
2022-09-08,35.0,27.2,29.900000000000002,73.91666666666667,89,8.4125,14.7,238.5625,853.7,52.66220439853412,43.42203294476448
2022-09-09,35.8,27.5,31.05,74.95833333333333,90,8.229166666666666,17.3,249.73749999999998,861.7,56.64440134016806,44.862132333671184
2022-09-10,35.6,25.8,30.608333333333334,75.875,95,8.708333333333334,14.5,259.66249999999997,874.8,56.41023344720834,43.91276584636458
2022-09-11,33.5,26.6,28.8,84.45833333333333,97,5.420833333333333,15.0,215.17083333333335,818.6,52.63676026526406,41.802286935111155
2022-09-12,32.8,26.1,28.258333333333336,87.33333333333333,98,6.920833333333333,17.5,205.78333333333333,738.7,51.13499613657884,40.83692286935104
2022-09-13,31.3,24.9,27.166666666666668,89.16666666666667,98,5.495833333333334,11.7,159.50833333333333,625.7,45.56993818186745,39.10697982771569
2022-09-14,30.5,24.9,26.7625,90.0,98,5.358333333333333,11.2,138.0,568.4,42.65912022594443,37.12206514155554
2022-09-15,30.0,24.6,26.304166666666664,92.41666666666667,99,9.112499999999999,15.1,122.94166666666666,751.9,41.52014105675146,36.54856370836459
2022-09-16,31.5,24.5,27.0,85.25,97,14.087499999999999,21.5,223.42499999999998,797.9,44.714448940142475,37.381094097111244
2022-09-17,31.5,23.4,27.170833333333334,80.54166666666667,99,8.9125,13.5,242.38333333333333,835.3,42.79914137535899,35.182733568995545
2022-09-18,31.8,24.2,27.770833333333332,79.08333333333333,99,6.2,9.5,248.85416666666666,846.3,43.27211095720655,35.55203763279116
2022-09-19,31.5,24.1,27.75,76.66666666666667,92,8.333333333333334,11.2,199.64999999999998,737.3,41.31838090670999,35.660733546444476
2022-09-20,31.3,25.0,27.870833333333334,75.0,89,11.424999999999999,15.0,233.60416666666666,798.4,40.08555516175111,35.65159826097569
2022-09-21,31.4,24.0,27.429166666666664,73.54166666666667,89,11.987499999999999,15.6,243.19583333333333,763.8,39.88430701765363,34.926915054631245
2022-09-22,31.4,24.0,27.366666666666664,70.29166666666667,88,14.929166666666667,19.9,202.07916666666665,687.8,38.788366888781866,34.2800016413512
2022-09-23,31.0,24.4,27.266666666666666,70.875,83,15.0875,20.2,193.51250000000002,684.8,37.86452531550692,33.665803991555485
2022-09-24,31.4,23.9,27.287499999999998,72.16666666666667,88,11.670833333333334,16.6,226.15833333333333,771.6,39.41336223164995,34.45528245019576
2022-09-25,31.6,23.4,27.1125,73.75,90,8.141666666666667,11.5,249.3708333333333,829.2,40.56751267739057,34.1933344015645
2022-09-26,31.5,23.7,27.166666666666668,78.45833333333333,96,7.0874999999999995,14.5,213.42916666666667,816.9,41.992310013437645,35.57801656399798
2022-09-27,32.2,23.9,27.933333333333334,73.16666666666667,92,6.395833333333333,11.1,222.70833333333334,756.8,42.22994575214187,36.48221239155565
2022-09-28,32.3,24.2,28.083333333333332,73.08333333333333,87,6.825,10.0,210.1,777.7,42.517336574408965,36.775126332444664
2022-09-29,33.6,24.3,28.541666666666668,69.875,88,7.845833333333334,14.8,230.83333333333334,827.6,45.36699902281141,37.850443735537766
2022-09-30,34.0,24.8,28.95,66.58333333333333,84,7.425,9.9,246.42916666666667,859.8,45.11507472634419,37.73453079511117
2022-10-01,33.7,25.4,29.079166666666666,59.375,74,10.458333333333334,13.7,244.13750000000002,862.7,41.10736223413393,36.04414917260437
2022-10-02,32.5,24.2,28.241666666666664,66.04166666666667,87,8.129166666666666,10.8,238.29166666666666,810.0,40.38725293622936,35.04451980555562
2022-10-03,32.7,24.7,28.345833333333335,66.20833333333333,86,7.108333333333333,11.5,233.67083333333335,787.6,41.016907208319786,34.79179459861124
2022-10-04,35.1,24.9,29.4875,54.583333333333336,74,8.554166666666667,13.2,243.1875,864.3,42.831767232166094,36.13750250839786
2022-10-05,36.4,25.8,30.46666666666667,47.25,69,13.220833333333333,16.4,239.8708333333333,853.1,42.90731842427947,36.41478169155558
2022-10-06,34.5,27.4,30.25,53.291666666666664,67,11.104166666666666,15.6,171.3083333333333,776.9,40.757224485680695,35.75535508329567
2022-10-07,28.5,22.7,25.870833333333334,79.5,93,13.991666666666667,29.3,93.9375,485.2,33.292454663736144,32.09432399463126
2022-10-08,27.4,23.3,25.0625,90.5,97,7.641666666666667,13.7,83.17083333333333,428.0,31.968909716084486,30.76812416140438
2022-10-09,31.3,24.4,27.254166666666666,84.66666666666667,99,6.995833333333334,11.7,170.6833333333333,543.5,43.707222348129164,36.88432429295104
2022-10-10,32.2,24.9,27.895833333333332,84.25,99,6.283333333333334,13.3,203.71666666666667,774.7,47.03863826406578,38.692929311715645
2022-10-11,33.5,24.5,28.45,75.29166666666667,99,6.470833333333334,9.4,223.85,778.7,47.66730776659502,37.002267798611165
2022-10-12,34.0,24.0,28.291666666666668,69.5,96,5.908333333333334,11.7,227.0,783.6,46.530561495611174,37.01083879755558
2022-10-13,34.1,22.3,27.366666666666664,55.166666666666664,77,8.475,13.1,243.39166666666665,851.2,40.49408581438014,33.51908717765115
2022-10-14,33.5,22.2,27.170833333333334,52.333333333333336,65,10.5375,14.8,241.67499999999998,847.1,38.066638520024775,33.13646465177782
2022-10-15,34.1,21.8,27.09166666666667,51.708333333333336,71,8.429166666666667,12.9,240.40833333333333,843.9,39.210519902261275,33.36986995772452
2022-10-16,33.8,21.5,26.77916666666667,51.375,70,10.9625,17.6,241.52916666666667,847.9,38.41491224467868,33.02024103015117
2022-10-17,34.1,21.3,26.849999999999998,44.916666666666664,60,10.833333333333334,15.9,240.38749999999996,848.8,36.97855534787599,32.39292790977781
2022-10-18,34.8,20.9,26.770833333333332,51.666666666666664,68,8.541666666666666,12.0,236.89166666666665,836.6,40.85129409973141,33.98764884692456
2022-10-19,34.2,20.4,27.066666666666666,53.291666666666664,78,6.879166666666666,10.6,236.1875,837.5,40.02584081697532,33.98764884692456
2022-10-20,33.7,20.8,27.40416666666667,54.375,74,7.941666666666666,14.9,219.84166666666667,775.1,39.226481199025635,36.21120368155552
2022-10-21,34.6,22.8,27.895833333333332,42.125,65,12.191666666666668,16.1,232.70000000000002,826.3,37.10313782775197,33.14911354593783
2022-10-22,34.2,22.3,27.224999999999998,35.666666666666664,50,13.025,17.3,232.21666666666667,827.2,34.71010760229731,32.17364914455115
2022-10-23,34.1,19.5,26.4875,42.166666666666664,60,7.325,11.9,230.86249999999998,822.1,36.18366142478604,32.38601230228451
2022-10-24,33.7,20.3,26.370833333333334,41.458333333333336,57,7.270833333333333,9.9,230.63750000000002,822.1,35.28284960348229,31.940048661555554
2022-10-25,34.0,19.7,26.454166666666666,42.875,59,7.341666666666666,12.9,229.21666666666667,817.0,36.19726311862157,32.277837979597805
2022-10-26,33.4,19.9,26.304166666666664,47.25,65,6.533333333333334,9.7,226.54166666666666,810.9,36.294868464254414,32.073647803964484
2022-10-27,33.8,19.5,27.170833333333334,47.25,74,5.2625,8.6,222.23749999999998,798.8,37.08896128663457,32.43395563492447
2022-10-28,34.4,21.5,26.925,44.375,66,7.429166666666667,14.1,219.57083333333333,791.7,37.40284377789812,33.05238764332449
2022-10-29,34.1,20.5,26.645833333333332,45.208333333333336,64,6.554166666666666,10.5,210.25833333333333,789.7,37.06654234213706,33.08287447089559
2022-10-30,34.5,20.5,26.6375,43.125,64,8.637500000000001,14.3,218.85416666666666,788.7,37.213999903223076,32.742842929357856
2022-10-31,33.2,19.2,25.329166666666666,43.25,57,10.991666666666667,17.6,222.63333333333333,801.8,34.86268028699955,31.394056379804535
2022-11-01,33.2,19.7,25.40833333333333,48.208333333333336,61,9.895833333333334,12.2,217.2541666666667,782.6,36.17598889186739,31.837922322524477
2022-11-02,34.3,19.8,26.233333333333334,50.333333333333336,72,8.1625,11.8,216.23749999999998,783.6,39.17710652909737,33.17876188852448
2022-11-03,34.5,19.7,26.566666666666666,49.041666666666664,70,7.416666666666667,10.2,214.0,775.6,39.166905844463145,33.43419822244448
2022-11-04,34.9,19.6,26.554166666666664,50.5,72,6.4375,9.0,212.8708333333333,773.6,40.63331209382059,33.618596792115596
2022-11-05,35.2,19.2,26.587500000000002,51.166666666666664,82,6.0125,10.8,210.85,767.6,41.62990728570113,33.871428248115606
2022-11-06,35.0,20.5,27.09166666666667,46.958333333333336,66,6.479166666666667,9.6,202.64583333333334,757.5,39.526392881346496,33.74460505555558
2022-11-07,34.2,20.6,26.608333333333334,49.875,69,5.733333333333333,8.2,199.22083333333333,742.4,38.79165999080031,33.05238764332449
2022-11-08,34.0,20.0,26.45,47.791666666666664,72,6.575,9.9,192.54583333333335,733.4,37.66784056566479,32.39292790977781
2022-11-09,33.8,19.7,26.145833333333332,46.666666666666664,72,5.5249999999999995,8.4,203.975,748.6,36.91244879469441,32.04876029260454
2022-11-10,33.2,20.2,25.833333333333332,47.875,68,7.958333333333333,10.5,202.85000000000002,744.6,36.081976231089406,31.721403503564474
2022-11-11,33.6,21.0,26.424999999999997,43.958333333333336,58,10.466666666666667,13.4,202.52083333333334,744.7,35.75921223467656,32.06259338127783
2022-11-12,32.5,21.4,26.004166666666666,44.625,59,11.275,17.8,199.525,735.7,33.98859440505651,31.394984948611143
2022-11-13,32.1,19.4,24.78333333333333,45.291666666666664,61,9.020833333333334,12.9,201.0375,740.8,33.467920955258705,30.60549244516446
2022-11-14,32.1,18.5,24.587500000000002,48.083333333333336,62,6.4125000000000005,9.5,199.8708333333333,736.8,34.091451187708515,30.81513032863115
2022-11-15,32.7,18.5,25.229166666666668,49.375,73,7.241666666666667,11.6,197.88750000000002,731.9,35.52378420969087,31.38651697783118
2022-11-16,32.8,19.9,25.504166666666666,46.041666666666664,67,8.679166666666667,12.1,196.83749999999998,730.0,34.847958300425084,31.26543070881779
2022-11-17,31.6,19.5,24.7625,37.083333333333336,48,10.35,13.4,197.4375,731.1,31.26225407842266,29.844450121297786
2022-11-18,31.0,17.4,23.420833333333334,36.708333333333336,51,10.429166666666667,13.5,198.6625,736.2,30.4666475856613,29.21934324844447
2022-11-19,30.6,16.0,22.704166666666666,39.208333333333336,53,8.6625,11.8,198.14166666666665,735.3,30.303515677154433,28.772346040871142
2022-11-20,31.0,17.2,23.304166666666664,42.583333333333336,58,9.520833333333334,12.6,195.86666666666667,728.4,31.302888132163616,29.27700910977778
2022-11-21,30.6,18.0,23.066666666666666,44.25,59,10.6875,14.8,195.65,729.5,31.01117158356771,28.862074399484484
2022-11-22,31.3,16.1,23.308333333333334,42.666666666666664,65,8.233333333333333,11.6,195.51250000000002,728.7,31.73719328083137,29.387130316151115
2022-11-23,31.0,16.6,23.09583333333333,41.583333333333336,57,8.541666666666666,11.4,189.02916666666667,708.6,31.147766430904394,29.27700910977778
2022-11-24,30.9,17.4,23.108333333333334,43.041666666666664,63,10.241666666666667,14.7,192.9416666666667,721.9,31.237105545659535,29.185145324797855
2022-11-25,30.6,16.6,22.545833333333334,38.375,56,10.970833333333333,16.0,194.0375,725.1,30.198396687385316,28.772346040871142
2022-11-26,30.8,17.0,22.6375,37.833333333333336,54,10.133333333333333,13.9,192.85833333333332,721.2,30.369669641212088,28.98947117763555
2022-11-27,30.8,15.4,22.09166666666667,44.208333333333336,60,7.3875,10.9,191.30416666666667,717.4,31.282343716866972,29.0940557446578
2022-11-28,30.9,15.1,22.358333333333334,44.666666666666664,63,6.8875,10.3,189.76666666666665,712.5,31.498586290624107,29.246508132915594
2022-11-29,31.4,16.3,23.15416666666667,45.0,66,8.833333333333334,12.7,187.3166666666667,705.6,32.29746645260447,29.96410766499558
2022-11-30,31.3,18.7,23.920833333333334,39.416666666666664,53,12.279166666666667,16.3,186.02083333333334,699.7,31.21871896727299,29.557245693757814
2022-12-01,30.4,18.1,23.229166666666668,44.125,58,11.6,18.2,185.27083333333334,697.9,30.721451384809306,29.05500129463114
2022-12-02,30.0,16.7,22.662499999999998,45.708333333333336,63,7.270833333333333,11.4,185.14166666666665,698.1,30.41363261360913,28.61567085555551
2022-12-03,30.0,16.6,22.537499999999998,48.333333333333336,68,7.945833333333333,9.7,160.60416666666666,603.7,30.79305132098764,28.681861811111162
2022-12-04,30.9,15.7,22.570833333333336,46.541666666666664,72,7.8875,11.1,180.3166666666667,687.4,31.81717199652074,29.246508132915594
2022-12-05,30.7,16.1,23.05,48.375,63,8.75,11.5,179.15833333333333,677.4,31.834779320757352,29.810015459535634
2022-12-06,31.3,19.5,24.375,50.416666666666664,67,9.75,15.0,175.8166666666667,674.6,33.20993806522001,30.608016457217786
2022-12-07,30.8,18.3,23.566666666666666,51.75,72,11.5375,15.4,178.50833333333333,677.8,32.62666703727947,30.02981844241779
2022-12-08,29.9,17.3,22.675,38.291666666666664,61,11.320833333333333,14.2,183.10833333333335,692.2,29.389032847362905,28.225214221775598
2022-12-09,29.8,15.6,21.8,36.666666666666664,50,11.529166666666667,15.1,184.75833333333333,698.5,29.118921557420247,28.2786152806044
2022-12-10,30.4,16.1,22.212500000000002,40.583333333333336,56,11.1625,15.8,183.27916666666667,694.7,30.236108019674575,28.68783999868448
2022-12-11,31.4,17.1,23.558333333333334,44.791666666666664,61,11.2875,15.5,179.20000000000002,679.7,32.25899609404629,30.05619754423113
2022-12-12,32.9,20.2,26.0625,49.333333333333336,61,8.954166666666667,12.7,173.48749999999998,659.6,35.902038901240275,32.69984507868444
2022-12-13,32.3,22.3,26.833333333333332,48.916666666666664,63,14.483333333333334,17.8,163.48749999999998,642.5,34.65168865984221,32.52945533039111
2022-12-14,30.3,22.5,25.97083333333333,45.958333333333336,61,12.841666666666667,17.9,153.075,582.0,30.856328207797233,30.862593380495525
2022-12-15,32.0,21.7,26.1875,51.875,66,9.683333333333334,14.6,144.61249999999998,585.0,34.824357227871644,31.935141747111157
2022-12-16,32.8,20.7,26.349999999999998,49.333333333333336,68,7.2375,10.4,166.07916666666668,633.0,35.706451322753594,32.881969130435536
2022-12-17,33.3,21.0,26.895833333333332,42.791666666666664,59,8.454166666666667,11.0,168.19166666666666,641.4,34.92313729798798,32.55980467532447
2022-12-18,33.1,20.6,25.75,41.916666666666664,65,8.820833333333333,12.6,171.20833333333334,652.8,34.37320192865374,31.601938793437814
2022-12-19,32.5,18.6,24.695833333333336,48.5,75,6.5,9.6,171.375,654.1,34.917314918402816,30.936622215277787
2022-12-20,32.0,18.5,24.45,49.0,80,5.6375,8.7,170.33333333333334,651.3,34.12696010355566,30.703782179111176
2022-12-21,31.8,16.2,23.566666666666666,29.5,52,7.1000000000000005,11.2,174.89999999999998,666.8,30.5367494710356,29.621026886417788
2022-12-22,30.9,16.0,22.7375,31.916666666666668,52,8.362499999999999,10.4,176.84166666666667,673.2,29.811755766740824,28.991129228371165
2022-12-23,28.0,15.4,20.841666666666665,32.125,53,10.525,15.1,179.75,681.6,27.198304803399367,28.45405378401782
2022-12-24,26.5,12.3,19.191666666666666,45.666666666666664,70,8.695833333333333,11.6,181.54999999999998,688.0,26.764908422246922,31.075172594895516
2022-12-25,27.1,14.9,20.01666666666667,44.833333333333336,62,11.866666666666667,17.4,180.51666666666665,684.1,27.199891982592035,28.301446007597757
2022-12-26,28.1,14.5,20.216666666666665,45.25,59,10.770833333333334,14.7,178.75833333333333,678.2,28.149149635106784,29.221636542444497
2022-12-27,28.6,15.0,20.5,48.583333333333336,66,10.541666666666666,14.6,179.30416666666667,679.5,29.003729198972525,28.011638085395546
2022-12-28,29.4,15.0,20.991666666666667,47.75,68,10.204166666666667,14.8,177.86666666666667,673.5,29.898940091614495,28.17274142491562
2022-12-29,30.5,14.9,21.96666666666667,45.875,71,7.454166666666667,10.2,174.57083333333333,665.6,31.12329344805635,29.150727149111145
2022-12-30,30.0,17.7,22.8875,42.833333333333336,60,9.35,12.6,172.9625,658.6,30.031524952006148,29.167844777777727
2022-12-31,27.7,15.1,20.729166666666668,49.0,70,10.695833333333333,15.0,179.34583333333333,680.3,28.041252997235524,26.839479943991154
2023-01-01,27.7,14.5,20.0125,44.583333333333336,60,9.4625,13.0,178.92083333333335,677.5,27.712404794686663,29.339539534335618
2023-01-02,27.7,13.0,19.533333333333335,48.083333333333336,66,9.008333333333333,13.0,181.2875,685.8,27.97004345970513,31.26703338577778
2023-01-03,27.4,14.5,20.066666666666666,46.083333333333336,67,11.737499999999999,15.1,180.475,683.0,27.53889254819097,28.42780307777779
2023-01-04,25.1,13.3,18.625,42.166666666666664,68,17.554166666666667,21.7,186.26666666666665,701.6,25.784607325586023,29.68444338090456
2023-01-05,25.9,12.3,18.650000000000002,42.416666666666664,58,18.087500000000002,22.3,178.95833333333334,676.2,26.228334013785176,32.918915393615535
2023-01-06,28.8,15.4,21.75,43.333333333333336,53,15.608333333333334,19.8,175.42083333333335,664.1,28.7055931807981,28.47121033735114
2023-01-07,30.0,17.6,23.375,50.791666666666664,73,11.558333333333332,14.9,177.1291666666667,670.5,31.174812260136978,29.167844777777727
2023-01-08,29.9,17.0,22.758333333333336,53.541666666666664,73,9.25,13.3,179.95833333333334,678.9,31.471283653677332,28.80971341106447
2023-01-09,29.9,15.9,22.462500000000002,53.75,77,8.104166666666666,11.6,181.9416666666667,685.2,31.506377051652333,28.6597882547711
2023-01-10,29.9,15.3,22.016666666666666,51.166666666666664,83,6.933333333333334,9.8,182.97916666666666,688.4,31.083882922332677,28.465861756364493
2023-01-11,29.9,14.8,22.2,46.083333333333336,77,7.758333333333333,12.1,185.29999999999998,694.8,30.332965384638946,28.465861756364493
2023-01-12,29.1,18.2,22.883333333333336,53.583333333333336,94,11.700000000000001,17.3,179.8791666666667,675.5,30.258950817133375,28.291017706337755
2023-01-13,26.2,13.8,19.383333333333333,39.083333333333336,57,8.495833333333334,10.9,191.82083333333333,715.6,26.2885848912807,30.42579632439122
2023-01-14,25.7,11.6,18.104166666666668,44.291666666666664,74,9.529166666666667,12.3,193.0,719.9,26.16898925027736,31.55496649743121
2023-01-15,25.2,11.8,17.241666666666667,35.375,50,10.275,14.7,196.28333333333333,730.3,25.639841656528247,33.63074529363551
2023-01-16,26.0,9.5,16.854166666666668,36.541666666666664,58,8.895833333333334,13.1,198.11249999999998,736.6,26.07886576649812,38.959575319055524
2023-01-17,27.1,12.1,18.225,31.875,42,11.137500000000001,15.2,196.39166666666665,730.6,26.55857424032058,32.06044617559777
2023-01-18,27.9,12.7,19.016666666666666,34.791666666666664,50,12.299999999999999,17.3,196.62083333333337,728.7,27.263407706459198,32.20203447418448
2023-01-19,29.2,13.9,20.4875,39.208333333333336,53,10.450000000000001,15.8,196.45416666666665,728.8,28.738161326037446,30.427723461217813
2023-01-20,29.0,12.8,20.45,40.416666666666664,63,7.3500000000000005,12.9,196.4958333333333,726.8,28.64380823944138,31.74548314579552
2023-01-21,27.8,12.5,20.095833333333335,35.333333333333336,57,9.208333333333334,14.6,197.09166666666667,729.0,27.216262669675125,32.60248236111116
2023-01-22,25.5,11.7,18.508333333333333,37.333333333333336,59,9.579166666666667,13.8,202.8125,748.6,25.8427414679692,34.02192741572443
2023-01-23,25.9,11.2,18.191666666666666,44.791666666666664,71,8.491666666666667,11.7,201.01250000000002,740.5,26.310173936362464,33.15897420881779
2023-01-24,26.2,11.9,18.795833333333334,46.25,75,10.095833333333333,13.2,202.55416666666667,745.7,26.568510928867777,30.43834490527111
2023-01-25,26.4,12.3,19.033333333333335,37.916666666666664,65,12.358333333333334,15.7,203.95416666666665,748.8,26.365608816718968,32.12492443055103
2023-01-26,27.6,12.8,19.733333333333334,36.25,50,12.791666666666666,16.9,200.61666666666667,737.6,27.113822296590687,32.04173357548441
2023-01-27,28.9,15.3,21.383333333333336,49.125,67,14.804166666666667,19.6,202.17083333333332,741.8,29.428599291541484,28.1825764545045
2023-01-28,28.7,18.2,22.71666666666667,55.166666666666664,70,13.9,19.8,172.21666666666667,678.0,29.891639098659994,28.479566080157806
2023-01-29,28.0,18.0,21.270833333333332,73.58333333333333,96,7.6499999999999995,17.3,183.59166666666667,718.6,31.154980478269994,28.27484308711111
2023-01-30,28.1,15.2,20.820833333333333,69.16666666666667,100,7.416666666666667,13.0,187.45416666666665,753.3,30.747404349906063,27.253170970684494
2023-01-31,27.9,15.4,20.7625,55.166666666666664,86,14.016666666666667,19.1,212.0041666666667,772.8,28.810976415646792,26.897041041164485
2023-02-01,27.2,14.8,20.195833333333333,51.333333333333336,80,15.525,20.3,214.85833333333335,776.9,27.69869166319214,26.66329010228452
2023-02-02,29.2,13.8,20.379166666666666,39.625,62,12.3125,17.7,219.65416666666667,794.4,28.776552429529424,29.92064094385784
2023-02-03,30.0,14.4,21.25,40.75,61,10.370833333333334,15.6,216.94166666666663,784.3,29.77648477743052,29.247661098995575
2023-02-04,30.6,12.9,21.025000000000002,42.625,67,9.208333333333334,12.2,219.58333333333334,793.4,30.769646953363083,30.611561541875613
2023-02-05,31.7,14.1,22.0625,43.708333333333336,65,6.683333333333334,9.5,218.21666666666667,787.2,32.51360334278229,29.917249037404456
2023-02-06,30.2,15.8,22.329166666666666,53.583333333333336,74,8.408333333333333,12.7,216.275,779.0,31.967192823295576,28.866478765991165
2023-02-07,31.3,16.1,23.27916666666667,55.708333333333336,95,8.125,11.2,219.00833333333333,789.5,34.40688019140085,29.625042102195568
2023-02-08,31.6,14.6,22.608333333333334,40.25,61,7.241666666666666,11.6,224.36666666666667,805.7,31.755822648106133,29.56689004227557
2023-02-09,33.1,14.8,23.741666666666664,39.791666666666664,65,6.791666666666667,9.3,224.54583333333335,804.6,33.8958515239699,30.909987582984474
2023-02-10,32.8,15.7,23.929166666666664,39.125,53,8.983333333333333,12.8,227.10833333333335,811.7,33.292335171194864,30.811968624551103
2023-02-11,30.0,16.7,22.358333333333334,56.25,92,8.520833333333334,11.2,226.92083333333335,816.4,32.11385136631942,28.553710244444435
2023-02-12,32.9,17.6,24.40833333333333,43.208333333333336,83,12.270833333333334,16.6,229.13750000000002,817.4,34.338329748872106,30.59000491753779
2023-02-13,31.5,16.3,22.854166666666668,25.666666666666668,39,10.495833333333334,14.8,235.17083333333335,836.3,29.869895834098813,29.343333809555613
2023-02-14,33.0,14.5,23.079166666666666,31.791666666666668,54,7.8500000000000005,9.8,235.40416666666667,836.1,32.26607710932334,30.627495551555594
2023-02-15,35.2,15.6,24.712500000000002,33.958333333333336,52,7.166666666666667,10.2,237.22083333333333,840.1,35.891136570019626,34.69999324755558
2023-02-16,36.9,16.5,25.925,35.208333333333336,62,7.6000000000000005,10.0,239.1291666666667,845.2,39.22914355158184,34.20481978613112
2023-02-17,36.5,17.5,26.425,31.833333333333332,55,9.137500000000001,12.0,241.5041666666667,853.3,37.455245624834866,33.817105030611174
2023-02-18,36.5,18.1,26.875,33.25,54,6.883333333333333,9.5,241.15833333333333,849.1,37.87413333583687,34.10065370377778
2023-02-19,36.4,17.8,26.691666666666666,35.958333333333336,63,7.2375,9.7,241.525,851.0,38.54814394088469,34.10880824851552
2023-02-20,36.5,17.5,26.579166666666666,33.958333333333336,69,7.941666666666666,13.1,243.53333333333333,857.0,38.09152821762283,33.9010565695556
2023-02-21,34.5,17.3,25.266666666666666,37.708333333333336,67,9.366666666666665,13.0,243.85833333333335,863.1,35.69256014065757,32.15069626705559
2023-02-22,33.9,18.1,25.15416666666667,45.083333333333336,78,7.933333333333334,12.1,237.67083333333335,836.1,36.63936505506071,31.827592305884437
2023-02-23,33.7,18.4,25.150000000000002,42.25,76,7.5874999999999995,9.3,244.71666666666667,859.8,35.48659090267683,31.430898582657775
2023-02-24,34.7,16.2,25.575,31.5,59,6.904166666666666,10.5,250.72500000000002,875.0,34.55239408914947,32.16904336731557
2023-02-25,34.6,17.4,25.491666666666664,32.625,56,5.941666666666666,10.0,248.2125,866.6,34.645267357452,32.18301123553778
2023-02-26,34.9,17.7,25.841666666666665,32.583333333333336,59,7.854166666666667,11.4,250.26250000000002,871.6,35.089079314742236,32.35642077819554
2023-02-27,36.0,19.5,27.15833333333333,28.041666666666668,48,8.708333333333334,13.0,249.67499999999998,867.3,35.69618992778515,33.33863418311114
2023-02-28,35.9,20.1,27.325,26.416666666666668,43,7.55,11.8,249.9625,868.2,35.199684052745575,33.243763026531155
2023-03-01,36.4,20.9,28.1375,27.208333333333332,48,6.366666666666667,11.5,250.86249999999998,870.1,36.088378942349486,33.72086218583111
2023-03-02,37.1,20.2,28.329166666666666,26.708333333333332,45,7.191666666666666,11.6,252.21666666666667,875.0,37.00502179061176,34.40038627155558
2023-03-03,38.3,21.6,29.625,23.708333333333332,39,8.429166666666667,12.3,243.375,867.7,37.9931170748915,35.73570690651556
2023-03-04,38.7,22.5,30.379166666666666,21.5,34,8.670833333333333,14.1,249.72083333333333,870.6,37.96958727228284,36.15734535771563
2023-03-05,37.4,24.5,30.3,27.458333333333332,45,11.6875,20.2,245.19583333333333,866.3,37.66805154055093,35.35915752929781
2023-03-06,36.4,22.4,28.254166666666666,33.5,49,10.408333333333333,22.6,215.775,809.7,37.776083222971074,34.10880824851552
2023-03-07,35.1,21.0,27.183333333333334,39.125,72,8.991666666666667,14.6,241.19583333333333,876.1,37.13964507947904,33.041719478675596
2023-03-08,36.0,21.2,28.1125,26.375,46,8.887500000000001,15.8,248.76666666666665,847.3,35.330272420038234,33.49075753644447
2023-03-09,35.4,21.0,27.775000000000002,30.416666666666668,58,10.708333333333334,15.7,260.8,893.2,35.35041943183839,32.896828921564435
2023-03-10,35.5,21.6,27.71666666666667,24.833333333333332,43,9.966666666666667,15.3,265.7625,911.4,34.35708677813122,32.86702177661113
2023-03-11,36.1,21.0,28.1125,23.166666666666668,39,8.858333333333333,13.7,265.9916666666667,907.1,34.833257330725274,33.507294870995594
2023-03-12,37.4,20.9,29.09583333333333,22.541666666666668,35,8.766666666666667,13.9,224.73749999999998,879.2,36.42737143531094,34.80555209619558
2023-03-13,37.9,23.1,30.375,22.416666666666668,34,8.65,12.0,234.58333333333334,821.7,37.08517821409268,35.319136955795585
2023-03-14,37.8,22.0,30.166666666666668,23.125,41,8.8,17.2,251.47916666666666,835.5,37.11896873938303,35.09322673799115
2023-03-15,34.5,22.4,28.4375,27.208333333333332,44,9.370833333333334,24.5,137.12916666666666,476.2,33.46864132878948,32.30593905794451
2023-03-16,36.0,21.3,28.4375,35.75,53,8.383333333333335,16.3,246.3791666666667,839.3,37.75346079998615,34.047797027555575
2023-03-17,33.0,21.9,27.09166666666667,48.666666666666664,68,10.075000000000001,23.9,234.15,789.9,35.913040437135805,31.389669071997893
2023-03-18,33.9,21.6,26.34166666666667,56.125,77,7.920833333333333,16.5,208.27916666666667,867.8,40.36079092756582,32.98636029823112
2023-03-19,33.0,19.6,25.462500000000002,55.25,85,7.0874999999999995,23.7,240.8083333333333,862.5,37.894016544527965,31.754798024551103
2023-03-20,32.7,19.8,26.05,49.0,80,9.833333333333334,17.6,262.4291666666667,879.7,35.423788981235646,31.154972367517832
2023-03-21,33.5,20.8,26.766666666666666,47.083333333333336,73,7.745833333333334,16.4,251.8791666666667,850.6,36.44257692077823,31.718108318444493
2023-03-22,32.7,20.8,26.733333333333334,48.666666666666664,71,7.512499999999999,11.7,240.97916666666666,851.7,35.33572305311588,31.914889922424486
2023-03-23,33.9,23.1,27.84583333333333,50.958333333333336,74,9.658333333333333,20.2,252.7875,852.5,38.496455590412715,33.152375537971174
2023-03-24,33.5,22.4,27.291666666666668,49.541666666666664,79,12.629166666666668,18.8,272.05833333333334,923.3,37.17657209073617,31.6187126950556
2023-03-25,32.6,20.7,26.166666666666668,44.291666666666664,73,9.545833333333333,14.2,280.075,937.8,34.081571542722095,30.68622041427558
2023-03-26,33.8,20.1,26.72083333333333,37.5,58,8.3375,11.0,281.09166666666664,940.7,34.496493889417835,31.66978244883561
2023-03-27,35.2,20.0,27.416666666666668,29.166666666666668,49,7.2,11.6,285.64166666666665,953.7,34.785798823431406,32.7729342312178
2023-03-28,35.0,20.2,27.47083333333333,29.708333333333332,45,6.745833333333334,11.1,283.6375,945.3,34.612497634124196,32.65047505555558
2023-03-29,36.0,22.2,29.1125,32.375,52,9.970833333333333,14.9,280.625,939.0,36.7788614137049,33.933736896275555
2023-03-30,32.4,22.8,27.0,53.791666666666664,74,10.775,20.6,194.15416666666667,795.0,36.138935371796016,32.31731931987563
2023-03-31,33.3,20.3,26.570833333333336,51.833333333333336,87,10.529166666666667,16.4,269.4458333333333,890.7,37.46684212590449,31.603556700157817
2023-04-01,35.0,21.6,28.066666666666666,49.708333333333336,87,8.104166666666666,10.7,278.90833333333336,900.6,40.56157520819833,33.297485255555564
2023-04-02,35.2,22.6,28.379166666666666,38.625,64,9.766666666666667,12.6,278.53749999999997,945.3,37.17390587318151,33.53309114643562
2023-04-03,36.6,22.9,29.34583333333333,40.0,75,11.879166666666668,17.0,282.1791666666667,943.0,40.36879122771565,34.74409493427558
2023-04-04,35.1,23.3,29.166666666666668,43.25,74,10.954166666666666,18.1,272.125,912.3,38.44231295804578,34.817268934771135
2023-04-05,36.7,24.2,30.070833333333336,36.375,65,9.137500000000001,15.5,271.3125,921.8,39.252619789103115,34.7845285346111
2023-04-06,37.4,23.8,30.008333333333336,28.458333333333332,50,9.487499999999999,13.4,288.72499999999997,959.7,37.95410061279238,34.80555209619558
2023-04-07,36.7,25.4,30.379166666666666,25.166666666666668,38,9.108333333333333,23.0,225.48749999999998,853.7,36.04887886637122,34.565035485057805
2023-04-08,37.1,24.9,31.1125,30.375,45,6.245833333333334,11.3,264.6458333333333,928.8,38.028918861887306,35.70851699167115
2023-04-09,38.7,24.5,31.733333333333334,25.125,38,6.995833333333334,11.5,275.52916666666664,894.0,39.01873344340317,36.502040487617805
2023-04-10,39.5,25.9,32.670833333333334,24.041666666666668,38,7.641666666666667,15.3,286.21666666666664,949.8,39.92918759622229,37.30684383073781
2023-04-11,40.0,26.6,33.141666666666666,26.166666666666668,44,8.7875,12.7,277.49583333333334,949.7,41.53182273163585,38.38935690329778
2023-04-12,39.5,26.5,32.34583333333334,27.666666666666668,45,10.358333333333333,17.1,282.3541666666667,950.5,41.238783547580205,37.8841498357778
2023-04-13,39.4,26.3,32.112500000000004,29.25,59,9.929166666666667,14.3,251.0875,913.2,41.6806087422345,37.30684383073781
2023-04-14,39.8,25.4,32.362500000000004,28.041666666666668,52,10.275,14.1,294.7916666666667,964.4,41.92522897176721,37.77555870721781
2023-04-15,39.5,25.1,32.045833333333334,29.708333333333332,51,9.420833333333333,15.0,292.6333333333333,961.2,42.05321663106953,37.8841498357778
2023-04-16,39.6,24.8,31.849999999999998,31.875,58,7.8999999999999995,13.2,296.75416666666666,966.1,43.178680034031544,37.12456357779558
2023-04-17,40.8,26.0,33.045833333333334,30.958333333333332,65,9.066666666666666,19.1,288.07916666666665,965.9,45.20183611029845,38.45410231251557
2023-04-18,40.4,26.6,33.541666666666664,27.708333333333332,55,9.629166666666666,16.9,282.92083333333335,959.7,42.88666874568591,38.75418723571559
2023-04-19,40.2,27.6,33.920833333333334,25.458333333333332,51,12.475,19.5,286.50416666666666,954.4,41.59858148423297,38.38935690329778
2023-04-20,38.0,26.8,32.40416666666667,28.166666666666668,49,13.2875,18.6,276.51666666666665,959.4,38.84523844889511,36.24759186044451
2023-04-21,38.5,25.8,31.599999999999998,36.166666666666664,74,10.533333333333333,14.4,290.15416666666664,944.0,42.80451176250152,36.275707823777765
2023-04-22,38.9,26.8,31.941666666666666,30.958333333333332,66,13.291666666666666,19.2,283.96666666666664,914.4,41.42883349644839,36.20923459733117
2023-04-23,40.4,25.6,32.22083333333333,26.833333333333332,57,16.145833333333332,24.0,294.09583333333336,973.2,42.51112730810701,37.20512295276447
2023-04-24,39.5,22.4,31.854166666666668,15.625,41,9.75,18.7,298.07916666666665,979.1,37.561690557563395,36.11186625355556
2023-04-25,40.0,23.6,32.25833333333333,16.708333333333332,25,7.6375,14.8,307.96250000000003,991.2,38.43987230342401,36.82807374444446
2023-04-26,39.7,26.8,32.229166666666664,28.375,55,13.433333333333332,24.3,244.90833333333333,905.8,41.878400719330934,38.13578312345779
2023-04-27,38.3,24.8,31.662499999999998,41.708333333333336,78,8.6,11.7,277.03333333333336,902.3,44.94289302774823,37.28988247135115
2023-04-28,38.4,26.6,32.141666666666666,36.458333333333336,60,10.362499999999999,21.0,269.65833333333336,890.6,42.71957241318224,37.67941098387561
2023-04-29,34.2,24.6,28.416666666666668,54.791666666666664,73,9.595833333333333,18.9,211.625,885.3,40.598623672986584,33.93183322412451
2023-04-30,32.6,20.2,26.479166666666668,64.625,95,9.833333333333334,23.4,257.5125,895.5,40.14136223492715,32.905686405484474
2023-05-01,34.6,22.8,28.141666666666666,54.875,80,9.0,19.1,275.6041666666667,918.6,41.64664006853862,34.105776329671116
2023-05-02,35.0,23.7,28.462500000000002,57.208333333333336,75,5.866666666666667,11.6,241.375,908.3,43.736758256809516,35.33981687777781
2023-05-03,34.4,24.2,29.84166666666667,50.208333333333336,73,6.016666666666667,14.9,215.625,820.7,39.3593586421692,35.01117433583116
2023-05-04,37.5,24.9,31.675,43.958333333333336,69,6.604166666666667,16.8,239.89166666666668,842.6,44.08807191261815,37.6957981944445
2023-05-05,38.7,26.5,32.00416666666667,44.125,63,7.158333333333334,14.5,245.95416666666665,838.2,47.21979267581601,38.67545768775785
2023-05-06,37.6,25.6,32.09583333333333,45.625,86,8.970833333333333,15.4,210.39583333333334,657.1,45.149473413309394,37.30808019103112
2023-05-07,40.0,28.4,33.983333333333334,38.958333333333336,63,10.75,17.1,265.5125,875.6,47.66657853027584,40.359909044444436
2023-05-08,40.2,28.0,33.92916666666667,34.75,53,10.025,14.2,273.77916666666664,949.5,45.84839901534562,39.600581335357795
2023-05-09,42.7,27.0,34.733333333333334,33.458333333333336,63,9.2125,12.7,291.09583333333336,937.3,50.97736979994266,41.00109455322446
2023-05-10,43.3,27.4,34.74583333333333,21.5,41,11.166666666666666,16.8,310.43333333333334,980.8,45.14323579368279,40.32430210569557
2023-05-11,43.1,27.2,34.97083333333333,18.875,32,10.729166666666666,19.4,309.8958333333333,979.8,43.54153133003899,40.32891583511115
2023-05-12,43.6,28.2,35.645833333333336,20.833333333333332,45,12.866666666666667,19.0,310.51666666666665,981.7,45.308635102951406,40.30569731436448
2023-05-13,43.7,28.5,35.829166666666666,27.583333333333332,48,12.4,16.3,304.84166666666664,964.5,49.43024285604929,41.49125952339557
2023-05-14,42.7,28.3,34.97083333333333,37.416666666666664,65,13.958333333333334,19.5,295.30833333333334,953.3,53.75030592418045,41.78347337787558
2023-05-15,41.9,27.6,33.608333333333334,51.083333333333336,78,15.183333333333332,23.1,288.56666666666666,943.2,62.24301580912965,42.43595682812449
2023-05-16,41.6,28.2,33.449999999999996,52.666666666666664,76,15.025,22.1,279.475,904.7,62.523077037592174,42.63398697482441
2023-05-17,41.3,27.5,33.608333333333334,50.041666666666664,82,13.154166666666667,20.0,291.46666666666664,947.2,59.197712330204666,41.28468026803562
2023-05-18,40.7,26.8,33.637499999999996,46.5,87,13.3125,19.3,273.30833333333334,930.0,54.4826839808829,41.68850828844455
2023-05-19,42.0,28.5,34.81666666666667,42.541666666666664,77,11.6625,15.5,292.4916666666667,924.9,55.55358514494259,43.19437673663117
2023-05-20,42.1,28.8,34.84166666666667,42.541666666666664,74,11.408333333333333,16.1,290.94166666666666,937.1,55.85768872754328,42.98942316219557
2023-05-21,41.7,28.6,34.61666666666667,44.5,76,12.7875,16.5,290.4875,946.2,56.1245904788606,41.653534732151115
2023-05-22,41.5,27.3,33.75,49.041666666666664,80,13.174999999999999,20.7,293.92083333333335,943.2,59.07315604819246,41.79699492045111
2023-05-23,40.9,28.2,33.59583333333333,51.166666666666664,78,13.070833333333333,20.5,302.28333333333336,952.3,58.70772201426611,41.25439422963559
2023-05-24,42.6,28.0,34.270833333333336,48.291666666666664,81,15.720833333333333,25.9,291.6125,931.1,62.30298270913889,43.02620105697562
2023-05-25,41.6,28.4,34.041666666666664,45.75,71,16.983333333333334,26.3,280.20416666666665,914.9,56.77368408450617,41.58078392503119
2023-05-26,41.3,27.8,33.30416666666667,50.75,75,17.925,25.0,273.8041666666667,873.4,59.78212530633901,43.32602275819553
2023-05-27,42.3,28.5,33.77916666666667,51.375,72,18.420833333333334,26.4,279.425,918.0,64.00336970013652,43.5797896681578
2023-05-28,39.4,28.6,33.25416666666667,51.291666666666664,71,11.9625,23.3,231.225,851.2,53.723601220921246,43.73397665827559
2023-05-29,36.9,24.4,30.391666666666666,61.333333333333336,86,10.266666666666667,25.5,265.6166666666667,930.2,51.93140519656468,39.23963494237114
2023-05-30,37.7,25.1,30.854166666666668,59.25,83,8.654166666666667,32.3,252.85,871.5,53.381015395202354,40.57779183609559
2023-05-31,39.9,26.5,33.166666666666664,42.458333333333336,72,11.9625,23.9,291.0125,938.4,49.46453038375179,40.04780723500451
2023-06-01,41.7,26.1,33.916666666666664,45.041666666666664,84,14.854166666666666,23.3,299.91249999999997,942.6,56.54265923799959,41.488846309235605
2023-06-02,40.7,28.4,33.81666666666667,53.958333333333336,77,15.308333333333335,18.4,273.3,864.6,60.26593167468968,43.134595411111164
2023-06-03,39.4,29.1,32.858333333333334,58.416666666666664,76,11.079166666666666,25.1,233.71249999999998,875.8,58.98760901914815,43.536509951191164
2023-06-04,40.6,28.7,33.5625,56.833333333333336,87,11.5,18.5,283.2291666666667,917.4,62.31532101798476,43.03333522994446
2023-06-05,41.6,29.1,34.30416666666667,53.458333333333336,76,11.920833333333334,16.6,270.90000000000003,822.6,63.2272466484051,44.58839399444448
2023-06-06,41.6,29.0,34.0875,52.916666666666664,79,10.762500000000001,19.9,292.55,927.7,62.74442325556346,43.32602275819553
2023-06-07,42.4,29.1,34.579166666666666,51.958333333333336,76,10.487499999999999,19.8,294.0,920.6,64.92895876903627,43.85926085427556
2023-06-08,41.5,30.4,34.77916666666667,50.125,71,12.433333333333332,18.9,285.1458333333333,913.6,59.97112446243854,44.06229884092451
2023-06-09,41.8,29.2,34.78333333333333,48.541666666666664,67,14.304166666666667,22.8,282.50416666666666,922.8,59.697533235970745,43.268345465591146
2023-06-10,41.0,29.9,34.2125,51.458333333333336,69,18.008333333333333,24.1,275.4875,919.8,59.29799450213831,44.043759046391116
2023-06-11,39.3,29.1,33.31666666666667,55.833333333333336,78,17.454166666666666,26.9,269.7916666666667,827.6,56.64302628363052,43.631261812611086
2023-06-12,39.3,29.1,32.78333333333333,57.0,73,20.191666666666666,33.0,272.2708333333333,887.6,57.519923907991114,42.23902266866449
2023-06-13,36.8,28.6,31.945833333333336,63.166666666666664,80,25.22083333333333,31.8,258.52500000000003,862.3,52.74179724552321,42.43650502865787
2023-06-14,36.7,26.4,31.308333333333334,65.75,87,24.53333333333333,31.0,259.9875,816.9,54.0567621670558,42.83909740851561
2023-06-15,34.3,26.3,29.712500000000002,71.79166666666667,92,25.920833333333334,39.5,210.87083333333337,695.0,48.77283391364503,38.709845595635635
2023-06-16,36.0,26.4,29.8,72.08333333333333,91,31.945833333333336,43.0,180.20833333333334,746.9,55.53048292071461,41.41854391155563
2023-06-17,34.5,26.6,30.175,68.66666666666667,90,26.90416666666667,32.7,152.16666666666666,711.4,47.819983360561814,39.88022217177785
2023-06-18,36.6,27.7,31.474999999999998,62.208333333333336,82,24.545833333333334,29.9,196.82500000000002,621.1,51.43047584815908,41.14959698689782
2023-06-19,37.6,27.2,31.804166666666664,61.791666666666664,80,16.279166666666665,21.3,219.95000000000002,791.7,54.73973514222179,42.962486662204554
2023-06-20,37.8,27.7,32.25416666666667,58.958333333333336,81,13.8125,18.1,235.60416666666666,720.8,53.53703496858928,41.28011848668445
2023-06-21,39.0,28.5,32.954166666666666,55.916666666666664,76,12.795833333333334,19.1,256.8125,841.2,55.6393935758673,42.48817846243557
2023-06-22,38.5,28.5,33.0,56.833333333333336,76,12.758333333333333,18.9,254.65833333333333,836.4,54.53584597964967,42.7314179879444
2023-06-23,38.8,29.2,33.38333333333333,56.0,75,11.729166666666666,15.3,236.03333333333333,774.8,54.99790632535107,42.48817846243557
2023-06-24,36.1,28.8,31.825,61.583333333333336,78,12.754166666666668,18.5,156.57916666666668,550.5,49.35521636368539,40.43800889463115
2023-06-25,35.8,26.5,29.679166666666664,75.83333333333333,92,9.791666666666666,15.9,206.85833333333335,739.4,57.24774241496849,41.77429078807121
2023-06-26,31.1,26.0,27.729166666666668,85.83333333333333,96,9.2875,16.4,116.14166666666667,423.4,43.410210519395044,36.96948016347562
2023-06-27,29.9,26.0,27.708333333333332,85.70833333333333,95,8.35,13.2,90.15833333333335,275.5,39.01156667661705,35.75722778935101
2023-06-28,32.8,26.2,27.8125,87.95833333333333,97,6.7625,13.2,145.15,672.5,51.47364805160964,40.65317770487115
2023-06-29,29.4,25.6,26.804166666666664,90.75,96,10.404166666666667,15.6,94.85000000000001,340.0,38.706050480281434,35.162845805564515
2023-06-30,27.9,24.7,26.05,93.875,99,11.35,16.0,53.15416666666667,228.6,34.10035986522239,32.95960282465777
2023-07-01,29.8,24.4,26.34583333333333,93.16666666666667,99,10.329166666666667,14.2,114.85000000000001,607.8,40.96930330304555,37.05922669041773
2023-07-02,33.1,25.5,28.8625,82.75,97,8.979166666666666,12.8,204.16666666666666,741.0,49.97194521310686,41.69025567407118
2023-07-03,33.9,26.4,29.97083333333333,78.0,95,7.245833333333334,12.1,259.6875,843.7,50.65093124271787,43.17699356388446
2023-07-04,33.8,27.0,30.02916666666667,80.70833333333333,95,8.2875,14.1,226.3125,757.3,51.773109808131665,43.76278992695126
2023-07-05,33.6,27.2,29.258333333333336,82.58333333333333,95,7.891666666666667,13.0,202.34166666666667,730.8,51.995849932376736,42.98917633367119
2023-07-06,31.4,25.9,28.175,87.29166666666667,96,5.3500000000000005,9.5,163.32083333333333,586.9,45.180831422294496,40.043660639431124
2023-07-07,31.2,25.9,27.954166666666666,87.91666666666667,97,5.833333333333333,11.4,143.12083333333334,502.6,44.63864954525851,38.81561699499562
2023-07-08,32.1,25.9,27.954166666666666,87.66666666666667,97,11.6625,17.4,181.13750000000002,722.1,48.252263307918184,40.336024129697776
2023-07-09,30.2,25.6,27.325,89.54166666666667,96,14.241666666666667,19.1,154.875,593.8,41.32930114671622,37.412816272124616
2023-07-10,31.0,25.1,26.683333333333334,92.125,98,12.85,19.7,133.2875,613.4,45.55347586661805,39.502224791555506
2023-07-11,32.3,25.9,28.525000000000002,83.16666666666667,96,14.387500000000001,19.3,179.24166666666667,584.2,46.928679226863004,41.301185426895636
2023-07-12,32.7,26.1,28.695833333333336,82.70833333333333,93,11.816666666666668,16.0,189.5041666666667,770.6,48.30839008732662,41.717281624504615
2023-07-13,32.4,26.2,28.912499999999998,81.625,91,10.279166666666667,15.7,155.05833333333334,661.0,46.59696843840935,40.09279065287127
2023-07-14,32.8,26.1,28.90833333333333,80.25,91,11.7125,22.4,222.84166666666667,749.9,47.488949974932865,39.72086129665786
2023-07-15,29.7,25.5,27.895833333333332,85.20833333333333,95,9.970833333333333,19.2,152.60833333333332,514.4,38.18632263287774,37.02525314308462
2023-07-16,33.1,26.2,29.1375,77.45833333333333,89,10.0875,17.0,234.30416666666667,767.5,47.26147837338556,39.26991952877112
2023-07-17,32.6,25.7,29.291666666666668,78.66666666666667,93,9.008333333333333,11.5,224.07500000000002,743.5,45.97607749834476,40.65317770487115
2023-07-18,31.0,26.5,28.120833333333334,87.29166666666667,96,9.045833333333333,16.0,141.25,544.0,43.59655777614283,39.83783645644454
2023-07-19,31.1,26.0,27.6375,90.33333333333333,98,5.454166666666667,11.3,167.17916666666667,720.2,45.229751451396766,40.50104811471791
2023-07-20,32.7,25.5,27.795833333333334,89.08333333333333,98,6.766666666666667,17.8,161.35,658.7,51.631215493947266,42.93984714041781
2023-07-21,32.8,26.4,28.775000000000002,84.70833333333333,95,8.424999999999999,12.4,210.79999999999998,798.4,49.74265909865021,42.42346980385773
2023-07-22,31.3,25.8,27.6875,88.25,96,5.358333333333333,8.6,135.11249999999998,781.4,45.18138812200576,39.40094385771561
2023-07-23,31.9,26.0,27.849999999999998,88.79166666666667,97,8.708333333333334,14.6,181.775,564.9,47.93388576456097,40.478285337537734
2023-07-24,31.4,26.0,27.816666666666666,86.125,96,12.691666666666668,22.0,166.0,642.7,44.68998750118298,40.043660639431124
2023-07-25,31.7,25.5,27.883333333333336,86.41666666666667,96,10.158333333333333,16.0,184.04999999999998,614.5,46.01135800180347,39.88822849001779
2023-07-26,32.1,25.5,28.254166666666666,84.66666666666667,96,8.420833333333333,14.0,204.88333333333333,743.1,46.830949631542616,40.704078368415566
2023-07-27,33.0,25.8,28.6375,83.33333333333333,96,11.258333333333333,15.4,210.11249999999998,854.7,49.86347890350622,41.403484995111086
2023-07-28,31.9,25.9,28.099999999999998,83.79166666666667,96,14.458333333333334,18.7,209.95416666666665,698.6,45.64213796926566,39.06988406427577
2023-07-29,31.7,25.3,27.745833333333334,82.20833333333333,93,13.4375,21.3,205.3125,780.6,44.19968982031066,38.86094437290459
2023-07-30,31.4,25.1,27.766666666666666,82.16666666666667,91,14.1625,19.8,167.49583333333334,695.6,43.081890992835135,38.051438537884536
2023-07-31,31.3,25.1,27.21666666666667,86.54166666666667,94,12.0375,17.4,182.70000000000002,752.1,44.46970646892181,39.40094385771561
2023-08-01,31.6,25.5,27.854166666666668,84.0,95,14.229166666666666,19.2,178.61249999999998,639.3,44.5743496482312,38.692929311715645
2023-08-02,32.8,25.3,28.587500000000002,78.58333333333333,91,17.1125,23.3,234.35416666666666,737.2,46.68234053000184,39.36290717779549
2023-08-03,31.2,26.0,28.208333333333332,80.33333333333333,91,14.616666666666667,22.5,162.225,626.8,41.675049645408656,36.96948016347562
2023-08-04,31.7,25.1,28.15416666666667,82.75,95,13.629166666666668,18.2,168.6875,734.9,44.42697064531683,38.53040728683566
2023-08-05,32.3,25.8,28.962500000000002,80.04166666666667,93,12.862499999999999,18.3,227.24166666666667,816.2,45.49041198868095,38.771033985004436
2023-08-06,32.6,25.4,28.8625,77.04166666666667,92,16.579166666666666,22.6,223.24166666666667,725.0,45.23187081477697,38.51466065153786
2023-08-07,32.0,25.5,28.570833333333336,73.5,86,20.329166666666666,26.7,213.69583333333333,742.6,41.724030944278,37.07428412177793
2023-08-08,32.0,26.0,28.758333333333336,73.79166666666667,85,18.083333333333332,24.5,220.36666666666667,645.9,41.83704659434091,37.691331245777945
2023-08-09,31.9,25.2,28.483333333333334,76.29166666666667,88,14.8375,21.4,214.47083333333333,729.2,42.49254132653081,37.57446888753559
2023-08-10,32.0,25.2,27.983333333333334,80.58333333333333,90,11.816666666666668,17.3,183.05833333333337,670.7,44.61888513464067,38.20581567725109
2023-08-11,31.9,24.7,28.099999999999998,78.125,93,10.733333333333333,14.7,253.72916666666666,868.4,43.23052528548746,36.84174641063781
2023-08-12,31.7,25.2,27.920833333333334,79.08333333333333,93,12.549999999999999,17.6,213.275,822.2,42.92251691712128,37.432531024071196
2023-08-13,32.3,25.2,28.679166666666664,73.45833333333333,86,16.479166666666668,22.6,217.875,711.6,42.66948823397683,37.54580958161787
2023-08-14,32.5,25.6,28.78333333333333,75.0,86,15.358333333333334,18.9,211.76250000000002,726.8,43.9805077611112,37.94237669444462
2023-08-15,32.4,25.6,28.991666666666664,74.16666666666667,87,12.016666666666666,16.6,232.10833333333335,770.1,43.29009729281805,38.353811838915625
2023-08-16,33.2,25.7,28.891666666666666,74.95833333333333,93,10.320833333333333,14.6,255.57500000000002,833.6,46.40993136421602,37.94237669444462
2023-08-17,32.3,25.2,28.433333333333334,73.20833333333333,89,13.679166666666667,18.1,218.67499999999998,689.1,42.567951592219835,37.46913364052446
2023-08-18,32.9,24.8,28.558333333333334,69.45833333333333,89,11.620833333333332,15.5,243.47916666666666,751.0,42.923587212677795,36.33079502241779
2023-08-19,33.3,24.9,28.695833333333336,71.79166666666667,91,10.262500000000001,16.6,252.96666666666667,810.0,45.25855251840337,36.90136592578457
2023-08-20,31.5,25.8,28.1125,75.875,88,12.908333333333333,19.2,179.67499999999998,595.2,41.0264738041399,36.784657198444485
2023-08-21,30.6,25.0,27.78333333333333,78.875,92,10.933333333333332,14.8,137.65833333333333,513.8,39.19524165728537,35.73459665427562
2023-08-22,32.8,25.5,28.8,75.95833333333333,90,12.770833333333334,18.0,221.59166666666667,760.9,45.45154736623178,38.3312440373155
2023-08-23,32.9,26.1,28.941666666666666,72.41666666666667,86,14.112499999999999,20.9,212.02083333333334,783.7,44.19922959207421,37.273004613464565
2023-08-24,33.6,26.0,29.325,70.0,83,16.133333333333333,23.3,225.67916666666667,802.6,45.426055931715474,38.50312205979564
2023-08-25,34.3,25.2,29.354166666666668,70.58333333333333,87,14.120833333333332,18.7,237.8708333333333,815.7,48.12864017193869,38.47331737911121
2023-08-26,33.7,25.3,28.787499999999998,71.75,87,11.516666666666666,16.3,251.88750000000002,824.4,46.61295811305243,37.52986117420437
2023-08-27,34.0,24.8,28.962500000000002,69.16666666666667,88,12.741666666666667,18.8,256.69166666666666,835.8,46.36526100615448,37.95779035708452
2023-08-28,34.7,24.8,29.058333333333334,68.45833333333333,87,13.408333333333333,19.4,251.50833333333333,818.1,48.405111267063916,37.56421285531556
2023-08-29,34.3,24.5,29.1875,67.5,84,10.387500000000001,15.6,242.02916666666667,824.5,46.54099825190953,38.07810072057563
2023-08-30,34.1,25.6,29.34166666666667,67.875,86,8.0,12.6,261.90833333333336,841.6,46.06305178874566,37.95779035708452
2023-08-31,33.8,25.3,29.566666666666666,68.45833333333333,90,6.620833333333334,11.1,265.2291666666667,857.0,45.35672853738124,38.402339327535685
2023-09-01,34.8,25.2,30.087500000000002,63.333333333333336,86,6.229166666666667,10.7,269.1375,882.1,46.075373549183404,38.458679509111136
2023-09-02,34.9,26.4,30.316666666666666,60.833333333333336,76,7.991666666666667,12.0,262.55,838.2,45.15353635282452,38.28569183039781
2023-09-03,34.4,26.7,30.325,61.625,76,8.245833333333334,13.0,259.4791666666667,831.0,44.033833009464885,38.9300934206755
2023-09-04,34.5,26.4,29.941666666666666,58.166666666666664,73,9.366666666666667,12.2,249.39583333333334,871.5,42.7744786709091,37.483663913277866
2023-09-05,35.8,26.2,30.47083333333333,59.458333333333336,80,9.804166666666667,15.1,274.1375,910.0,47.214490602936195,39.09115466508454
2023-09-06,36.7,26.8,31.170833333333334,60.875,89,14.5375,21.0,261.0166666666667,894.6,50.957928621015604,41.36938992655783
2023-09-07,36.0,25.7,30.208333333333332,72.95833333333333,95,10.733333333333334,18.3,219.3791666666667,809.4,56.12299602834071,41.83291942311117
2023-09-08,36.3,25.8,29.504166666666666,75.83333333333333,91,10.895833333333334,15.0,215.86249999999998,837.5,59.459269525726796,42.64919922295124
2023-09-09,36.6,26.6,29.891666666666666,73.16666666666667,93,12.5,19.1,150.29583333333332,617.0,58.82540543411514,40.32950552940437
2023-09-10,35.3,25.9,29.829166666666666,68.66666666666667,87,12.958333333333334,19.4,251.85,884.4,50.66910858317508,40.05757246347558
2023-09-11,35.7,26.1,30.075,66.33333333333333,84,14.483333333333334,18.9,233.28750000000002,817.8,50.743842913014255,40.3426237854845
2023-09-12,34.9,25.7,29.412499999999998,68.20833333333333,85,13.416666666666666,18.6,219.47916666666666,725.0,48.97138379191327,38.369303175971275
2023-09-13,33.9,26.5,29.90833333333333,66.79166666666667,85,9.779166666666667,15.9,238.4625,834.8,44.89404462586328,38.62769929603572
2023-09-14,34.3,27.0,30.2625,66.04166666666667,86,10.0,14.2,238.78333333333333,795.2,45.81819740711927,39.187218137617705
2023-09-15,32.5,26.7,29.275000000000002,72.5,84,11.804166666666667,18.4,195.625,679.2,42.923341485069514,38.353811838915625
2023-09-16,33.0,25.8,28.650000000000002,76.25,90,18.724999999999998,24.1,137.4625,700.7,46.306810103861125,38.47331737911121
2023-09-17,28.0,24.7,25.920833333333334,90.54166666666667,94,23.90833333333333,28.5,55.55416666666667,305.9,33.84310745133155,32.73258643911113
2023-09-18,26.4,24.6,25.508333333333336,93.54166666666667,97,19.316666666666666,25.9,43.67083333333333,164.2,29.309014605913553,29.143381596515596
2023-09-19,29.1,24.5,26.483333333333334,88.75,97,17.825,23.2,160.97083333333333,642.5,37.10712915334688,33.94281318847107
2023-09-20,30.4,25.2,27.287499999999998,88.45833333333333,96,12.254166666666668,15.2,167.26250000000002,667.7,41.71839676907922,38.00266040716455
2023-09-21,32.5,25.6,28.495833333333334,83.41666666666667,98,7.804166666666667,14.2,239.03333333333333,793.3,47.8491968731579,39.46122974255111
2023-09-22,32.2,25.4,28.587500000000002,83.04166666666667,96,6.358333333333333,9.9,218.71666666666667,780.9,46.47594812353308,39.439927639591204
2023-09-23,31.3,25.7,28.058333333333334,86.54166666666667,96,5.695833333333333,12.0,189.47916666666666,641.1,44.46970646892181,39.74047668909108
2023-09-24,30.5,24.7,27.358333333333334,88.08333333333333,98,6.604166666666667,10.7,160.37916666666666,678.2,41.96634147007438,37.409861516610924
2023-09-25,31.0,24.1,27.454166666666666,85.875,97,4.579166666666667,8.7,180.59583333333333,779.6,43.046195113840355,38.21222073644439
2023-09-26,32.3,24.9,27.929166666666664,86.41666666666667,98,4.033333333333333,9.4,230.35833333333335,760.0,48.49223711045331,41.301185426895636
2023-09-27,31.7,25.2,27.395833333333332,89.5,97,6.0,12.3,117.61666666666667,392.7,47.40555384806061,41.719278214895525
2023-09-28,33.1,24.9,27.59166666666667,88.95833333333333,99,5.416666666666667,13.0,190.9,834.8,53.41349489397408,43.35506363209781
2023-09-29,34.0,24.7,28.983333333333334,78.70833333333333,100,5.133333333333334,7.4,237.21666666666667,847.8,51.45722696724803,41.603487796515644
2023-09-30,35.6,23.1,29.070833333333336,67.91666666666667,87,7.004166666666666,11.4,242.53333333333333,864.9,51.32506731327462,39.91665920673792
2023-10-01,35.7,23.8,28.854166666666668,64.83333333333333,88,7.141666666666667,13.4,252.01250000000002,876.9,49.86646827960373,40.67967030579567
2023-10-02,33.6,23.2,27.866666666666664,70.875,85,7.966666666666666,11.0,254.22916666666666,875.7,45.842872650858205,39.46122974255111
2023-10-03,33.6,22.5,27.55,67.08333333333333,83,6.929166666666667,10.7,254.01250000000002,875.6,44.079871099867056,39.76179563209793
2023-10-04,33.2,21.7,26.925,68.79166666666667,81,7.616666666666666,11.0,253.15833333333333,874.5,43.57951053488371,39.649617373944544
2023-10-05,33.0,21.0,26.816666666666666,68.29166666666667,89,7.279166666666666,11.0,253.13333333333333,874.4,42.74347408597155,38.81561699499562
2023-10-06,32.3,21.1,26.625,72.95833333333333,88,8.166666666666666,13.5,242.29999999999998,850.0,42.46682375864306,39.649617373944544
2023-10-07,32.5,23.1,27.55,74.625,88,7.3125,10.1,242.77499999999998,853.9,43.81924804047319,37.381094097111244
2023-10-08,33.4,23.4,28.066666666666666,71.70833333333333,89,6.583333333333333,8.8,246.2875,855.8,45.55910354666645,38.733145081971166
2023-10-09,33.6,23.0,27.695833333333336,69.0,87,8.191666666666666,10.5,243.6208333333333,847.6,44.95701901729777,38.60854546615113
2023-10-10,32.3,23.5,27.391666666666666,71.79166666666667,94,7.120833333333334,9.0,242.78333333333333,852.5,42.00029922122412,38.53040728683566
2023-10-11,33.9,22.7,28.1125,66.58333333333333,88,6.720833333333334,9.4,241.83333333333334,846.4,44.796676382653786,36.288948908444574
2023-10-12,34.5,23.4,28.704166666666666,61.708333333333336,82,4.325,8.3,238.90416666666667,846.3,44.36937838521317,36.23284518068442
2023-10-13,35.5,22.8,28.991666666666664,58.208333333333336,80,6.158333333333334,8.9,235.98333333333335,838.1,45.65760248597932,40.51858159279783
2023-10-14,35.3,24.1,29.266666666666666,54.916666666666664,69,6.366666666666667,15.1,226.05416666666667,810.7,43.518639346960065,37.95779035708452
2023-10-15,33.3,24.8,29.083333333333332,65.25,83,7.925,13.8,212.90833333333333,764.6,42.37460504400585,38.33335376355572
2023-10-16,34.0,23.6,27.9875,60.958333333333336,84,6.629166666666666,9.1,225.3791666666667,814.6,42.582200544729545,36.1001477517244
2023-10-17,33.6,22.8,27.433333333333334,57.916666666666664,71,6.8125,9.8,226.03333333333333,818.5,40.281725050489285,34.16322831780448
2023-10-18,33.3,21.1,27.400000000000002,60.208333333333336,86,6.483333333333333,12.2,215.85416666666666,771.9,40.37158153735596,34.62928997659557
2023-10-19,33.9,22.8,28.041666666666668,54.458333333333336,74,7.2625,9.5,227.35416666666666,792.1,39.73575695503039,35.71130804273777
2023-10-20,35.2,22.3,28.020833333333332,50.416666666666664,72,7.916666666666667,12.5,226.36666666666667,818.3,41.32210750941377,35.26385719363564
2023-10-21,34.5,21.8,27.545833333333334,48.416666666666664,64,7.729166666666667,12.4,217.00833333333333,809.1,38.946259096843036,35.688660880444495
2023-10-22,35.0,20.9,27.391666666666666,46.125,60,6.9875,10.4,226.35000000000002,810.1,39.22637264600694,34.6589470200245
2023-10-23,34.0,22.4,27.650000000000002,46.875,63,7.979166666666667,13.0,220.5,803.0,37.37863170195492,34.318642408504424
2023-10-24,34.5,22.2,27.208333333333332,47.166666666666664,65,7.904166666666666,10.6,221.5666666666667,803.9,38.515137632983084,33.91986541755557
2023-10-25,34.0,20.8,26.587500000000002,44.458333333333336,62,6.854166666666667,14.7,224.73333333333332,805.9,36.64919991103514,34.0846407567712
2023-10-26,34.5,20.4,26.8125,46.666666666666664,73,6.55,10.5,223.6625,803.9,38.34648660582112,33.43419822244448
2023-10-27,34.0,19.9,26.370833333333334,45.916666666666664,70,6.625,9.5,225.4125,807.9,37.0836442046404,32.65984514931556
2023-10-28,33.3,20.4,26.1875,47.416666666666664,61,6.141666666666667,10.7,216.025,763.5,36.14746990480444,32.52968410299565
2023-10-29,34.6,21.1,27.09166666666667,45.166666666666664,60,8.341666666666667,11.5,220.74166666666667,794.7,38.057473819703254,33.39997308273785
2023-10-30,34.5,21.3,26.916666666666668,42.416666666666664,54,10.320833333333333,13.3,214.6208333333333,783.6,37.00056797189856,33.27411555927787
2023-10-31,34.2,21.4,26.837500000000002,43.375,57,10.179166666666667,15.4,213.8708333333333,782.6,36.714189746398134,33.378988353191176
2023-11-01,34.1,20.9,26.554166666666664,43.875,60,9.116666666666667,12.2,211.10833333333335,775.6,36.67007743377238,33.6486596164445
2023-11-02,33.8,21.2,26.6875,45.541666666666664,57,8.504166666666666,12.2,208.9416666666667,773.6,36.5797260727886,33.095464247964436
2023-11-03,34.4,21.4,26.808333333333334,44.166666666666664,58,8.424999999999999,11.2,212.63333333333333,772.6,37.33837075659579,32.901676049617855
2023-11-04,34.4,19.9,26.604166666666668,45.5,64,6.5125,9.8,211.55416666666667,770.6,37.757436393984406,33.00077941171555
2023-11-05,34.8,20.7,27.108333333333334,39.916666666666664,58,8.658333333333333,11.2,210.82916666666665,766.5,36.823443211276015,33.19860046300449
2023-11-06,34.2,19.9,25.958333333333332,43.083333333333336,55,7.8374999999999995,10.8,167.51250000000002,630.1,36.6292822984332,32.901676049617855
2023-11-07,34.2,19.6,26.229166666666668,43.958333333333336,61,8.0375,9.9,207.55416666666667,757.5,36.88614648017543,32.63986813291561
2023-11-08,34.5,20.7,27.45,39.75,56,8.129166666666666,11.1,205.77083333333334,752.5,36.23612012505908,33.12271302955562
2023-11-09,34.7,20.1,26.5625,44.208333333333336,65,6.2250000000000005,9.2,202.41250000000002,745.5,37.94878446774355,33.152375537971174
2023-11-10,34.7,20.0,27.116666666666664,45.125,65,6.9125000000000005,12.1,197.52083333333334,734.5,38.249168597278135,33.86862174681559
2023-11-11,33.5,21.2,26.083333333333332,40.791666666666664,59,9.8375,15.5,207.13750000000002,759.8,34.77644790626867,31.718108318444493
2023-11-12,33.0,19.3,24.650000000000002,37.291666666666664,47,10.479166666666666,14.9,208.025,751.8,33.228581460230735,30.93952493511112
2023-11-13,31.8,18.1,23.866666666666664,43.125,54,9.237499999999999,13.0,174.22083333333333,735.7,32.55545914898025,30.480205070851152
2023-11-14,32.1,19.5,24.675,41.75,56,9.258333333333333,11.8,196.61249999999998,742.9,32.74801386029904,30.60549244516446
2023-11-15,32.0,19.6,24.8625,43.916666666666664,59,11.8125,17.5,199.57083333333333,735.9,33.0201781409368,30.590995150951105
2023-11-16,31.8,20.1,24.829166666666666,44.833333333333336,61,11.575000000000001,17.3,197.61249999999998,730.9,32.88774325466027,30.590995150951105
2023-11-17,31.4,19.9,24.495833333333334,48.0,64,11.262500000000001,17.0,195.35,724.0,32.87861010055113,30.481015211217798
2023-11-18,31.2,18.9,24.462500000000002,48.291666666666664,66,7.858333333333333,12.3,194.29999999999998,721.1,32.609856717725215,30.257454773777752
2023-11-19,32.5,19.3,25.474999999999998,46.666666666666664,60,8.608333333333333,12.4,191.3791666666667,713.1,34.46530940848773,31.664595931944486
2023-11-20,33.4,21.3,26.787499999999998,47.5,64,9.570833333333333,14.1,184.42083333333335,704.1,36.36650650111561,33.082027380017834
2023-11-21,32.8,22.2,26.53333333333333,46.541666666666664,64,10.612499999999999,15.9,190.03333333333333,709.3,34.973453714443345,32.06581547033781
2023-11-22,31.8,19.7,24.6875,45.75,67,8.283333333333333,10.2,191.9375,715.5,33.073315026441136,30.288190110524468
2023-11-23,30.8,17.0,23.308333333333334,46.291666666666664,70,5.958333333333333,8.2,193.63750000000002,722.8,31.62503258361691,29.153911963395558
2023-11-24,32.5,18.2,24.791666666666668,40.208333333333336,51,13.387500000000001,18.9,187.46666666666667,701.7,33.053435605500155,31.526421305555598
2023-11-25,32.6,20.8,26.258333333333336,40.208333333333336,51,13.316666666666668,18.1,178.6,671.5,33.20546179210654,32.091830523075586
2023-11-26,30.7,20.3,23.995833333333334,67.45833333333333,95,13.387500000000001,24.7,113.47083333333335,630.7,36.100320762848106,31.9459762356357
2023-11-27,26.8,19.4,22.34583333333333,82.70833333333333,96,6.925,11.2,145.3375,580.3,29.528750574341856,27.475013606051093
2023-11-28,26.5,17.8,21.541666666666668,79.33333333333333,98,7.166666666666667,9.6,167.08333333333334,625.7,28.623734344858146,27.215635481555566
2023-11-29,27.4,17.1,21.604166666666668,73.58333333333333,88,9.041666666666666,12.4,180.61249999999998,689.4,29.926468274665062,27.8809811523377
2023-11-30,28.3,17.1,22.150000000000002,72.5,86,8.304166666666667,10.7,177.71249999999998,678.4,31.636149803709486,28.60144785757121
2023-12-01,27.6,19.5,22.770833333333332,73.66666666666667,81,12.770833333333334,16.8,121.89166666666667,554.6,30.335368091441143,28.876536675537903
2023-12-02,28.3,20.5,23.995833333333334,71.29166666666667,87,14.966666666666667,18.9,167.40416666666667,639.3,31.451667632535678,29.54368846479128
2023-12-03,28.4,20.8,24.0625,75.70833333333333,88,12.737499999999999,17.2,147.02916666666667,603.6,32.3774671373938,29.9312793695646
2023-12-04,27.9,19.4,23.041666666666668,72.125,86,12.104166666666666,13.8,173.26666666666665,663.9,30.749392697705712,28.79485756011563
2023-12-05,27.7,18.5,22.108333333333334,69.25,84,14.25,18.7,177.025,672.2,30.009520712896776,28.201997486017756
2023-12-06,27.5,17.6,22.204166666666666,69.83333333333333,83,13.4375,19.0,168.57916666666668,664.3,29.71190511346455,28.22227943194455
2023-12-07,27.8,18.8,22.508333333333336,65.75,78,11.887500000000001,15.6,172.38750000000002,667.6,29.782158222174402,28.120703260184435
2023-12-08,28.3,17.9,22.129166666666666,66.41666666666667,83,9.754166666666666,13.6,175.61249999999998,671.9,30.744059375783106,28.381999301651145
2023-12-09,28.5,16.2,21.729166666666668,62.291666666666664,76,8.0625,9.7,176.65833333333333,672.1,30.523525772784822,28.27911672727775
2023-12-10,28.8,16.5,21.891666666666666,62.5,81,8.170833333333333,11.5,177.46249999999998,675.4,31.070315928695543,28.58201873665782
2023-12-11,28.7,16.2,21.754166666666666,62.916666666666664,87,6.841666666666666,10.2,177.88333333333333,676.6,30.957104062229202,28.227930631191118
2023-12-12,28.6,15.6,21.47083333333333,63.166666666666664,93,7.520833333333333,10.5,178.9125,678.9,30.818625950796573,27.984516942275565
2023-12-13,28.9,16.1,21.77916666666667,59.333333333333336,81,10.708333333333334,14.4,174.88333333333333,667.9,30.76674947921079,28.33797592205119
2023-12-14,29.5,17.1,22.566666666666666,54.0,66,10.954166666666666,14.8,174.3166666666667,664.1,30.91697367994442,29.130128917055586
2023-12-15,30.4,17.9,23.212500000000002,55.333333333333336,76,9.279166666666667,12.9,168.28333333333333,659.3,32.6407736633225,29.2144894349156
2023-12-16,29.5,17.5,22.712500000000002,53.541666666666664,73,9.679166666666667,14.3,154.14166666666668,608.7,30.846937679963034,28.50998052377775
2023-12-17,28.4,15.1,21.025000000000002,48.75,64,10.775,14.3,176.9125,669.9,28.786843982612865,28.380356770115586
2023-12-18,27.4,16.4,21.23333333333333,46.791666666666664,66,14.791666666666666,21.5,175.03333333333333,658.9,27.585900419687746,26.560832602364435
2023-12-19,26.2,16.6,20.712500000000002,48.5,63,15.708333333333334,20.7,159.5625,667.3,26.659009140617798,26.45058530703119
2023-12-20,26.2,16.8,20.925,45.083333333333336,56,14.295833333333334,19.2,144.40833333333333,619.3,26.522077800916172,26.805052678151117
2023-12-21,27.8,17.0,21.34583333333333,48.0,61,12.916666666666666,16.2,149.72916666666666,629.1,28.065666784871116,26.952184976551116
2023-12-22,28.8,17.3,22.025000000000002,53.5,68,10.883333333333333,15.9,150.15,655.8,29.82291537549556,27.95237541043558
2023-12-23,29.8,15.9,22.004166666666666,53.833333333333336,75,8.658333333333333,11.8,174.97083333333333,666.2,31.360311071140288,28.714706064924467
2023-12-24,30.2,17.4,22.479166666666668,52.0,65,11.116666666666667,15.6,175.57500000000002,667.5,31.686745079235656,29.101311372924492
2023-12-25,30.1,16.5,21.870833333333334,60.291666666666664,79,8.616666666666667,13.5,177.00416666666663,671.8,33.08347691266558,29.17756728457563
2023-12-26,30.3,16.0,22.041666666666668,62.75,83,6.958333333333333,11.3,177.67083333333335,674.0,34.019094760972386,29.481977715617763
2023-12-27,29.9,15.7,22.0,65.45833333333333,93,7.154166666666666,9.5,175.11666666666667,670.2,33.76661568163453,29.1511489608356
2023-12-28,29.9,18.5,22.97083333333333,61.041666666666664,78,11.2875,16.9,163.88333333333333,649.9,32.847525487153575,29.574540628415562
2023-12-29,29.7,17.7,22.59166666666667,62.708333333333336,81,9.270833333333334,13.0,171.9416666666667,663.5,32.78598152318183,29.455111510097748
2023-12-30,29.8,16.4,22.270833333333332,67.875,92,7.75,10.2,174.51250000000002,663.7,34.07577685360533,29.46132480099555
2023-12-31,28.9,15.7,21.59583333333333,66.5,95,6.358333333333333,10.2,175.42499999999998,665.9,31.899098683522954,28.58201873665782
2024-01-01,28.3,15.5,20.925,70.625,95,7.3875,10.7,177.72916666666666,673.3,31.351430493484013,27.822974461804506
2024-01-02,27.9,15.9,20.833333333333332,71.66666666666667,94,9.008333333333335,11.5,177.09583333333333,672.5,30.689234553843978,27.91075786899556
2024-01-03,26.9,14.9,19.758333333333333,67.125,96,9.304166666666667,12.3,179.6291666666667,679.9,28.46753292913898,26.7198488481956
2024-01-04,26.4,14.4,18.95,65.16666666666667,90,10.775,14.7,182.225,687.3,27.629083791751395,26.27702561844453
2024-01-05,25.9,13.6,18.479166666666668,67.125,91,9.391666666666667,13.0,180.14166666666665,681.3,27.058646404226433,26.213931634397735
2024-01-06,26.1,14.3,18.866666666666667,65.45833333333333,90,12.325000000000001,15.6,182.4125,688.7,27.253222066013716,27.70391932923562
2024-01-07,26.5,15.1,20.150000000000002,66.58333333333333,79,14.112499999999999,18.2,176.5583333333333,670.5,27.843926391500418,27.016399483777747
2024-01-08,27.5,17.0,21.84166666666667,71.25,88,11.808333333333332,15.2,154.30416666666665,621.4,29.865139034809065,28.22227943194455
2024-01-09,27.9,18.1,22.358333333333334,63.416666666666664,87,11.554166666666667,14.7,162.22083333333333,586.5,29.680188853194156,28.088265612631222
2024-01-10,27.9,18.0,21.8625,69.29166666666667,83,11.7125,15.4,175.67083333333335,659.7,30.384418470145604,28.425125720737828
2024-01-11,28.6,16.7,21.445833333333336,71.0,87,9.025,12.5,180.45000000000002,678.3,32.03816115713777,28.744026422915606
2024-01-12,28.9,15.5,21.445833333333336,71.29166666666667,94,6.9375,10.9,183.96666666666667,688.8,32.74496484752571,28.872441313635527
2024-01-13,28.8,15.3,21.150000000000002,63.833333333333336,94,7.7375,11.4,185.0,692.0,31.275746388610703,28.27911672727775
2024-01-14,27.7,12.6,19.391666666666666,45.75,66,8.291666666666666,12.7,191.60833333333335,714.7,27.79577451132231,31.36743080087106
2024-01-15,26.7,12.0,18.587500000000002,56.541666666666664,74,6.433333333333334,10.3,192.625,719.0,27.50644042312438,32.8819562035556
2024-01-16,26.5,11.8,18.691666666666666,60.25,91,6.325,11.0,194.40416666666667,722.2,27.49094403583684,26.691266906151117
2024-01-17,26.5,12.7,19.275000000000002,61.416666666666664,85,6.454166666666667,9.0,188.9375,704.9,27.554252784944836,27.550010160471174
2024-01-18,27.7,13.7,19.970833333333335,57.541666666666664,75,7.595833333333332,11.7,192.1208333333333,715.3,28.779283231822667,29.45974633977562
2024-01-19,27.3,15.4,20.1375,51.5,68,9.887500000000001,14.5,193.39166666666665,717.4,27.813022178016208,27.18243808161783
2024-01-20,26.8,14.0,19.529166666666665,45.791666666666664,67,9.895833333333334,12.6,196.10833333333335,727.8,27.005668651817686,29.004790501804464
2024-01-21,26.7,14.1,19.454166666666666,46.541666666666664,67,10.075000000000001,14.3,195.82083333333333,724.8,26.963271268078223,29.97250306383118
2024-01-22,27.0,13.1,18.670833333333334,48.25,71,8.8125,13.7,198.54999999999998,738.3,27.31215129480559,31.414580281164515
2024-01-23,27.3,12.1,19.304166666666667,44.208333333333336,67,7.675,9.2,200.4125,739.4,27.33196981231032,32.39691726527782
2024-01-24,27.1,13.6,19.595833333333335,47.833333333333336,68,8.004166666666666,11.0,200.83333333333334,740.5,27.37730381403641,30.110726300364473
2024-01-25,27.5,12.6,19.479166666666668,50.291666666666664,73,8.924999999999999,14.8,202.6875,746.8,27.932558003416837,30.21659026044445
2024-01-26,27.9,13.3,19.633333333333333,50.875,70,9.416666666666666,12.9,203.29166666666666,747.9,28.41410127220842,29.2122076624956
2024-01-27,29.2,13.5,20.212500000000002,50.166666666666664,71,8.791666666666666,12.7,204.17083333333335,753.1,29.94474361232033,29.447252454951112
2024-01-28,29.6,12.7,20.912499999999998,49.791666666666664,77,6.7124999999999995,10.0,205.28333333333333,752.1,30.442332171206267,30.299995898895546
2024-01-29,27.9,14.0,20.570833333333333,51.708333333333336,66,6.9624999999999995,10.9,201.20000000000002,738.8,28.488203953627988,28.94307188711107
2024-01-30,29.1,14.1,21.883333333333336,55.25,85,4.879166666666666,8.6,196.0583333333333,699.7,30.49122854732909,28.080342284664482
2024-01-31,29.1,15.6,21.962500000000002,56.916666666666664,80,6.05,12.0,186.06666666666663,739.5,30.732688415314758,28.291017706337755
2024-02-01,29.0,18.2,22.879166666666666,62.541666666666664,93,8.083333333333334,14.3,199.10416666666666,739.9,31.433581866101058,28.199663933777813
2024-02-02,29.7,16.0,22.920833333333334,57.125,93,4.891666666666667,9.0,205.67083333333335,747.1,31.753486806536372,28.69815324953788
2024-02-03,31.9,16.6,23.683333333333334,50.541666666666664,70,6.695833333333333,10.2,206.07916666666668,748.1,34.30936296167746,30.593410423031187
2024-02-04,32.8,17.5,24.875,52.708333333333336,84,7.858333333333333,14.3,205.85416666666666,747.1,36.66580187584739,31.754798024551103
2024-02-05,30.0,18.7,24.09166666666667,63.666666666666664,92,8.308333333333334,12.6,205.47916666666666,746.1,33.59177454691356,29.927305577777776
2024-02-06,30.6,18.4,24.075,56.541666666666664,81,6.233333333333333,10.9,206.7125,749.1,33.25208686369663,30.03794720423116
2024-02-07,30.3,17.6,23.72083333333333,53.0,83,8.3125,14.9,203.3166666666667,758.4,32.02693647753784,29.38368334273561
2024-02-08,28.0,18.7,22.495833333333334,42.541666666666664,57,12.279166666666667,19.1,205.14583333333334,772.7,27.84330190910923,27.050498819111127
2024-02-09,28.5,15.7,21.333333333333332,35.375,45,8.891666666666667,14.2,220.125,792.2,27.78552753501477,27.96971255615781
2024-02-10,29.5,15.5,21.6375,37.083333333333336,54,10.358333333333333,16.2,222.74166666666667,799.4,28.849593499518903,28.388895015944403
2024-02-11,29.5,16.4,21.945833333333336,39.875,53,10.916666666666666,16.5,219.39583333333334,786.7,29.11745725470219,28.17855778905552
2024-02-12,29.4,16.8,22.3625,41.041666666666664,54,9.1625,13.8,211.50833333333333,767.9,29.127711249176894,28.04005853356453
2024-02-13,29.6,17.6,23.337500000000002,40.75,60,8.704166666666667,14.9,202.5375,770.4,29.318325172950622,28.388402093671107
2024-02-14,30.1,17.1,23.254166666666666,37.041666666666664,57,9.029166666666667,13.4,226.725,808.3,29.476249277830057,28.583339545837802
2024-02-15,32.0,19.0,24.650000000000002,42.291666666666664,66,13.137500000000001,19.0,226.5041666666667,806.2,32.70040301825743,30.59818369155558
2024-02-16,33.9,20.1,25.95,39.333333333333336,51,13.616666666666667,19.1,228.64166666666665,811.3,35.09262432331431,32.536936131037805
2024-02-17,34.7,20.5,26.6875,37.041666666666664,57,10.170833333333333,13.7,228.1208333333333,810.1,35.857282563939165,33.22023515655782
2024-02-18,34.3,18.4,25.96666666666667,31.875,54,8.208333333333334,15.3,235.16666666666666,831.3,34.050070108025665,31.953887519295613
2024-02-19,34.3,19.5,26.429166666666664,31.208333333333332,46,11.200000000000001,17.1,234.95416666666665,832.5,33.919009331481824,32.28045701565115
2024-02-20,32.4,19.1,25.4375,55.041666666666664,97,8.420833333333333,13.8,223.26250000000002,820.4,36.498292135005194,31.039625888195587
2024-02-21,30.4,20.9,25.03333333333333,56.416666666666664,91,14.204166666666666,21.0,219.02916666666667,824.3,32.857161644311546,29.2144894349156
2024-02-22,29.9,19.2,24.03333333333333,56.333333333333336,96,12.258333333333333,16.6,225.85,779.8,31.9564209474795,28.73268675051561
2024-02-23,29.8,16.0,22.912499999999998,30.083333333333332,54,9.120833333333334,13.2,246.36249999999998,861.8,28.57408813592737,28.05097803603558
2024-02-24,30.6,15.7,22.662499999999998,18.041666666666668,30,10.583333333333334,14.3,252.75,882.2,28.675123410469237,28.624929626915574
2024-02-25,31.4,15.5,22.933333333333334,19.416666666666668,29,10.795833333333334,14.0,249.1916666666667,872.8,29.405873280472495,29.307931231217797
2024-02-26,33.1,20.1,25.308333333333334,31.458333333333332,41,13.65,21.0,195.4958333333333,789.5,32.343166660909645,31.1145179388711
2024-02-27,34.7,20.1,26.7,38.25,51,10.5875,14.1,239.45000000000002,836.6,36.17798484930569,33.22023515655782
2024-02-28,34.1,20.3,26.5,41.75,65,11.125,15.3,245.96666666666667,855.9,36.06869623514911,32.277837979597805
2024-02-29,37.0,21.0,28.004166666666666,34.833333333333336,57,9.558333333333334,14.8,245.92916666666667,857.8,39.28760401065435,34.90246276577779
2024-03-01,36.9,21.4,28.833333333333332,34.833333333333336,56,11.370833333333332,19.7,245.79583333333335,855.6,39.10114631913267,34.939242456984445
2024-03-02,30.1,21.1,24.9875,60.0,77,12.450000000000001,23.1,174.38333333333333,681.1,33.02371975103776,31.197839876504506
2024-03-03,25.3,14.6,19.5,40.0,66,10.7875,14.2,261.4791666666667,895.2,25.824513277295605,29.46950161027565
2024-03-04,27.6,13.7,20.295833333333334,36.083333333333336,60,5.425,12.2,258.09166666666664,893.8,27.104917273901247,30.68068734459555
2024-03-05,30.4,14.6,21.75,32.333333333333336,46,9.174999999999999,13.4,264.89166666666665,910.2,29.3311207066707,29.17042799649558
2024-03-06,31.8,15.4,23.2,34.833333333333336,52,8.520833333333334,11.9,257.0208333333333,884.4,31.19328438366766,29.706209151804437
2024-03-07,32.3,16.4,24.133333333333336,31.5,56,7.204166666666667,11.2,260.5625,893.4,31.351609461549433,30.083315596095563
2024-03-08,32.5,16.7,24.670833333333334,31.625,53,9.291666666666666,13.9,261.5083333333333,896.3,31.61199080609818,30.29949482777781
2024-03-09,32.4,17.3,25.079166666666666,28.416666666666668,48,9.545833333333333,13.8,266.68333333333334,912.4,31.08690533765086,30.172633293315602
2024-03-10,33.9,19.1,26.21666666666667,36.0,58,9.845833333333333,13.4,261.4583333333333,895.9,34.318642408504424,31.85688478077116
2024-03-11,35.1,19.8,27.483333333333334,30.416666666666668,47,8.433333333333334,13.2,262.04583333333335,895.7,34.906529071719724,32.6736106351378
2024-03-12,34.9,22.9,28.0,35.916666666666664,57,10.458333333333334,13.7,263.625,897.5,35.90031656061257,33.052885393271126
2024-03-13,34.4,20.4,26.7375,36.458333333333336,54,11.299999999999999,18.4,266.1375,906.5,35.21479753556547,32.38787476167109
2024-03-14,33.5,20.5,26.53333333333333,38.458333333333336,73,9.258333333333333,12.8,270.92083333333335,920.6,34.23619168247696,31.298293855944465
2024-03-15,34.1,18.0,26.733333333333334,29.5,49,5.45,10.8,271.6958333333333,921.5,33.33237780630061,31.823557104897834
2024-03-16,35.1,19.3,27.395833333333332,31.583333333333332,51,9.129166666666666,16.3,271.1333333333333,919.2,35.165002258890816,32.83916202329781
2024-03-17,35.8,21.7,28.412499999999998,28.0,40,11.070833333333333,20.4,272.25,921.0,35.39669707251561,33.47317024819556
2024-03-18,36.2,21.6,28.416666666666668,21.291666666666668,36,10.9125,15.5,274.5541666666667,929.0,34.63215036579218,33.407935248995585
2024-03-19,36.9,19.9,28.53333333333333,18.916666666666668,31,10.2125,15.1,278.25,939.0,35.08611049664004,34.12068752207114
2024-03-20,38.2,21.1,29.224999999999998,21.916666666666668,46,7.829166666666667,13.5,279.94166666666666,940.8,37.37861859098435,35.37144634775113
2024-03-21,38.0,22.2,29.483333333333334,21.083333333333332,34,7.0375000000000005,11.3,256.6125,939.5,36.90501091882566,35.176472655111134
2024-03-22,38.3,20.5,29.954166666666666,19.541666666666668,37,7.7375,13.0,282.93333333333334,949.5,36.94831944845399,35.251701855724455
2024-03-23,38.5,21.8,30.133333333333336,26.833333333333332,47,8.529166666666667,11.3,273.62083333333334,934.0,39.241359420205214,36.104604233944436
2024-03-24,37.3,24.2,30.295833333333334,34.041666666666664,64,10.104166666666666,14.8,274.925,926.6,39.573332973224524,35.46085647363555
2024-03-25,38.8,23.1,30.6375,35.791666666666664,66,6.8125,11.6,275.2625,922.3,43.2777560180492,37.718031757351106
2024-03-26,40.0,23.7,32.1125,32.25,50,6.654166666666666,9.7,275.9291666666667,924.1,44.16928200798615,38.93952085467556
2024-03-27,40.8,25.8,33.020833333333336,31.75,50,7.954166666666667,11.9,275.6791666666667,924.9,45.60634125939058,39.55445250305779
2024-03-28,40.4,26.6,33.25833333333333,29.458333333333332,46,10.5,15.9,270.80833333333334,911.5,43.67007948921961,39.629192701475596
2024-03-29,39.8,25.8,32.137499999999996,29.25,51,10.1,16.5,277.8041666666667,929.6,42.42635075625444,38.012168630595575
2024-03-30,37.9,25.6,30.82083333333333,30.666666666666668,54,11.862499999999999,18.9,282.1333333333333,938.6,39.49596997708918,35.6063395615378
2024-03-31,37.1,23.8,29.820833333333336,29.541666666666668,50,9.845833333333333,13.1,286.98333333333335,954.7,37.7830885321578,34.65069602641555
2024-04-01,38.1,23.8,30.5625,31.625,63,9.183333333333334,17.5,261.5208333333333,872.9,40.193146199083195,35.881855359555566
2024-04-02,37.5,23.3,30.433333333333334,25.375,40,8.029166666666667,13.9,231.85833333333335,890.1,37.25668936200091,35.168118827777796
2024-04-03,37.3,23.8,30.854166666666668,28.333333333333332,61,10.341666666666667,13.7,272.44166666666666,953.1,37.757647857642475,35.09218479409559
2024-04-04,37.5,25.4,31.141666666666666,31.916666666666668,59,8.875,12.9,226.01250000000002,756.4,39.20908858612078,35.64498483194451
2024-04-05,37.5,24.7,31.162499999999998,33.0,65,12.516666666666666,20.5,257.575,941.5,39.57985322777776,35.168118827777796
2024-04-06,37.9,26.7,31.837500000000002,26.041666666666668,46,12.85,17.7,284.5083333333333,956.6,38.04513109371942,35.6063395615378
2024-04-07,38.8,24.3,31.150000000000002,22.708333333333332,36,9.862499999999999,14.3,294.15000000000003,966.5,38.44723014960294,36.051460572995595
2024-04-08,40.1,24.7,32.40833333333333,27.791666666666668,68,9.154166666666667,15.3,294.9583333333333,969.4,42.36933216357758,37.26993069647115
2024-04-09,41.0,23.5,32.612500000000004,22.625,42,6.420833333333333,10.0,293.79583333333335,964.1,41.81491730446532,38.431972503111126
2024-04-10,40.0,25.6,33.291666666666664,21.541666666666668,41,6.741666666666667,10.7,252.85833333333332,955.8,39.866497222637,37.452671714195596
2024-04-11,40.5,25.6,33.3375,27.666666666666668,50,7.420833333333333,16.6,274.55,948.5,43.054239814246955,38.87940838705558
2024-04-12,38.9,25.7,31.6375,30.416666666666668,53,10.4625,14.0,289.65416666666664,957.5,41.21610457325303,37.60280972907559
2024-04-13,38.7,23.2,31.004166666666666,41.166666666666664,68,8.745833333333334,14.7,284.8041666666667,944.1,45.64457312395192,38.22334762929778
2024-04-14,39.5,27.0,32.766666666666666,42.666666666666664,65,7.329166666666667,20.1,250.47916666666666,903.3,48.51341749285798,40.83606433251558
2024-04-15,40.8,27.1,33.608333333333334,35.458333333333336,67,10.641666666666667,18.6,271.37083333333334,935.6,47.621465432415135,40.531150340551136
2024-04-16,41.3,27.5,34.24583333333333,26.666666666666668,43,10.095833333333333,15.1,292.49583333333334,953.8,44.09303560622398,39.590416011617776
2024-04-17,42.9,27.6,35.395833333333336,24.25,39,10.241666666666667,17.5,292.2708333333333,955.6,45.86955533332683,40.89055981179562
2024-04-18,41.6,28.5,34.81666666666667,25.083333333333332,37,11.766666666666666,18.8,280.71250000000003,929.1,43.901796878924905,39.96422091793781
2024-04-19,39.7,27.5,33.43333333333333,32.625,61,13.987499999999999,20.5,288.2625,944.2,43.723680645944846,38.82873348844443
2024-04-20,37.9,25.7,31.679166666666664,30.083333333333332,49,13.1625,19.6,299.07916666666665,971.4,39.299012548388546,36.12601675418447
2024-04-21,38.3,25.6,31.545833333333334,36.458333333333336,68,11.075000000000001,16.6,279.825,919.5,42.50716201340957,36.92166642615113
2024-04-22,38.5,25.4,31.7375,31.041666666666668,55,11.174999999999999,17.7,299.0208333333333,964.1,40.71432664342135,36.275707823777765
2024-04-23,39.4,24.7,32.18333333333333,31.916666666666668,60,7.745833333333334,11.6,299.34583333333336,963.9,42.796722568976215,37.87601161730447
2024-04-24,40.9,26.2,33.229166666666664,29.041666666666668,54,8.083333333333334,13.2,298.99583333333334,962.8,44.45746052898828,39.131180447295606
2024-04-25,40.8,27.1,33.862500000000004,30.791666666666668,53,10.299999999999999,16.4,292.7416666666667,952.6,45.117828920389925,40.238860733671075
2024-04-26,40.3,25.6,33.37916666666667,31.708333333333332,73,9.887500000000001,17.3,292.81666666666666,938.8,44.53232713256525,37.67761732349114
2024-04-27,39.8,27.7,33.65833333333333,28.833333333333332,54,10.216666666666667,14.8,266.2625,894.5,42.25131551365883,37.77555870721781
2024-04-28,40.8,28.6,34.079166666666666,19.791666666666668,35,10.9625,15.2,297.68333333333334,969.5,40.45913008809735,37.99046161415115
2024-04-29,40.7,28.5,34.166666666666664,25.333333333333332,47,12.320833333333333,17.1,296.9458333333333,957.2,42.41286030000476,38.853639644417825
2024-04-30,40.6,26.4,33.59583333333333,16.625,28,12.433333333333332,20.3,306.9791666666667,978.4,39.18282407783363,37.58185623891554
2024-05-01,40.8,25.4,33.012499999999996,16.833333333333332,35,12.7125,18.9,317.3208333333333,1010.8,39.503997423061,37.0837518592178
2024-05-02,40.3,24.5,32.645833333333336,13.0,22,6.4375,10.2,299.8208333333333,986.3,37.89458416731556,36.802594699635584
2024-05-03,42.1,25.8,33.90833333333333,18.625,39,9.737499999999999,13.7,300.9291666666667,984.2,41.930584167990915,38.833669334764494
2024-05-04,41.4,29.0,34.987500000000004,33.5,61,13.729166666666666,20.9,286.14166666666665,933.5,47.899948909471156,41.809082978471196
2024-05-05,39.5,30.0,34.55416666666667,34.541666666666664,44,15.8375,20.5,209.13750000000002,807.3,44.201971311062586,40.61499162927779
2024-05-06,41.0,27.1,33.92916666666667,39.75,74,11.941666666666668,16.6,301.6875,958.7,50.73542756252784,40.33307540427557
2024-05-07,43.1,27.6,35.13333333333333,41.5,73,9.9,19.0,288.425,944.4,58.10899095410072,43.2343156337778
2024-05-08,42.7,28.7,35.479166666666664,36.958333333333336,63,11.991666666666667,17.1,291.44166666666666,947.4,53.416361624648104,42.83257379667557
2024-05-09,42.4,28.9,35.762499999999996,32.666666666666664,53,13.5,20.9,283.6791666666667,928.1,49.736492148821775,42.52998864867558
2024-05-10,42.2,28.9,35.4,41.75,66,12.341666666666667,19.9,292.04583333333335,941.2,55.55406162478788,43.02620105697562
2024-05-11,41.0,28.8,34.93333333333333,40.75,69,8.975,14.8,268.7583333333333,877.3,51.38860390630561,43.13028508852446
2024-05-12,41.7,29.1,34.979166666666664,40.5,64,11.987499999999999,19.9,266.83750000000003,883.5,53.17534655102952,43.131208395404514
2024-05-13,39.5,29.2,33.791666666666664,42.375,57,12.262500000000001,28.4,220.97083333333333,796.6,48.34347244386892,41.68850828844455
2024-05-14,40.0,27.5,33.8375,35.416666666666664,62,7.420833333333333,15.8,272.3041666666667,935.1,45.74321633452929,40.01842425555557
2024-05-15,41.0,27.4,35.24166666666667,26.166666666666668,41,8.379166666666666,18.9,278.3,950.2,43.30871704280256,40.19116199523555
2024-05-16,42.7,29.4,35.895833333333336,28.708333333333332,48,10.833333333333334,16.5,275.9166666666667,938.1,47.981643746430876,42.14314149785784
2024-05-17,45.0,30.8,37.204166666666666,24.0,40,12.691666666666668,20.3,288.35833333333335,932.0,49.77934077777783,43.46671785555561
2024-05-18,45.4,29.3,36.99583333333333,29.625,59,10.908333333333333,15.5,290.44166666666666,949.2,54.824289652460294,43.481440464231106
2024-05-19,45.5,31.5,38.583333333333336,18.583333333333332,34,15.375,20.3,295.1375,937.0,47.219874014305965,43.12240372511111
2024-05-20,44.7,31.4,37.84583333333333,24.75,43,16.204166666666666,19.4,295.82916666666665,930.2,49.674141399365716,42.523850760231134
2024-05-21,45.2,30.8,37.516666666666666,28.916666666666668,51,11.916666666666666,16.5,292.9375,912.5,53.7789040606656,43.71935221011558
2024-05-22,45.9,30.4,38.00833333333333,33.208333333333336,64,11.708333333333334,17.9,289.15416666666664,943.2,59.21438053414332,45.75247347580441
2024-05-23,46.5,31.0,38.65833333333333,27.208333333333332,55,16.779166666666665,21.8,304.675,952.3,55.494739815914436,44.45658777719115
2024-05-24,45.8,30.4,38.00833333333333,30.833333333333332,59,16.6375,20.2,301.84166666666664,945.3,56.8425211133685,45.0214716169245
2024-05-25,44.6,29.2,36.38333333333333,41.791666666666664,70,14.4625,20.4,297.2916666666667,934.2,63.22683290529249,45.5725891094845
2024-05-26,43.9,30.9,36.645833333333336,42.625,71,13.820833333333333,20.0,294.56666666666666,933.2,61.66508853582085,46.462289212175584
2024-05-27,44.3,29.4,35.791666666666664,47.375,74,16.683333333333334,23.4,297.9875,932.2,67.69896897702066,47.779601765804465
2024-05-28,44.2,29.1,35.19583333333333,48.458333333333336,72,18.616666666666667,26.9,296.53333333333336,937.3,68.43517426717376,47.2364467417578
2024-05-29,42.9,29.0,34.67916666666667,52.291666666666664,72,18.770833333333332,23.8,292.25,921.1,67.21034611179294,46.590399614851115
2024-05-30,42.5,28.4,34.275,52.208333333333336,72,14.991666666666667,24.7,301.22083333333336,948.5,65.55339913484042,45.387443008017826
2024-05-31,41.9,29.3,34.625,51.083333333333336,70,14.216666666666667,25.5,299.37916666666666,941.5,62.24301580912965,43.78127920791781
2024-06-01,41.9,29.5,34.637499999999996,48.583333333333336,74,15.304166666666667,22.5,297.2375,931.4,60.08051790022046,42.96232408828448
2024-06-02,41.6,29.4,34.550000000000004,46.541666666666664,74,10.970833333333333,19.6,297.71250000000003,939.6,57.39511110843993,42.45705972369551
2024-06-03,41.3,29.3,34.90833333333333,49.916666666666664,73,11.725,18.5,274.62916666666666,881.9,59.095354262767486,45.33716276997112
2024-06-04,40.9,29.7,35.083333333333336,47.75,69,12.608333333333334,18.7,281.925,899.2,56.04340924204573,44.257683689064464
2024-06-05,41.3,29.1,34.90833333333333,44.666666666666664,67,13.966666666666667,20.3,297.9166666666667,926.6,55.005892944277235,42.621517140915564
2024-06-06,41.6,28.6,35.083333333333336,44.791666666666664,73,11.566666666666668,21.0,291.6333333333333,902.3,56.03410142505254,43.59810250641785
2024-06-07,41.6,29.6,35.59583333333334,45.25,69,12.245833333333332,17.0,291.87083333333334,920.7,56.386083415350534,44.93238015699554
2024-06-08,40.9,29.6,35.15,45.041666666666664,70,12.216666666666667,20.6,289.2708333333333,916.7,54.0517952528312,44.52199956645118
2024-06-09,42.2,30.5,35.87083333333333,44.375,67,13.7875,25.5,283.5833333333333,913.7,57.61175079884702,45.21028162252443
2024-06-10,40.9,30.0,34.9625,47.208333333333336,70,11.491666666666667,18.8,233.79166666666666,889.5,55.63657250492803,43.37220508428452
2024-06-11,41.3,29.0,34.862500000000004,48.625,79,12.495833333333332,17.3,283.15416666666664,908.8,58.05124440728587,43.78127920791781
2024-06-12,40.8,28.2,34.18333333333333,50.333333333333336,79,14.095833333333333,19.5,277.75416666666666,901.8,57.69797488123067,43.07214316313776
2024-06-13,41.2,28.7,34.15,49.458333333333336,73,14.579166666666667,18.1,284.70416666666665,916.1,58.377469236574875,41.123457248017786
2024-06-14,40.7,29.4,33.9375,50.625,77,15.041666666666666,23.1,283.78333333333336,923.3,57.58268207112979,41.152996970444576
2024-06-15,39.9,29.5,33.94583333333333,52.25,80,11.954166666666666,22.0,284.06666666666666,924.4,56.07764188263572,41.15869824316448
2024-06-16,41.0,29.9,34.61666666666667,50.666666666666664,77,12.8125,19.4,284.21666666666664,886.0,58.65596162706187,43.314895943324444
2024-06-17,40.9,30.0,34.729166666666664,52.333333333333336,77,11.895833333333334,20.2,281.5833333333333,873.9,59.65627867207805,44.43732419743114
2024-06-18,40.0,30.7,34.079166666666666,54.166666666666664,74,16.3,26.1,257.7291666666667,836.1,57.88257040570976,45.022074855555516
2024-06-19,40.5,30.0,33.87083333333333,55.208333333333336,71,17.316666666666666,24.4,242.21249999999998,749.3,60.55625369609748,46.12780252105563
2024-06-20,41.9,29.9,34.375,53.375,72,18.166666666666668,24.2,270.22083333333336,878.6,64.30967569152233,44.898305129437816
2024-06-21,41.3,29.7,34.25416666666667,55.083333333333336,73,15.7875,23.3,267.3,892.5,63.51961451751218,46.28036811579553
2024-06-22,40.2,30.1,34.670833333333334,51.333333333333336,70,11.35,17.7,264.8875,879.8,56.41548054665888,45.58963565388445
2024-06-23,41.7,30.4,34.641666666666666,53.958333333333336,76,9.237499999999999,19.8,233.72916666666666,808.9,64.06551791569396,46.590399614851115
2024-06-24,40.0,29.8,33.358333333333334,58.541666666666664,74,9.325000000000001,14.8,227.00416666666663,832.8,61.409365420322125,47.129150211111096
2024-06-25,35.1,27.1,30.754166666666666,73.45833333333333,91,9.354166666666666,18.8,179.24166666666667,604.8,52.77967064899624,43.464001777571156
2024-06-26,37.3,28.5,32.28333333333333,66.83333333333333,83,9.225,14.6,250.35,831.8,57.13814194266027,46.01505843993763
2024-06-27,35.1,28.5,31.116666666666664,72.54166666666667,86,14.504166666666668,20.3,208.0875,639.0,52.22040117639056,43.13995390244455
2024-06-28,32.5,27.6,29.429166666666664,78.75,86,15.704166666666666,21.1,167.7875,650.6,45.64522127022579,40.74581760555563
2024-06-29,31.6,26.8,28.320833333333336,86.70833333333333,95,15.116666666666667,21.1,97.30416666666666,474.7,45.73564614773662,39.94479875276451
2024-06-30,31.2,26.5,27.708333333333332,90.08333333333333,94,13.825000000000001,18.9,134.31666666666666,749.2,45.54290861154134,40.47144302092473
2024-07-01,28.6,25.8,27.079166666666666,91.45833333333333,97,16.495833333333334,23.9,83.10833333333333,328.8,36.0297216507991,34.238013432551185
2024-07-02,29.4,25.5,27.079166666666666,89.625,95,14.295833333333334,19.0,103.20833333333333,487.7,38.39047893379374,36.3722031758758
2024-07-03,33.6,26.5,29.579166666666666,82.0,95,12.758333333333333,18.2,192.63333333333333,854.0,51.663943091075566,43.04206740577781
2024-07-04,33.4,27.6,29.90833333333333,78.625,91,11.683333333333332,14.4,224.80416666666667,775.1,49.00569536045811,41.33629090369775
2024-07-05,30.6,26.0,28.09166666666667,87.95833333333333,97,10.741666666666667,14.8,117.2375,389.1,42.30306996667683,37.999671547055485
2024-07-06,32.8,26.3,29.55,80.625,95,12.395833333333334,19.1,163.1625,679.3,47.67312949794484,40.93691312165117
2024-07-07,33.3,26.9,29.96666666666667,77.66666666666667,94,12.491666666666667,17.7,227.71666666666667,739.4,48.12294771076857,41.45707028340455
2024-07-08,33.2,26.6,29.5125,80.66666666666667,96,5.620833333333334,11.2,192.6916666666667,713.1,49.28162136096407,40.406971776195554
2024-07-09,32.7,26.9,29.15833333333333,83.79166666666667,93,5.9750000000000005,12.9,194.4125,726.3,48.85317520298395,42.52539026689562
2024-07-10,32.7,26.0,29.087500000000002,80.58333333333333,98,11.191666666666668,16.6,207.27916666666667,645.3,47.26341365225355,39.818373129004456
2024-07-11,32.9,27.2,29.09583333333333,80.33333333333333,91,11.387500000000001,14.0,208.70416666666668,718.2,47.91989751258195,41.51146773677124
2024-07-12,32.7,26.1,28.829166666666666,81.16666666666667,94,14.112499999999999,19.0,175.63750000000002,786.4,47.547151570848236,41.32362985563567
2024-07-13,33.1,25.8,29.070833333333336,81.91666666666667,96,11.516666666666666,15.4,243.75,791.4,49.531489406683285,41.81473200289784
2024-07-14,33.1,26.8,29.72083333333333,79.0,90,9.358333333333333,14.9,207.0,776.4,48.02996277547555,42.09546739397117
2024-07-15,30.7,26.6,27.916666666666668,88.79166666666667,96,6.408333333333334,11.2,102.54166666666667,599.5,42.99916069705838,39.23061220780441
2024-07-16,32.8,25.6,28.8125,85.91666666666667,99,5.8374999999999995,13.0,188.20000000000002,729.2,50.37755641014122,43.68722863292448
2024-07-17,32.8,26.6,29.116666666666664,81.41666666666667,96,11.945833333333333,15.5,209.02916666666667,643.3,48.065200907487956,40.55713142255123
2024-07-18,33.6,26.6,29.175,80.45833333333333,91,11.529166666666667,17.6,200.85416666666666,745.1,50.79955921547165,41.8925354524978
2024-07-19,31.7,26.9,28.683333333333334,82.70833333333333,90,13.275,20.5,193.40833333333333,778.3,44.40942557288511,40.29844313139562
2024-07-20,32.4,26.4,28.90833333333333,81.95833333333333,95,13.049999999999999,17.7,185.1208333333333,721.3,46.75338391381416,40.460505431075774
2024-07-21,33.1,26.2,29.425,80.04166666666667,95,8.883333333333333,11.6,216.03333333333333,731.9,48.55906716317932,41.29237080057558
2024-07-22,30.8,26.7,28.150000000000002,87.08333333333333,95,11.970833333333333,18.8,158.20000000000002,667.2,42.744510381576845,39.542285762737876
2024-07-23,31.7,26.5,28.141666666666666,84.875,94,15.508333333333333,18.9,169.05416666666667,638.4,45.335456321662406,38.26426284867556
2024-07-24,29.3,26.1,27.175,89.95833333333333,97,15.025,17.8,91.15833333333335,438.7,38.12420935267304,36.103494900444474
2024-07-25,30.4,25.9,27.370833333333334,86.95833333333333,95,14.6,21.1,142.775,580.4,41.197335799293654,36.29986161233781
2024-07-26,31.1,25.8,28.083333333333332,85.08333333333333,93,12.083333333333334,17.5,144.54583333333332,538.0,43.117476398403575,39.17185738711115
2024-07-27,30.3,26.0,27.558333333333334,87.79166666666667,96,11.383333333333333,16.6,119.33749999999999,534.1,41.11169205049612,36.307694162424546
2024-07-28,31.4,25.8,27.766666666666666,89.41666666666667,97,9.820833333333333,15.4,119.3625,459.4,46.09461421419104,39.06695666762446
2024-07-29,28.1,25.9,26.787499999999998,93.875,98,15.533333333333333,31.1,57.3125,253.4,34.79195571068496,33.352793570904396
2024-07-30,31.5,25.9,27.983333333333334,86.33333333333333,96,12.145833333333334,16.5,166.09583333333333,657.8,45.17316477128403,38.642918039777946
2024-07-31,32.4,25.4,28.508333333333336,82.54166666666667,96,11.954166666666666,18.7,244.52499999999998,787.4,47.02888618580334,39.02948434908452
2024-08-01,30.8,26.0,27.383333333333336,87.5,93,12.645833333333334,18.4,98.375,541.7,42.90138161145118,37.358374012017684
2024-08-02,29.1,25.7,26.8875,88.25,95,14.920833333333334,18.9,78.15833333333333,251.3,36.98111341894584,34.57990708911781
2024-08-03,29.0,25.5,26.45,92.625,96,14.833333333333334,20.3,79.59166666666667,420.8,37.74144397946523,35.63663782311106
2024-08-04,30.1,25.8,27.275000000000002,88.16666666666667,95,13.729166666666666,17.3,106.74583333333334,498.2,40.49532958531793,36.574860963671206
2024-08-05,29.3,25.6,27.1125,86.625,93,13.6,18.2,110.94166666666666,412.0,37.236923998979734,34.89390768052441
2024-08-06,31.3,25.5,27.929166666666664,81.375,93,14.950000000000001,20.0,171.82500000000002,686.3,42.41579632046569,37.48020533643569
2024-08-07,31.7,25.3,28.054166666666664,79.41666666666667,92,13.637500000000001,17.4,213.1208333333333,750.5,43.055982395375025,36.96690400375789
2024-08-08,31.1,24.7,27.433333333333334,82.29166666666667,94,11.708333333333334,16.0,187.36666666666667,694.1,42.05427769154035,37.56347965129794
2024-08-09,29.9,25.0,26.7625,87.95833333333333,95,10.929166666666667,15.8,163.37916666666666,674.3,39.69883318100528,35.26460912211558
2024-08-10,29.6,25.5,26.629166666666666,91.08333333333333,95,12.5,16.2,88.0,416.4,39.54590953564938,35.70892751116451
2024-08-11,29.0,25.1,26.625,87.375,93,13.245833333333332,19.2,110.38333333333333,435.7,36.43188901479845,33.98723374723567
2024-08-12,30.5,25.0,27.170833333333334,87.375,96,10.566666666666666,14.9,156.32916666666668,610.2,41.714720414493726,37.70637076372449
2024-08-13,31.1,25.7,27.358333333333334,87.83333333333333,96,9.054166666666665,12.5,137.55833333333334,546.2,44.205533218051244,37.56347965129794
2024-08-14,31.4,26.0,28.22083333333333,85.0,97,8.375,12.6,175.71666666666667,510.0,44.223951528515556,39.35700334556448
2024-08-15,31.1,25.6,28.03333333333333,84.25,96,8.9625,11.6,157.97083333333333,536.2,42.795742389526964,38.17885859513787
2024-08-16,31.7,25.8,27.837500000000002,83.75,94,10.25,17.8,217.70416666666665,726.0,44.85114898601573,38.53040728683566
2024-08-17,32.3,25.3,28.258333333333336,81.41666666666667,96,9.641666666666667,13.7,243.3375,783.6,46.115380016010754,38.107001950995496
2024-08-18,32.7,25.7,28.77916666666667,79.83333333333333,94,6.345833333333332,10.0,243.20000000000002,807.0,46.90207527435941,39.10735497499564
2024-08-19,32.6,26.0,29.275000000000002,79.04166666666667,93,6.8,10.5,251.0583333333333,769.2,46.1503812736718,40.65317770487115
2024-08-20,31.1,26.4,28.370833333333334,82.25,89,8.266666666666667,11.3,195.96666666666667,680.7,42.03872454956909,38.17885859513787
2024-08-21,31.9,26.2,28.4375,83.70833333333333,95,6.808333333333334,9.5,206.8125,780.6,45.6052436192004,39.41276758098467
2024-08-22,32.0,26.3,28.59166666666667,86.33333333333333,98,4.370833333333334,10.7,198.58333333333334,688.0,47.19919758661743,40.40927367955577
2024-08-23,30.6,26.1,27.77916666666667,91.75,98,4.604166666666667,8.0,146.53333333333333,583.8,43.71852338934549,40.21938489987571
2024-08-24,26.9,25.4,26.145833333333332,94.16666666666667,98,7.808333333333334,13.0,61.82916666666666,268.5,30.86866705286892,30.831021320835685
2024-08-25,29.6,24.7,26.25,92.16666666666667,97,15.637500000000001,23.1,102.175,496.8,39.87245065476471,35.95638176001786
2024-08-26,29.3,25.0,25.916666666666668,93.125,97,23.691666666666666,28.8,77.0875,631.2,39.00327557563394,35.82811786948443
2024-08-27,26.3,24.5,25.3625,91.0,93,29.59166666666667,37.4,49.987500000000004,259.9,28.871649750995605,28.7568212978579
2024-08-28,29.6,25.0,26.520833333333332,86.875,97,25.9375,32.0,108.375,599.8,38.31996538765941,34.30443810833765
2024-08-29,31.1,25.5,27.320833333333336,84.20833333333333,93,22.891666666666666,31.4,200.8791666666667,656.5,42.77975312149988,37.59868427155554
2024-08-30,30.5,25.1,27.304166666666664,85.20833333333333,96,15.770833333333334,21.3,192.42916666666667,625.0,40.95981631064595,37.12206514155554
2024-08-31,32.2,24.2,27.879166666666666,80.20833333333333,98,6.295833333333333,9.2,247.83333333333334,820.1,45.193421950437546,37.025057312284474
2024-09-01,32.1,24.9,28.416666666666668,80.625,98,7.166666666666667,12.3,250.3083333333333,816.9,45.00638564550395,37.93724899639793
2024-09-02,30.8,25.8,27.558333333333334,85.75,95,11.154166666666667,16.6,151.30833333333334,584.7,42.24840550671072,38.8930978593956
2024-09-03,29.1,25.0,26.400000000000002,90.79166666666667,98,7.633333333333333,11.3,108.875,501.9,37.63027009273112,34.57990708911781
2024-09-04,29.4,24.1,26.6875,86.41666666666667,96,11.4125,17.8,175.52916666666667,631.9,37.51564572150894,34.93181968371563
2024-09-05,30.5,24.9,26.625,88.16666666666667,96,11.987499999999999,16.2,157.85833333333332,677.0,41.99610027146441,36.560689671777666
2024-09-06,30.8,24.3,27.008333333333336,86.95833333333333,98,11.320833333333333,18.6,165.94583333333333,687.7,42.69761972643038,36.77978283745783
2024-09-07,31.2,24.6,27.604166666666668,82.83333333333333,97,9.9125,14.3,240.29166666666666,849.7,42.61746010334557,37.10851573436451
2024-09-08,30.9,25.0,27.104166666666668,86.95833333333333,95,8.995833333333334,13.9,178.54166666666666,684.2,43.08033742020384,37.33137107881575
2024-09-09,31.7,25.2,27.920833333333334,84.58333333333333,96,9.924999999999999,16.8,241.48333333333335,806.9,45.209172620023935,39.19742693545792
2024-09-10,31.4,25.2,27.729166666666668,84.625,96,9.529166666666667,18.7,206.5583333333333,799.9,44.07019408976308,38.36936101729785
2024-09-11,30.6,24.5,27.066666666666666,87.5,98,10.395833333333334,17.0,158.54583333333332,723.4,42.13668556227106,37.12206514155554
2024-09-12,32.0,25.2,28.037499999999998,78.0,93,12.616666666666667,16.2,227.33749999999998,719.8,43.52682241377803,37.20615874945767
2024-09-13,31.1,24.4,27.166666666666668,77.70833333333333,90,12.429166666666667,22.0,249.15833333333333,849.0,40.3990613450366,34.32017456463127
2024-09-14,30.5,22.9,26.208333333333332,83.29166666666667,96,10.674999999999999,17.3,237.17499999999998,841.7,40.31056152061125,35.00839744727117
2024-09-15,30.8,22.9,26.629166666666666,81.95833333333333,98,9.041666666666666,13.6,232.01666666666668,787.1,40.88660213396737,34.69651163695783
2024-09-16,31.2,22.4,26.791666666666668,78.54166666666667,96,7.683333333333334,12.9,241.05416666666667,854.6,41.02059067594928,34.31842873655127
2024-09-17,31.3,23.3,27.05,78.5,94,6.829166666666667,11.4,251.76666666666665,819.0,41.337001741176046,35.75910990139553
2024-09-18,32.1,24.7,27.8875,76.875,93,9.645833333333334,14.5,232.3375,747.9,43.40615877165818,36.70606677129562
2024-09-19,32.6,24.0,28.266666666666666,75.0,87,9.733333333333333,13.5,249.07083333333333,875.5,44.322432141671214,38.602807305555714
2024-09-20,32.9,24.6,28.65416666666667,73.79166666666667,84,9.924999999999999,15.8,245.8375,842.9,44.813378910962385,39.36290717779549
2024-09-21,31.8,25.5,28.675,77.16666666666667,87,8.254166666666666,13.5,212.45000000000002,768.8,42.503677193273546,37.8871695441513
2024-09-22,33.1,25.6,29.1125,77.25,89,7.675,12.1,244.07500000000002,823.4,47.15896475290245,40.51858159279783
2024-09-23,33.6,26.3,29.7,72.25,85,9.866666666666667,14.1,243.60833333333335,850.6,46.509956685390414,40.313296500995506
2024-09-24,33.5,25.8,29.53333333333333,79.5,93,7.316666666666666,12.2,238.47083333333333,842.3,49.86823215873628,42.27077626415111
2024-09-25,33.0,26.4,29.133333333333336,81.54166666666667,97,5.804166666666667,10.1,205.1208333333333,774.4,48.92958167584191,42.20831798355553
2024-09-26,31.5,25.1,27.745833333333334,89.16666666666667,98,5.770833333333333,13.2,127.24583333333334,547.3,46.404764560760825,39.649617373944544
2024-09-27,30.2,25.0,27.070833333333336,89.83333333333333,100,5.191666666666666,8.9,113.49166666666667,409.6,41.428681057060345,37.69950468033791
2024-09-28,30.1,25.0,26.833333333333332,90.625,99,7.645833333333333,11.6,127.26666666666667,497.5,41.310522347685946,36.846262757615605
2024-09-29,29.7,24.7,26.662499999999998,91.875,99,4.4624999999999995,8.1,110.78333333333335,371.5,40.16786300507147,36.46275255633777
2024-09-30,32.0,24.1,27.75,87.33333333333333,98,6.133333333333333,9.1,198.6875,695.1,47.669020566765546,41.2193531805957
2024-10-01,33.4,25.7,29.15833333333333,82.16666666666667,99,7.783333333333334,11.4,235.76666666666665,804.8,50.911623800568414,41.738083460284436
2024-10-02,33.5,25.8,29.416666666666668,77.95833333333333,90,7.920833333333333,10.8,239.99166666666667,839.3,49.04609150811356,41.21585400289785
2024-10-03,32.5,24.9,28.520833333333332,79.0,95,9.025,15.4,204.10416666666666,686.7,45.75957130555568,38.09826894505786
2024-10-04,31.7,24.5,27.77916666666667,81.75,96,8.841666666666667,12.1,201.7125,710.6,44.00873778110253,37.326090097475586
2024-10-05,31.9,24.0,27.53333333333333,81.5,100,6.7,9.2,220.60833333333335,790.4,44.6430913613896,36.729870259697854
2024-10-06,32.2,23.0,27.412499999999998,78.54166666666667,98,5.7375,7.5,233.29166666666666,804.4,44.4631524648597,36.93199960131567
2024-10-07,34.4,23.8,28.329166666666666,65.79166666666667,82,8.666666666666666,10.8,242.67499999999998,847.7,46.01854052842473,38.063021921617796
2024-10-08,34.4,23.9,28.679166666666664,67.20833333333333,82,7.583333333333333,11.8,233.35833333333335,826.4,46.72729120014766,38.71232838543117
2024-10-09,34.3,23.0,28.65833333333333,63.208333333333336,78,7.9875,11.2,228.60833333333335,782.9,44.46550768258712,37.51048434579564
2024-10-10,29.4,23.8,26.491666666666664,80.08333333333333,91,8.049999999999999,14.0,69.85416666666667,304.1,35.897934014092556,33.21375493548458
2024-10-11,30.6,25.4,27.766666666666666,70.04166666666667,78,11.6625,17.3,127.75,565.4,36.555981231476615,34.722588831484536
2024-10-12,31.8,24.5,26.8875,78.08333333333333,94,10.891666666666666,18.8,183.6833333333333,745.7,42.868418333085,36.90573619219542
2024-10-13,31.4,24.6,27.383333333333336,82.95833333333333,95,9.479166666666666,17.2,186.875,762.3,43.396433422224916,38.692929311715645
2024-10-14,31.4,24.4,27.7625,80.66666666666667,96,8.020833333333334,12.0,174.21666666666667,700.6,42.49561960800403,37.39782079059559
2024-10-15,32.9,24.9,28.55,78.70833333333333,92,6.916666666666667,9.8,218.29583333333335,771.2,47.119726780838896,39.72086129665786
2024-10-16,33.0,25.1,28.8125,78.45833333333333,95,5.554166666666667,8.2,214.0375,756.2,47.37674097080485,40.08584861820451
2024-10-17,33.6,24.7,28.4375,67.54166666666667,89,7.1375,10.5,226.75416666666663,803.3,44.287012617942,36.61499381223106
2024-10-18,33.8,24.6,28.75,63.875,81,9.241666666666667,13.1,223.25,804.3,43.26492282417871,38.288741326417735
2024-10-19,32.4,24.8,28.224999999999998,80.70833333333333,96,6.95,18.8,208.13750000000002,743.6,46.17062985968458,40.460505431075774
2024-10-20,31.9,24.4,27.791666666666668,80.5,98,5.533333333333334,9.1,210.17499999999998,744.6,44.21725663022074,36.548019169164405
2024-10-21,30.9,24.7,27.433333333333334,80.70833333333333,94,5.629166666666666,8.6,180.9125,600.3,40.78943357448604,36.468338858675715
2024-10-22,32.4,22.4,27.108333333333334,78.20833333333333,98,6.425,12.9,212.4333333333333,783.8,45.036245213008506,37.39010061219566
2024-10-23,33.4,23.8,28.104166666666668,64.5,76,8.341666666666667,10.4,210.42916666666667,755.6,42.355058296297756,37.14161818651551
2024-10-24,33.8,23.2,27.75,58.5,71,7.8500000000000005,11.6,223.73749999999998,799.9,41.02609673048442,35.182733568995545
2024-10-25,33.6,21.1,26.579166666666666,59.625,80,7.416666666666667,11.1,223.77916666666667,798.9,40.9397849298082,34.6586825550045
2024-10-26,34.3,19.8,27.125,63.833333333333336,88,5.191666666666666,8.0,223.46666666666667,798.8,44.7580371546024,36.03209503735782
2024-10-27,35.7,20.9,28.1375,55.208333333333336,81,5.5249999999999995,10.3,220.54999999999998,791.7,44.762280422287354,36.39240091105561
2024-10-28,36.0,21.5,28.275000000000002,55.25,72,5.825,8.9,219.5875,789.7,45.63685432665284,38.059598087555614
2024-10-29,36.8,23.6,29.5,52.416666666666664,81,7.0874999999999995,12.7,217.6625,783.6,46.471365687268616,37.1698370232245
2024-10-30,36.3,22.1,29.408333333333335,46.791666666666664,69,4.316666666666666,6.7,217.5041666666667,785.6,42.462224411838946,35.67044402991783
2024-10-31,35.9,22.1,28.90833333333333,45.5,64,7.541666666666667,10.4,215.4416666666667,778.6,40.98690006090948,35.85604743735117
2024-11-01,35.8,21.8,28.575,44.625,67,6.879166666666666,11.1,215.99166666666667,780.6,40.42000468575376,34.64948091499559
2024-11-02,34.8,20.0,27.316666666666666,45.291666666666664,70,5.25,9.4,216.27083333333334,782.6,38.51234989803959,33.341518725457846
2024-11-03,35.0,20.3,27.670833333333334,47.125,65,6.4875,9.6,211.66666666666666,768.5,39.58715998211807,34.27413465555555
2024-11-04,34.9,21.8,27.9875,47.291666666666664,65,7.258333333333333,10.5,209.57500000000002,762.5,39.426701948825354,34.32929425183114
2024-11-05,35.0,21.8,27.724999999999998,48.791666666666664,68,8.145833333333334,12.0,208.88333333333333,760.5,40.20882030773539,34.27413465555555
2024-11-06,34.5,22.0,27.566666666666666,48.666666666666664,62,8.5375,11.3,206.96666666666667,755.5,39.03411091463593,34.16133020955562
2024-11-07,34.4,21.9,27.391666666666666,54.25,69,6.491666666666667,9.7,205.60833333333335,751.5,40.88625193047048,34.318642408504424
2024-11-08,34.3,21.7,27.275000000000002,53.708333333333336,72,6.945833333333333,9.9,205.32083333333333,751.6,40.427304759327704,34.27979001113782
2024-11-09,34.2,21.7,27.454166666666666,48.0,64,7.45,10.6,202.85833333333335,744.5,38.1560003400713,34.13289986273782
2024-11-10,34.3,21.4,26.854166666666668,48.083333333333336,67,8.65,12.6,202.82916666666665,744.6,38.39735749640524,33.41969375757116
2024-11-11,33.5,20.4,26.754166666666666,46.583333333333336,64,7.954166666666667,11.4,202.17916666666667,744.7,36.29899666284304,32.55980467532447
2024-11-12,33.4,20.1,27.166666666666668,46.875,68,7.533333333333334,11.6,199.82083333333333,737.7,36.188304284033705,32.76280817377556
2024-11-13,33.1,22.6,28.245833333333334,40.625,55,6.8125,9.8,198.95833333333334,734.8,34.07910449307058,31.848195060095584
2024-11-14,33.0,21.8,27.833333333333332,40.916666666666664,63,6.929166666666667,10.0,199.57083333333333,737.9,33.98252200425629,31.181688440444468
2024-11-15,32.6,20.8,27.2375,39.625,61,6.25,8.5,199.52083333333334,739.0,33.08960879703809,30.852121527697793
2024-11-16,32.6,21.6,27.441666666666666,36.291666666666664,57,6.366666666666667,9.5,198.4375,735.1,32.472220296085,30.68622041427558
2024-11-17,32.8,21.1,27.34166666666667,36.583333333333336,52,7.329166666666667,9.7,197.97916666666666,734.2,32.80522937937973,30.888594636035563
2024-11-18,32.1,20.9,26.820833333333336,37.458333333333336,50,7.108333333333333,10.3,195.6916666666667,727.2,31.982275837115164,30.421226638515577
2024-11-19,31.4,20.4,26.258333333333336,40.416666666666664,55,7.5,10.2,192.35,717.3,31.50772374080137,29.96410766499558
2024-11-20,30.7,20.3,25.625,39.875,54,7.5375000000000005,10.8,192.25833333333333,717.4,30.514142318874846,29.345108038391217
2024-11-21,30.0,18.8,24.6375,36.375,54,6.804166666666667,10.5,195.86249999999998,730.7,29.30066504262155,28.34817124444444
2024-11-22,29.3,17.6,23.895833333333332,38.25,54,7.3500000000000005,10.8,195.89583333333334,729.8,28.752734900855767,27.908417284717828
2024-11-23,29.7,17.7,23.941666666666666,41.708333333333336,58,6.6125,9.6,191.79583333333335,717.8,29.537664998002445,28.350594288815643
2024-11-24,30.1,18.0,24.3625,42.666666666666664,56,6.695833333333333,10.3,190.04166666666666,711.9,30.13420817075138,28.922239026515587
2024-11-25,30.0,19.0,24.78333333333333,40.958333333333336,58,8.395833333333334,10.9,188.40416666666667,707.0,29.801162555738756,28.61567085555551
2024-11-26,30.5,18.2,24.833333333333332,35.041666666666664,51,7.1125,9.8,190.13750000000002,714.3,29.701864465467622,28.728487921055564
2024-11-27,30.5,18.6,25.066666666666666,34.083333333333336,51,6.833333333333333,10.0,188.48333333333335,708.4,29.602899371574452,28.68712440511111
2024-11-28,30.4,18.5,25.141666666666666,35.875,54,7.291666666666667,9.5,186.89166666666665,703.5,29.680958314269407,28.85055131073785
2024-11-29,28.7,19.1,23.96666666666667,38.875,57,9.4375,11.8,185.53333333333333,699.6,28.21801043669338,27.481563830924458
2024-11-30,27.9,17.3,22.891666666666666,37.833333333333336,54,10.741666666666667,12.7,188.38750000000002,708.9,27.440276886043787,26.82311721451558
2024-12-01,28.2,16.7,22.829166666666666,40.166666666666664,62,10.483333333333333,12.7,188.20000000000002,709.1,27.853424287590567,26.964862631804433
2024-12-02,29.3,17.1,23.504166666666666,39.916666666666664,60,10.025,12.6,186.1208333333333,702.2,28.908338395915603,28.010266258415584
2024-12-03,31.1,20.0,25.445833333333336,41.25,56,9.887500000000001,12.8,172.79583333333335,652.7,31.23135645035245,30.03528856946448
2024-12-04,31.3,21.0,26.34583333333333,42.041666666666664,53,9.741666666666667,12.7,177.29999999999998,674.2,31.63293752320398,30.484763635935565
2024-12-05,31.3,21.2,26.141666666666666,40.083333333333336,49,8.387500000000001,11.3,174.27916666666667,664.3,31.32029725929,30.608016457217786
2024-12-06,30.3,18.8,24.65833333333333,35.166666666666664,51,7.879166666666666,10.3,181.90833333333333,690.9,29.49880111340084,28.650220916557814
2024-12-07,28.9,17.6,23.608333333333334,37.208333333333336,52,6.891666666666667,9.0,183.23333333333335,694.2,28.27498163030488,27.591488397037843
2024-12-08,28.5,17.3,22.979166666666668,33.375,59,8.579166666666667,12.0,186.525,706.6,27.65965694893147,27.005392103777783
2024-12-09,26.7,14.6,20.816666666666666,21.583333333333332,30,9.583333333333334,11.7,190.21666666666667,718.0,25.949093271097052,26.482299185671142
2024-12-10,25.4,14.4,20.033333333333335,33.541666666666664,54,10.895833333333334,12.4,185.6916666666667,704.0,25.671615359687912,29.696366602364467
2024-12-11,26.6,14.6,20.629166666666666,36.375,53,10.070833333333333,13.0,183.2875,695.1,26.427718471985347,29.453560568017874
2024-12-12,26.9,14.9,20.662499999999998,39.166666666666664,58,8.4125,10.3,181.59583333333333,688.2,26.750898817417067,28.768803273695564
2024-12-13,25.7,14.7,20.183333333333334,32.625,51,12.366666666666667,14.5,184.66666666666666,699.7,25.78475823255727,29.344027278817787
2024-12-14,26.3,14.0,20.229166666666668,31.708333333333332,45,11.829166666666666,14.5,185.01666666666665,701.9,26.069183287119493,29.93631780044445
2024-12-15,27.9,14.2,21.120833333333334,33.208333333333336,50,9.695833333333333,12.5,184.67083333333335,700.1,27.178861223105898,29.98510035628447
2024-12-16,28.6,14.9,21.791666666666668,33.875,48,7.883333333333333,11.8,184.39166666666665,700.4,27.77359499906028,29.03969653525116
2024-12-17,28.4,14.4,21.47083333333333,38.75,60,6.529166666666666,10.8,180.8708333333333,687.4,27.931372160079498,29.364532411164518
2024-12-18,29.1,16.0,22.433333333333334,40.083333333333336,60,6.133333333333333,11.0,179.94583333333333,683.5,28.715908890803373,27.748241820637848
2024-12-19,28.9,15.8,22.370833333333334,47.125,64,5.2625,9.8,177.2458333333333,674.6,29.20425846589588,27.736280690231215
2024-12-20,27.4,15.7,21.575,43.791666666666664,65,7.495833333333334,9.8,177.63333333333333,675.8,27.392057691132123,26.806965281751086
2024-12-21,29.6,16.9,23.05,49.333333333333336,74,7.908333333333334,10.0,176.26250000000002,672.0,30.37783935774026,28.388402093671107
2024-12-22,27.7,18.8,23.21666666666667,52.75,65,9.045833333333333,11.9,152.75833333333333,644.7,28.348699416916787,27.813965985695543
2024-12-23,26.4,18.1,21.90416666666667,48.916666666666664,68,7.2875000000000005,10.5,174.38333333333333,663.3,26.83437892862263,26.212182737475594
2024-12-24,25.9,14.3,20.241666666666667,43.583333333333336,61,7.625,11.3,181.57500000000002,688.0,26.268590010218546,29.28429947419558
2024-12-25,28.2,16.8,22.15833333333333,57.916666666666664,78,7.7749999999999995,10.8,173.07500000000002,659.7,29.506356932644266,27.98958259825781
2024-12-26,29.5,19.6,23.962500000000002,62.875,77,7.395833333333333,12.0,146.83333333333334,589.4,32.42711303943834,29.68463245844446
2024-12-27,28.2,20.7,23.90416666666667,65.5,83,6.4125000000000005,11.1,156.75416666666666,618.2,30.440113197915608,28.582707213635558
2024-12-28,26.7,17.2,21.84166666666667,59.541666666666664,84,7.754166666666666,10.9,176.3083333333333,670.6,27.68465507708495,26.6054084855911
2024-12-29,27.0,16.6,21.416666666666668,53.541666666666664,62,9.9375,13.0,175.6291666666667,667.7,27.639638312476112,27.23930029911114
2024-12-30,27.0,15.4,21.066666666666666,55.083333333333336,66,9.095833333333333,12.3,176.21666666666667,670.0,27.740855858237758,27.126322248444506
2024-12-31,28.3,15.7,21.691666666666666,57.083333333333336,75,6.845833333333334,10.1,179.42916666666667,681.5,29.553349181138614,27.721938942035614
2025-01-01,28.5,16.2,22.1875,62.125,88,7.508333333333333,9.5,179.15416666666667,679.7,30.500592248688285,28.117701619055524
2025-01-02,29.7,16.6,23.15416666666667,56.791666666666664,78,7.929166666666667,10.4,179.40416666666667,678.9,31.695714215271398,29.046821180435636
2025-01-03,30.4,16.6,23.541666666666668,49.416666666666664,72,5.7124999999999995,9.5,182.875,692.4,31.5549999746864,28.982213669795588
2025-01-04,30.3,16.3,23.224999999999998,49.875,71,6.075,9.0,183.20416666666665,690.5,31.479676246170584,28.760625212317816
2025-01-05,28.0,17.9,22.4875,49.0,64,7.8500000000000005,12.2,180.78333333333333,683.6,28.36087754355559,27.243469653777797
2025-01-06,26.4,14.8,20.5125,41.625,64,9.375,12.1,188.725,711.4,26.51740020029816,28.497529910737754
2025-01-07,25.5,15.1,20.133333333333333,36.791666666666664,52,10.158333333333333,12.7,190.9958333333333,717.8,25.82547218933341,28.8382944789756
2025-01-08,25.6,12.7,19.120833333333334,40.291666666666664,64,9.270833333333334,11.6,192.20833333333334,722.0,25.98737110948254,31.52490250233557
2025-01-09,27.4,13.2,20.308333333333334,43.125,63,8.862499999999999,11.8,190.40416666666667,714.0,27.350847994325214,30.77818799580443
2025-01-10,28.6,15.4,22.254166666666666,43.041666666666664,59,7.245833333333334,11.2,183.51250000000002,688.5,28.469468318118302,28.03071736076447
2025-01-11,27.7,18.6,22.754166666666666,49.791666666666664,66,6.841666666666666,9.8,180.97916666666666,680.5,28.103999059158614,27.122565418817793
2025-01-12,27.1,15.6,21.375,42.083333333333336,69,9.229166666666666,13.4,190.88333333333333,713.5,27.046822835769703,26.177036319671174
2025-01-13,25.1,13.8,19.224999999999998,45.25,70,11.120833333333332,14.0,193.42916666666667,721.8,25.855976762906796,28.374446205795593
2025-01-14,26.7,13.3,19.791666666666668,51.166666666666664,74,10.5375,13.6,184.35,698.4,27.20475748435936,28.089900311491142
2025-01-15,27.1,17.1,21.712500000000002,57.5,76,9.049999999999999,12.3,169.31666666666666,631.8,28.022979573762857,27.32693132463115
2025-01-16,27.6,15.2,21.349999999999998,42.166666666666664,73,9.904166666666667,12.8,195.42083333333335,726.4,27.46123734612777,27.0079121531112
2025-01-17,27.0,15.2,20.929166666666667,57.208333333333336,74,12.637500000000001,15.0,187.3083333333333,698.8,27.884667591476116,27.23930029911114
2025-01-18,30.2,17.5,23.5625,56.833333333333336,73,8.908333333333333,13.8,186.89166666666665,697.9,32.5776762451315,29.5813845288356
2025-01-19,31.1,18.8,25.15833333333333,50.583333333333336,77,5.220833333333333,9.6,190.16250000000002,707.2,32.901718201495655,29.745586538231123
2025-01-20,31.2,18.2,25.170833333333334,46.375,70,4.583333333333333,8.7,192.9375,715.6,32.244804883729344,29.76023892771559
2025-01-21,30.7,19.0,24.954166666666666,46.125,67,5.25,8.6,194.5666666666667,720.8,31.45045338262485,29.345108038391217
2025-01-22,29.2,18.9,23.916666666666668,43.541666666666664,65,7.679166666666667,9.9,194.9375,718.9,29.166357068201137,27.795327973964515
2025-01-23,28.4,16.4,22.583333333333332,37.083333333333336,56,9.7125,13.6,201.25,741.6,27.813860101089396,27.19128442327109
2025-01-24,28.1,17.5,22.537499999999998,41.333333333333336,61,12.141666666666666,14.9,201.4416666666667,740.6,27.847078658490677,26.99869510743782
2025-01-25,28.8,16.6,22.670833333333334,39.0,48,10.104166666666666,13.3,202.07083333333333,742.7,28.323441997191168,27.824911901724462
2025-01-26,29.8,16.3,23.070833333333336,43.958333333333336,59,7.733333333333333,10.3,204.46249999999998,750.0,29.926027282367038,28.568309799751066
2025-01-27,29.8,16.4,23.433333333333334,43.416666666666664,60,7.2124999999999995,9.6,202.6208333333333,742.9,29.858711114890223,28.568309799751066
2025-01-28,31.3,18.2,24.8,41.375,53,5.783333333333334,9.8,201.25833333333333,736.7,31.52411908839898,30.047208763651142
2025-01-29,31.4,18.1,25.104166666666668,40.25,75,5.175,8.8,205.47916666666666,751.2,31.481240625781126,29.323742783697796
2025-01-30,30.1,17.3,24.083333333333332,38.833333333333336,68,7.041666666666667,10.5,207.98333333333332,757.4,29.670943853623086,28.64245468036443
2025-01-31,29.1,17.2,23.462500000000002,40.833333333333336,72,6.770833333333333,9.7,210.1208333333333,764.6,28.785828687594883,27.62681677828449
2025-02-01,27.7,16.5,22.175,36.666666666666664,69,6.958333333333333,9.2,211.525,767.7,27.212981146920242,26.539319226451127
2025-02-02,28.6,16.0,22.616666666666664,29.291666666666668,51,4.620833333333334,9.4,214.525,778.0,27.513471285244293,27.843076033777788
2025-02-03,30.3,19.2,24.645833333333332,29.875,44,5.129166666666666,8.5,204.32916666666665,757.4,29.02616624244836,28.453590591635564
2025-02-04,28.7,19.1,23.71666666666667,31.875,53,8.195833333333333,11.2,211.1291666666667,767.6,27.73456969985061,27.194972476104468
2025-02-05,28.0,15.3,22.066666666666666,28.666666666666668,49,7.954166666666667,10.4,222.49166666666667,801.6,27.035977575654304,28.604312494835515
2025-02-06,28.3,15.7,22.133333333333336,27.458333333333332,45,12.6,16.9,226.14583333333334,814.9,27.20146657414709,27.96971255615781
2025-02-07,29.5,17.2,23.22083333333333,31.416666666666668,43,12.341666666666667,14.3,219.6208333333333,791.2,28.394973281139258,27.940085390444423
2025-02-08,30.9,17.4,24.375,31.291666666666668,41,8.341666666666667,12.6,217.3166666666667,785.6,29.750566275480853,29.185145324797855
2025-02-09,32.5,16.9,25.058333333333334,34.583333333333336,53,5.745833333333334,9.1,224.0625,804.5,32.052734943065296,30.3433336819445
2025-02-10,32.2,18.4,25.7375,29.708333333333332,50,5.825,7.9,227.4416666666667,812.7,31.00956851796266,29.994441151395588
2025-02-11,30.7,17.2,24.53333333333333,36.125,59,7.120833333333334,9.0,226.5,807.5,30.045010494708183,28.95029160580451
2025-02-12,31.6,18.6,25.5,45.541666666666664,90,7.766666666666667,11.5,226.80416666666667,809.5,32.71142534446806,29.777246640284474
2025-02-13,31.7,19.4,26.016666666666666,28.208333333333332,43,6.833333333333333,11.9,227.29999999999998,810.4,30.296997189140672,29.617298762904486
2025-02-14,33.1,18.9,26.733333333333334,30.166666666666668,52,5.795833333333333,8.7,228.67499999999998,814.5,32.14804525288376,30.771398844737796
2025-02-15,34.0,19.9,27.025000000000002,33.083333333333336,51,8.058333333333334,10.4,231.26250000000002,820.4,33.85905195627002,31.795530828444473
2025-02-16,32.7,21.1,27.0,40.291666666666664,65,8.341666666666667,11.5,229.51666666666665,814.3,33.37596060256246,30.957146794957833
2025-02-17,33.2,21.1,27.358333333333334,43.0,71,6.320833333333333,10.3,228.82500000000002,811.1,34.80129666691563,31.60114046899558
2025-02-18,33.4,22.8,28.1875,38.166666666666664,63,8.5,10.8,220.11666666666667,815.1,34.01498923947803,31.512333135875604
2025-02-19,33.4,21.7,27.483333333333334,33.416666666666664,50,9.258333333333333,14.1,192.60416666666666,724.6,33.073081305707284,31.422927804071133
2025-02-20,33.3,21.5,27.5125,36.291666666666664,56,8.475,11.8,236.57083333333333,835.4,33.47441705949447,31.21667005495111
2025-02-21,33.2,22.0,28.175,31.5,52,8.075000000000001,10.6,235.1625,826.3,32.47926394382445,31.13911355415112
2025-02-22,33.8,21.4,27.912499999999998,29.5,46,5.991666666666667,11.6,238.46666666666667,838.2,32.937838173435615,31.595055488604537
2025-02-23,34.1,20.9,27.96666666666667,26.833333333333332,42,6.125,10.7,244.4416666666667,855.5,32.90172174763198,31.702442803937807
2025-02-24,34.0,21.4,28.1875,27.333333333333332,40,7.716666666666666,11.3,242.13333333333333,849.2,32.85237136187663,31.724664789777844
2025-02-25,34.7,21.8,28.433333333333334,27.291666666666668,39,8.908333333333333,11.2,239.6833333333333,847.0,33.743461293158624,32.513790301704454
2025-02-26,35.9,22.7,29.354166666666668,28.083333333333332,39,7.654166666666666,10.6,241.32083333333333,851.0,35.559901406962204,33.6865748168978
2025-02-27,36.1,23.7,30.099999999999998,29.666666666666668,40,6.570833333333333,9.2,242.35416666666666,845.7,36.23308998827961,34.30728730677116
2025-02-28,35.3,23.5,29.425,29.583333333333332,45,8.262500000000001,11.0,242.22916666666666,861.9,35.01817765589788,32.734976975315575
2025-03-01,34.0,22.7,28.400000000000002,39.541666666666664,69,8.5625,10.2,247.60833333333335,861.7,35.31301201572032,31.96186302711112
2025-03-02,33.3,22.8,28.129166666666666,34.166666666666664,53,6.695833333333333,8.8,251.72916666666666,873.9,33.06972807437119,31.40664590313561
2025-03-03,34.3,22.7,28.566666666666666,33.75,52,7.358333333333333,11.5,247.37916666666663,857.3,34.438905108115755,32.383320704951174
2025-03-04,32.4,22.7,27.09583333333333,28.25,58,12.2125,15.8,258.3333333333333,890.8,31.067855231372803,30.1435417771378
2025-03-05,32.6,18.8,25.400000000000002,12.791666666666666,23,11.420833333333334,14.2,271.9875,935.9,30.275193407208704,30.31364434867559
2025-03-06,33.1,18.3,26.6875,15.458333333333334,28,7.183333333333334,11.4,262.45416666666665,903.9,30.788304490565956,30.704464746317797
2025-03-07,35.9,21.0,28.96666666666667,17.75,27,5.6875,9.0,262.6666666666667,902.7,33.774570594662364,33.31231470939558
2025-03-08,37.2,23.0,30.554166666666664,23.958333333333332,40,6.55,11.6,258.8666666666667,889.2,36.474896699343674,34.843666284017786
2025-03-09,38.0,24.7,31.445833333333336,24.333333333333332,39,4.116666666666666,9.4,259.9791666666667,890.0,37.720853669432195,35.56388081244448
2025-03-10,39.4,24.6,32.34583333333333,22.375,36,5.425,7.8,263.5125,901.1,39.23593283128306,36.727484402631134
2025-03-11,40.1,25.8,33.30833333333333,20.5,30,5.570833333333333,8.3,263.78333333333336,901.9,39.67655181582055,37.672994378195575
2025-03-12,39.5,25.7,33.045833333333334,19.833333333333332,33,7.7625,10.1,265.3208333333333,904.8,38.62780832239045,36.83195737661114
2025-03-13,39.0,25.1,32.05416666666667,19.875,33,9.641666666666667,14.3,272.2,928.1,37.95585831917366,36.02172619155556
2025-03-14,38.3,26.0,32.0,25.166666666666668,44,10.954166666666666,14.6,267.30833333333334,908.4,38.40888362503784,35.73570690651556
2025-03-15,37.4,25.0,31.145833333333332,27.666666666666668,51,8.35,12.0,266.93333333333334,911.3,37.72670548494031,35.20366511731558
2025-03-16,36.2,24.6,30.354166666666668,27.291666666666668,54,8.9375,14.6,268.66249999999997,912.1,35.81622423506329,33.788238321617804
2025-03-17,35.5,23.3,29.995833333333334,19.666666666666668,33,6.429166666666667,11.7,272.8541666666667,927.2,33.566471426987704,32.86702177661113
2025-03-18,36.3,23.8,30.370833333333334,21.708333333333332,33,7.5249999999999995,12.1,275.04583333333335,929.0,34.82716925606441,33.70354215771561
2025-03-19,36.1,23.8,30.141666666666666,19.833333333333332,31,7.983333333333333,11.2,273.97499999999997,924.7,34.28243588504378,33.507294870995594
2025-03-20,35.0,22.7,29.275000000000002,26.083333333333332,49,10.354166666666666,13.1,277.21666666666664,934.7,33.926317700385795,32.574688277777824
2025-03-21,35.3,23.1,29.55,30.333333333333332,64,8.520833333333334,11.4,265.0,916.1,35.18280339413431,32.87265906601778
2025-03-22,37.4,24.7,31.445833333333336,20.083333333333332,33,5.9375,8.8,278.2916666666667,935.3,35.91031950413695,34.80555209619558
2025-03-23,38.7,24.7,32.375,17.541666666666668,30,4.9624999999999995,9.1,280.7,941.2,37.0126494768723,35.862936216951134
2025-03-24,39.6,25.8,33.108333333333334,15.083333333333334,23,4.941666666666666,9.5,282.24583333333334,946.0,37.55888606417674,36.453362888764474
2025-03-25,39.3,25.8,33.170833333333334,17.833333333333332,30,5.570833333333333,10.1,283.47499999999997,948.9,37.834842328485266,36.46037183375113
2025-03-26,37.8,25.6,31.90416666666667,27.125,39,8.299999999999999,12.1,279.28749999999997,934.4,38.203032462245346,36.00496849820444
2025-03-27,36.1,24.9,30.483333333333334,34.291666666666664,67,9.225,11.1,274.25,928.1,37.49133915052393,34.047797027555575
2025-03-28,36.2,24.4,30.087500000000002,12.208333333333334,27,10.808333333333332,13.0,297.87916666666666,995.2,33.54419726104778,33.29099821923556
2025-03-29,36.8,22.0,29.741666666666664,7.958333333333333,12,9.125,12.6,297.79583333333335,989.8,33.84520569799662,33.76549630028447
2025-03-30,38.4,22.8,30.870833333333334,9.75,16,8.483333333333333,12.1,293.6125,974.3,35.42152638754613,35.099394963537776
2025-03-31,39.4,24.1,32.2125,10.5,18,8.979166666666666,13.2,292.0416666666667,968.0,36.482339451817786,36.025795063875584
2025-04-01,40.0,26.6,33.30833333333333,9.75,14,9.208333333333334,12.4,289.47083333333336,948.5,36.94908438298612,36.5886453159178
2025-04-02,40.1,26.1,33.18333333333333,10.75,15,6.158333333333334,10.9,294.3958333333333,972.7,37.22343248860683,36.62955276667559
2025-04-03,40.2,26.3,33.5,13.75,30,6.629166666666666,13.0,295.25416666666666,975.5,37.95226369414558,36.5867626216178
2025-04-04,40.5,25.8,33.420833333333334,21.875,48,6.3999999999999995,11.4,294.7416666666667,973.3,40.74079830520228,36.975876513555576
2025-04-05,41.3,26.4,34.175000000000004,17.375,34,7.791666666666667,11.4,291.87916666666666,962.9,40.34312630242479,37.87058572836448
2025-04-06,42.4,28.4,35.24583333333333,15.041666666666666,24,9.916666666666666,14.8,294.425,970.8,40.99354573841996,38.63401780867558
2025-04-07,42.5,28.3,35.37083333333333,14.166666666666666,24,9.716666666666667,14.6,296.3833333333333,975.7,40.81141892920528,38.72188810555557
2025-04-08,42.8,27.5,35.574999999999996,14.875,25,10.191666666666666,14.3,295.8958333333333,973.5,41.44840084990935,39.24312800353782
2025-04-09,43.2,29.0,36.00833333333333,14.458333333333334,24,11.983333333333334,14.9,294.99583333333334,968.2,41.80411579353399,39.52267991431781
2025-04-10,42.4,28.2,34.96666666666667,17.416666666666668,35,12.583333333333334,21.1,291.1333333333333,972.1,41.885722619316,38.8718359464178
2025-04-11,38.1,26.2,31.77916666666667,35.083333333333336,65,9.887500000000001,18.2,280.8875,955.6,41.51902168620716,36.908824515277786
2025-04-12,40.3,26.4,32.38333333333333,47.125,74,8.725,12.9,287.1333333333333,955.5,53.68153443558083,38.38935690329778
2025-04-13,41.4,26.5,33.62916666666667,37.916666666666664,78,9.545833333333333,14.1,292.57916666666665,964.4,50.610163913094084,38.590434535624475
2025-04-14,41.9,27.8,34.5875,28.291666666666668,45,12.129166666666668,17.2,296.16249999999997,967.3,46.08164640660268,39.59689719891558
2025-04-15,42.7,27.5,34.80416666666667,32.875,57,9.370833333333334,14.1,288.90416666666664,953.9,50.589977428315905,41.4769144430556
2025-04-16,42.9,27.4,34.983333333333334,38.083333333333336,76,8.441666666666666,14.3,286.5083333333333,952.8,54.80421817012152,41.542613340444454
2025-04-17,42.3,27.3,34.43333333333333,37.041666666666664,64,9.066666666666666,12.5,296.1458333333333,962.8,52.39915268386844,40.8346362559445
2025-04-18,42.7,27.4,35.0625,30.5,62,11.341666666666667,16.7,299.1458333333333,969.7,49.06909497196276,40.06288502931563
2025-04-19,40.6,26.9,33.574999999999996,26.458333333333332,56,11.554166666666667,19.1,301.2708333333333,975.7,42.712121935047215,38.38118329681559
2025-04-20,40.2,25.5,33.02916666666667,34.708333333333336,68,10.095833333333333,13.7,302.24583333333334,978.6,45.826662888347734,38.01232357777779
2025-04-21,40.8,27.6,34.416666666666664,29.041666666666668,63,7.7749999999999995,12.8,301.2583333333333,973.4,44.25994099215254,38.45410231251557
2025-04-22,41.5,26.9,34.84583333333333,16.791666666666668,46,9.291666666666666,11.7,310.0416666666667,999.6,40.41743952740756,37.66433098127782
2025-04-23,42.0,27.0,35.4125,11.583333333333334,32,7.9125000000000005,11.0,313.90000000000003,1012.7,39.41403681475158,37.89137608844447
2025-04-24,41.5,27.7,34.775,19.208333333333332,40,9.4125,12.3,305.42083333333335,982.1,41.27377100305575,38.4806941990556
2025-04-25,40.8,26.9,33.96666666666667,29.0,62,9.408333333333333,11.9,300.4166666666667,966.8,44.240053425191164,38.75418723571559
2025-04-26,42.0,26.8,34.083333333333336,35.333333333333336,76,9.241666666666667,16.3,292.125,966.7,50.47300688306175,39.66160001895114
2025-04-27,42.8,27.7,35.329166666666666,29.25,59,7.845833333333334,11.2,292.625,963.5,48.522484371079535,40.762226236835595
2025-04-28,43.9,28.7,35.40833333333333,33.083333333333336,59,9.854166666666666,14.7,295.98333333333335,969.5,53.73089702108628,40.81091595955557
2025-04-29,43.8,28.3,35.137499999999996,36.375,64,9.575000000000001,14.8,294.7625,965.3,56.01106144682035,42.12213298807111
2025-04-30,44.1,28.4,36.041666666666664,27.041666666666668,52,11.85,15.4,304.05833333333334,975.4,49.93722576422127,40.80368065956448
2025-05-01,43.8,28.5,35.90416666666667,26.541666666666668,55,11.604166666666666,16.6,303.3041666666667,968.2,48.97847836113614,40.5044522113245
2025-05-02,43.4,28.1,35.7875,27.208333333333332,55,10.308333333333334,14.8,304.51666666666665,973.2,48.55710757431,40.54706459975114
2025-05-03,41.4,27.6,33.86666666666667,37.916666666666664,71,9.566666666666666,19.7,300.57916666666665,973.1,50.610163913094084,39.46661685361779
2025-05-04,37.6,28.4,31.9875,46.958333333333336,64,7.3999999999999995,11.3,249.92499999999998,937.5,45.82594154285107,39.76421703041787
2025-05-05,37.4,27.8,31.616666666666664,50.041666666666664,78,9.066666666666666,23.8,256.3625,934.4,46.90485412713693,40.05929366355547
2025-05-06,32.3,22.9,27.34583333333333,67.66666666666667,91,7.179166666666667,13.4,194.09583333333333,887.7,40.42218987811651,34.79570411673779
2025-05-07,30.9,22.7,25.766666666666666,82.54166666666667,94,4.566666666666666,14.4,212.88750000000002,881.9,41.44060794956752,35.91870161327123
2025-05-08,32.3,23.6,27.675,74.45833333333333,92,5.833333333333333,9.6,247.94583333333333,855.1,43.07972288280777,36.34395780775126
2025-05-09,33.8,25.4,28.7625,71.75,91,5.2,10.5,281.59166666666664,910.9,46.96280359802125,37.6348463880356
2025-05-10,34.8,24.5,29.71666666666667,65.75,85,5.416666666666667,10.7,278.9875,874.3,47.310089948199625,38.754237380195676
2025-05-11,35.4,26.9,30.741666666666664,62.458333333333336,79,4.666666666666667,11.5,184.75,640.6,47.54192235383888,38.970880569795554
2025-05-12,37.0,26.9,32.0875,53.75,76,6.2749999999999995,10.7,246.94583333333333,817.6,47.772002893861114,40.05929366355547
2025-05-13,37.7,28.3,32.86666666666667,51.0,76,7.204166666666667,11.4,244.20416666666665,819.6,48.29340791001769,40.08503163468442
2025-05-14,39.5,28.0,33.829166666666666,46.041666666666664,67,6.654166666666666,9.5,279.1958333333333,890.5,50.56211956899072,41.18973183459559
2025-05-15,40.1,28.3,34.208333333333336,49.208333333333336,77,6.154166666666666,10.3,265.3833333333333,861.1,54.524614907432664,42.88649703583116
2025-05-16,38.2,29.2,33.645833333333336,53.333333333333336,69,7.683333333333334,14.0,257.1166666666667,821.6,51.21560905943514,42.96762940247119
2025-05-17,39.1,29.1,33.737500000000004,53.083333333333336,76,9.066666666666666,12.5,272.7083333333333,867.5,53.977108542360384,43.157355945784516
2025-05-18,40.4,29.5,34.479166666666664,49.0,65,7.6375,13.0,288.8,924.9,55.34623287027571,43.46073427063119
2025-05-19,40.9,29.8,34.391666666666666,51.916666666666664,71,6.629166666666666,12.2,280.29583333333335,920.9,59.315241411894476,46.04273529113783
2025-05-20,41.1,29.6,35.4125,46.916666666666664,74,6.7625,12.1,270.425,873.1,56.06048579255189,45.33716276997112
2025-05-21,40.9,30.8,35.7875,42.791666666666664,61,6.904166666666666,19.4,286.1416666666667,923.9,52.478156432472105,44.043759046391116
2025-05-22,40.5,29.6,35.2125,48.0,68,6.079166666666667,11.5,279.8958333333333,881.4,54.93769757461125,46.12780252105563
2025-05-23,42.1,30.8,36.416666666666664,38.958333333333336,59,7.854166666666667,11.4,278.3041666666667,927.0,53.20504490526245,45.27749118423783
2025-05-24,43.0,30.6,35.69583333333333,41.0,59,8.6,15.3,295.29583333333335,939.2,57.389511928444485,42.98471902203555
2025-05-25,42.3,29.8,35.87916666666667,44.291666666666664,67,6.433333333333334,11.6,285.90416666666664,924.0,57.865448771356505,45.66009927951782
2025-05-26,42.4,30.1,36.30833333333333,47.791666666666664,74,8.420833333333333,11.3,285.19166666666666,924.0,61.15009270880484,46.39051852636445
2025-05-27,42.3,30.5,35.4125,54.833333333333336,77,11.766666666666666,14.8,275.3958333333333,894.2,67.28640910332244,48.901398922335616
2025-05-28,40.6,29.3,33.99583333333333,56.291666666666664,75,10.991666666666667,14.5,281.15833333333336,897.7,61.85061538774429,46.980259102204506
2025-05-29,39.5,27.1,32.24166666666667,64.91666666666667,85,9.35,14.7,246.38750000000002,918.1,64.80911928439845,45.09724950119781
2025-05-30,40.8,28.4,32.541666666666664,63.958333333333336,85,12.020833333333334,17.7,291.6125,937.4,69.72791783004735,43.34578421377782
2025-05-31,39.8,27.6,32.550000000000004,58.333333333333336,81,14.379166666666668,19.0,276.5,920.2,60.456005613153756,41.12792839839109
2025-06-01,39.5,28.2,32.56666666666667,55.458333333333336,75,13.65,19.9,257.075,865.3,57.07831569390508,39.968279817215574
2025-06-02,39.0,28.1,32.90416666666667,53.125,77,11.758333333333333,18.2,271.94166666666666,837.2,53.673773285618125,39.294572043315554
2025-06-03,38.7,28.2,32.67916666666667,54.416666666666664,76,12.245833333333332,17.5,238.11249999999998,853.5,53.55693531556753,40.703069522817884
2025-06-04,38.5,28.6,32.791666666666664,51.333333333333336,74,9.183333333333334,11.9,274.52916666666664,914.4,50.896950800265536,39.62771970705556
2025-06-05,39.4,28.5,33.4625,53.458333333333336,77,6.183333333333334,10.1,271.96666666666664,868.8,55.25347221393234,42.04318449644449
2025-06-06,41.0,28.4,34.520833333333336,48.458333333333336,83,7.416666666666667,9.7,288.3041666666667,897.3,56.91337501536048,41.19079702711113
2025-06-07,41.2,28.9,34.579166666666666,46.291666666666664,69,10.0625,11.9,288.6958333333333,926.8,55.90791950780035,41.96441832844449
2025-06-08,40.8,28.0,34.4375,49.5,80,11.091666666666667,15.1,285.4291666666667,915.7,57.04908349542453,43.314895943324444
2025-06-09,41.0,29.0,34.94166666666667,45.5,70,13.020833333333334,15.4,288.8333333333333,914.7,54.69050970344455,44.15389073955563
2025-06-10,40.5,28.9,34.862500000000004,45.75,71,12.433333333333332,14.8,292.20416666666665,913.8,53.334619583642585,44.05088564444444
2025-06-11,41.5,28.5,35.175000000000004,43.041666666666664,72,12.137500000000001,16.3,294.87916666666666,922.0,54.41908068883129,42.794173118444505
2025-06-12,42.1,29.3,35.920833333333334,42.708333333333336,67,11.970833333333333,16.3,295.6125,921.1,55.98592267597634,43.357347996575605
2025-06-13,40.8,29.9,35.329166666666666,48.958333333333336,71,9.674999999999999,12.7,186.775,606.6,56.632674936125134,44.72426576535117
2025-06-14,36.3,30.0,32.708333333333336,64.375,78,6.408333333333334,13.0,208.40833333333333,771.6,51.70757939310347,44.86630408153568
2025-06-15,36.1,27.1,31.858333333333334,66.5,85,4.325,10.4,284.3833333333333,896.0,52.29954457352302,41.22944038897559
2025-06-16,34.5,27.5,29.8125,78.95833333333333,94,5.925,11.0,169.73749999999998,720.5,53.6940702255187,44.04168816955566
2025-06-17,31.6,26.5,28.133333333333336,83.04166666666667,92,8.641666666666667,15.6,117.82916666666667,492.9,44.17369997582929,37.632968615271146
2025-06-18,33.3,26.3,29.075,81.875,94,9.8375,13.7,202.16250000000002,777.5,50.334340619634,41.68879935641775
2025-06-19,33.9,27.3,30.233333333333334,74.66666666666667,89,9.533333333333333,14.1,79.48333333333333,257.4,48.832486358446225,41.90100301223787
2025-06-20,34.7,26.8,29.929166666666664,72.45833333333333,89,11.0875,15.1,234.6625,789.8,50.63108717720525,39.971901950984446
2025-06-21,32.6,25.7,28.641666666666666,81.125,95,8.579166666666667,10.9,137.5375,553.2,47.136242816480326,38.853988350915586
2025-06-22,33.1,25.9,29.195833333333336,78.54166666666667,93,10.054166666666667,13.9,240.5,805.2,47.79967544833747,39.553153921084494
2025-06-23,31.3,26.4,28.004166666666666,86.625,96,7.616666666666667,10.6,119.55833333333334,451.6,44.504047160992336,39.06695666762446
2025-06-24,31.6,26.4,28.6875,83.70833333333333,96,9.845833333333333,12.4,186.55416666666667,668.1,44.45184445629886,38.45742017681789
2025-06-25,31.7,26.3,28.175,88.45833333333333,97,6.55,9.1,134.3125,620.0,46.92821950806987,39.597000106737866
2025-06-26,31.4,26.4,28.525000000000002,86.25,98,6.520833333333333,11.2,187.25,693.4,44.74221035522123,40.39545800887114
2025-06-27,32.4,26.1,28.370833333333334,82.0,97,11.083333333333334,18.4,150.48333333333332,669.8,46.772987720675786,38.26090210068455
2025-06-28,31.8,26.2,27.84583333333333,84.08333333333333,93,12.391666666666666,16.1,166.16666666666666,687.0,45.38125023408068,39.82716198259561
2025-06-29,33.0,26.0,28.40416666666667,81.08333333333333,95,12.304166666666667,15.8,156.9375,611.7,48.694405242923004,38.81428645155561
2025-06-30,32.5,26.1,28.825,77.58333333333333,88,11.954166666666666,16.6,200.82500000000002,637.2,45.11715620301902,38.602807305555714
2025-07-01,34.4,25.7,29.224999999999998,78.45833333333333,95,10.2875,13.9,243.0375,857.9,52.96724395801425,40.42995148251564
2025-07-02,30.9,25.6,27.733333333333334,85.75,98,8.625,13.1,115.74166666666667,515.4,42.621762165206995,37.629335512737924
2025-07-03,31.3,24.9,27.608333333333334,87.08333333333333,98,7.516666666666667,11.1,169.5125,702.0,44.69360935861638,38.41561921129552
2025-07-04,31.9,26.1,28.337500000000002,83.04166666666667,94,7.8625,11.8,204.45833333333334,786.9,45.31162495228088,39.13564071180446
2025-07-05,30.4,25.8,27.291666666666668,89.20833333333333,96,7.654166666666666,12.2,129.0375,474.9,41.98284025445709,37.05922669041773
2025-07-06,29.9,25.5,27.108333333333334,89.54166666666667,97,8.245833333333334,10.7,163.0125,560.0,40.1949929990441,36.285769631615615
2025-07-07,32.5,25.4,28.395833333333332,79.08333333333333,95,10.558333333333334,15.1,240.54166666666666,732.5,45.79778157107446,37.94237669444462
2025-07-08,31.8,25.3,27.520833333333332,84.08333333333333,93,7.920833333333333,16.0,200.01250000000002,709.2,45.38125023408068,38.798947692035576
2025-07-09,33.7,25.5,28.8,78.45833333333333,91,8.9625,14.4,245.47916666666666,781.3,50.10379869448428,38.914234438764574
2025-07-10,32.5,25.8,28.8875,76.41666666666667,89,9.2125,11.9,237.66666666666666,808.7,44.59826266922266,38.269222865277825
2025-07-11,32.2,26.8,29.116666666666664,77.20833333333333,89,7.341666666666666,11.5,196.32083333333333,805.1,43.89182096976641,38.514839902204535
2025-07-12,30.8,26.2,28.22083333333333,82.125,91,7.175,10.7,168.6833333333333,668.8,40.94493833036833,37.06655711299558
2025-07-13,31.3,26.3,27.912499999999998,85.625,94,7.595833333333334,10.8,151.11666666666667,743.2,44.09450060840062,39.874443649635566
2025-07-14,32.5,25.4,28.2,84.375,97,8.620833333333334,13.3,151.53333333333333,589.0,48.319960747764846,39.64399024305568
2025-07-15,34.1,26.1,29.795833333333334,76.41666666666667,92,9.4375,14.6,245.59583333333333,814.1,50.559063853449416,41.35420553955563
2025-07-16,34.3,26.9,30.004166666666666,73.70833333333333,90,8.945833333333333,10.9,274.8583333333333,895.6,49.82007983663515,39.5678188930645
2025-07-17,33.6,25.8,29.633333333333336,74.75,93,6.104166666666667,10.1,261.9791666666667,874.3,47.76068284147934,39.554438450015674
2025-07-18,32.3,27.2,29.304166666666664,76.875,87,6.9624999999999995,10.6,174.54999999999998,674.9,44.0981273356131,38.771033985004436
2025-07-19,31.9,26.4,28.379166666666666,79.0,94,8.375,12.3,170.17083333333332,648.3,43.59002553547563,36.548019169164405
2025-07-20,31.1,25.8,28.391666666666666,82.0,93,8.137500000000001,11.8,208.625,810.3,41.94560056257565,38.49456536306456
2025-07-21,32.4,24.8,28.287499999999998,84.875,97,6.320833333333333,9.6,197.26666666666665,646.1,48.15348860142831,39.73171554647122
2025-07-22,33.1,26.6,29.520833333333332,78.75,91,7.091666666666666,12.1,238.06666666666663,779.7,47.90416070283578,40.51858159279783
2025-07-23,32.3,26.3,29.079166666666666,76.66666666666667,91,10.141666666666667,13.3,208.8791666666667,602.8,44.00882920708327,37.46913364052446
2025-07-24,32.4,26.1,29.045833333333334,77.375,90,9.266666666666667,11.6,203.725,823.7,44.667338763844924,38.68832825809793
2025-07-25,33.1,27.0,29.625,77.45833333333333,90,7.020833333333333,12.1,216.45416666666665,805.4,47.26147837338556,40.62756844044466
2025-07-26,32.9,25.7,28.320833333333336,81.91666666666667,96,8.858333333333333,12.1,170.67083333333335,597.4,48.717663867950236,38.914234438764574
2025-07-27,28.1,25.4,26.55,90.5,97,10.466666666666667,15.7,80.39166666666667,275.7,34.15797641810949,32.84147984815109
2025-07-28,30.6,25.8,27.900000000000002,83.54166666666667,95,11.045833333333334,15.2,108.69583333333333,428.7,40.74204094221665,37.10851573436451
2025-07-29,30.7,25.9,27.837500000000002,81.875,90,10.929166666666667,16.1,130.12916666666666,585.5,40.51605142317161,36.54442686211558
2025-07-30,31.8,26.1,28.474999999999998,79.45833333333333,88,10.358333333333333,13.8,135.37916666666666,586.7,43.42505418768784,39.02214342113768
2025-07-31,31.2,26.1,28.462500000000002,79.625,87,10.783333333333333,13.8,119.51666666666667,422.0,41.414220787785,36.639429006951175
2025-08-01,32.4,25.9,28.979166666666668,76.70833333333333,91,10.0375,14.8,223.21666666666667,778.1,44.37553344041631,37.75979534148459
2025-08-02,32.5,25.3,28.59583333333333,75.91666666666667,88,8.674999999999999,10.8,265.0416666666667,847.6,44.37868733843572,37.308899161111285
2025-08-03,31.6,24.7,27.90416666666667,82.91666666666667,98,7.579166666666667,10.4,227.22083333333333,825.8,44.12183712771899,37.94569286567113
2025-08-04,31.7,26.0,28.53333333333333,78.45833333333333,89,8.904166666666667,12.1,243.8708333333333,803.0,42.67404969173842,37.78646432010447
2025-08-05,32.2,26.0,28.65416666666667,76.95833333333333,89,9.070833333333333,11.8,251.10833333333335,806.9,43.7859713028428,37.23568356812457
2025-08-06,32.2,25.6,28.579166666666666,76.875,91,7.833333333333333,10.0,257.45,843.1,43.75077755340548,37.004347798764535
2025-08-07,33.3,25.7,29.379166666666666,71.20833333333333,90,7.5874999999999995,11.2,270.45416666666665,910.3,44.988313327732776,36.60358037643559
2025-08-08,34.2,26.0,30.083333333333332,65.95833333333333,87,8.495833333333334,12.6,261.1958333333333,840.3,45.45621060260786,36.89853838145785
2025-08-09,33.9,26.7,29.983333333333334,65.20833333333333,82,7.904166666666666,10.1,216.76250000000002,819.6,44.162867075018085,36.6150351746045
2025-08-10,33.8,26.6,30.03333333333333,64.875,82,8.433333333333334,11.9,246.27916666666667,818.4,43.70697092245864,36.71405648259565
2025-08-11,34.4,26.0,30.145833333333332,65.41666666666667,84,8.870833333333334,11.6,253.0666666666667,879.5,45.8338138788447,37.91852052531554
2025-08-12,34.1,27.1,30.279166666666665,64.66666666666667,81,9.916666666666666,12.4,245.72500000000002,827.6,44.53068326632789,37.62251750943124
2025-08-13,33.1,26.8,29.741666666666664,69.54166666666667,87,8.066666666666666,9.2,221.39583333333334,759.4,43.58951865189577,37.39920905481782
2025-08-14,32.6,26.7,29.412499999999998,75.70833333333333,92,5.7250000000000005,8.3,203.3791666666667,871.3,44.634723228412426,38.269222865277825
2025-08-15,33.0,26.1,28.666666666666668,81.58333333333333,95,4.379166666666666,9.9,202.65,736.4,48.951036654774825,38.8726283844712
2025-08-16,31.7,25.6,27.758333333333336,88.25,98,4.279166666666667,8.1,172.1875,681.9,46.83352679065591,38.86094437290459
2025-08-17,32.5,25.8,28.241666666666664,88.58333333333333,98,4.0125,11.4,164.62916666666666,579.3,50.46048348056533,41.908289393055696
2025-08-18,32.6,25.5,28.575,83.875,97,6.891666666666667,9.7,234.12083333333337,827.4,48.483015779938135,41.03352574707564
2025-08-19,33.1,25.5,28.970833333333335,84.0,97,6.5625,9.1,235.33333333333334,848.0,50.64216908733117,41.616129931235676
2025-08-20,30.5,26.2,27.820833333333336,87.875,95,7.229166666666667,12.4,165.7125,535.6,41.89208844947305,37.686462424275675
2025-08-21,31.2,25.4,27.479166666666668,86.79166666666667,94,10.237499999999999,12.2,173.4375,724.2,44.1792127729338,38.45742017681789
2025-08-22,29.2,25.1,26.708333333333332,88.0,95,11.491666666666667,14.7,122.26666666666667,510.5,37.25676222451574,34.396202090684426
2025-08-23,30.0,25.1,26.525000000000002,86.0,92,12.033333333333333,17.6,150.85416666666666,578.2,39.447505644444455,35.52997874444458
2025-08-24,29.1,25.0,26.275000000000002,87.875,93,13.033333333333333,16.4,134.85,514.3,36.887143938158175,35.246751116204436
2025-08-25,31.2,24.1,27.416666666666668,83.91666666666667,98,10.883333333333333,13.9,210.6291666666667,829.4,43.036407191628655,37.29978242977783
2025-08-26,31.9,25.5,28.395833333333332,81.625,95,7.3,10.1,218.875,831.8,44.696752740361006,39.41276758098467
2025-08-27,32.6,25.6,29.066666666666666,78.29166666666667,93,6.7749999999999995,10.0,225.83333333333334,780.4,45.80273513730282,39.2001527740979
2025-08-28,31.5,25.4,27.895833333333332,87.33333333333333,96,7.5,13.5,180.7541666666667,671.0,45.602580024932166,40.349479490611174
2025-08-29,31.7,26.0,27.8875,88.08333333333333,97,6.279166666666666,8.7,191.15833333333333,748.1,46.75795841286468,40.242547482024555
2025-08-30,30.1,25.8,27.5125,89.91666666666667,96,6.366666666666667,9.9,129.92083333333332,557.4,41.07295112399257,38.26825743940456
2025-08-31,30.2,25.4,27.004166666666666,89.83333333333333,98,7.0,12.2,106.72916666666667,513.2,41.428681057060345,37.13056213779554
2025-09-01,31.5,24.9,28.258333333333336,81.16666666666667,97,9.875,13.3,221.70000000000002,728.5,43.046053804168245,38.642918039777946
2025-09-02,32.4,25.5,28.458333333333332,77.04166666666667,92,9.2125,12.5,230.6833333333333,712.9,44.52106723147483,36.63475768119119
2025-09-03,31.9,25.0,28.108333333333334,79.625,93,8.137500000000001,12.9,232.26250000000002,804.2,43.849691678826574,38.07810072057563
2025-09-04,29.3,24.7,26.75,87.20833333333333,94,10.270833333333334,16.3,120.15833333333335,570.9,37.38938195657915,34.669135328495585
2025-09-05,31.7,24.6,27.316666666666666,87.29166666666667,99,7.666666666666667,12.7,126.02499999999999,422.5,46.401263977057255,38.86094437290459
2025-09-06,28.6,25.3,26.316666666666666,91.95833333333333,96,11.887500000000001,15.1,80.62083333333334,307.0,36.14187668778653,34.85067929900453
2025-09-07,26.2,24.5,25.179166666666664,91.79166666666667,96,17.033333333333335,21.7,67.35,235.0,28.643546476656145,28.252236069991106
2025-09-08,29.1,24.6,26.679166666666664,82.625,91,13.945833333333333,18.7,172.92916666666667,613.9,35.62038000832227,33.01722070359112
2025-09-09,30.9,24.1,27.266666666666666,80.54166666666667,96,8.4625,10.9,243.67916666666667,813.5,40.731093156291486,35.13282209719792
2025-09-10,30.9,23.9,27.454166666666666,78.54166666666667,95,6.0375000000000005,8.2,253.92916666666667,866.7,40.042152417433385,34.39323420356455
2025-09-11,31.6,23.9,27.775000000000002,75.0,95,6.658333333333334,8.3,261.46666666666664,890.9,41.02326908647114,34.766201563715704
2025-09-12,31.9,24.4,28.287499999999998,73.41666666666667,91,5.620833333333334,8.0,252.95416666666665,838.0,41.37683591695722,35.39411724705568
2025-09-13,32.7,24.4,28.925,69.16666666666667,88,6.279166666666666,8.2,248.275,823.6,42.1853071350528,35.96836629801776
2025-09-14,33.9,25.3,29.679166666666664,65.54166666666667,82,7.191666666666666,8.9,255.69583333333333,853.9,44.315110942651216,36.910707886415565
2025-09-15,33.8,25.4,29.483333333333334,67.83333333333333,88,8.670833333333333,12.2,243.0875,851.8,45.06157781122333,37.0129794507912
2025-09-16,32.9,25.2,29.204166666666666,68.66666666666667,91,7.904166666666668,10.5,235.5875,796.9,42.5928035406151,36.37384144473775
2025-09-17,33.4,25.6,29.870833333333334,67.08333333333333,89,5.3999999999999995,9.2,238.64583333333334,799.8,43.4578120615088,36.78661046793779
2025-09-18,34.4,25.9,30.204166666666666,66.625,88,5.5625,8.3,242.7541666666667,833.1,46.433366201809314,37.59849836300438
2025-09-19,33.8,26.6,30.183333333333334,68.45833333333333,85,5.633333333333333,8.2,230.96666666666667,785.3,45.35672853738124,37.6348463880356
2025-09-20,34.1,26.5,29.333333333333332,75.375,90,5.516666666666667,8.6,214.1916666666667,814.6,49.97836209919992,38.62769929603572
2025-09-21,33.3,25.9,29.666666666666668,71.33333333333333,94,5.9624999999999995,7.9,225.92499999999998,773.1,45.0460062548551,37.678634623751115
2025-09-22,34.1,26.5,30.366666666666664,61.833333333333336,78,7.925,10.8,246.57083333333333,868.0,43.24843140550615,37.73453079511117
2025-09-23,34.0,26.2,30.2,61.666666666666664,80,8.35,10.9,242.04583333333335,841.5,42.88687618143201,37.10899633155566
2025-09-24,32.6,25.6,29.191666666666666,63.333333333333336,79,7.887499999999999,10.1,230.34166666666667,780.0,39.67234024203663,34.725542425831165
2025-09-25,32.4,25.7,29.27916666666667,64.54166666666667,80,5.316666666666666,8.2,228.6291666666667,776.5,39.56844177691013,35.133246793111226
2025-09-26,34.9,26.0,30.8875,58.875,79,7.429166666666667,8.9,239.47916666666666,853.3,44.22257087310555,38.003078919804466
2025-09-27,37.5,28.3,32.954166666666666,47.958333333333336,65,10.479166666666666,14.9,237.1833333333333,826.8,46.07726440104419,39.23713038194447
2025-09-28,32.9,26.3,29.758333333333336,68.95833333333333,94,10.362499999999999,16.2,98.1375,397.6,42.71415122395277,38.23634882703121
2025-09-29,31.1,25.4,27.791666666666668,80.25,92,15.179166666666667,20.3,200.32916666666665,693.7,41.303086165629175,35.845619555884475
2025-09-30,30.1,24.4,26.704166666666666,81.58333333333333,90,12.308333333333332,16.0,171.01250000000002,675.6,38.44121198074264,33.87537836337564
2025-10-01,30.9,24.3,27.025000000000002,80.66666666666667,94,10.479166666666666,13.0,170.62083333333334,699.7,40.77483507537077,36.19094847917128
2025-10-02,31.1,25.1,27.066666666666666,80.16666666666667,89,9.566666666666666,12.6,155.57083333333333,589.4,41.2728985301877,35.57801656399798
2025-10-03,32.3,24.7,28.070833333333336,77.79166666666667,95,6.5874999999999995,9.6,219.45000000000002,796.7,44.49441176863193,37.16001088161546
2025-10-04,32.9,25.3,28.929166666666664,70.08333333333333,92,6.0874999999999995,8.7,235.87916666666663,825.9,43.187889270647844,35.810055468275664
2025-10-05,32.5,25.6,28.679166666666664,69.91666666666667,86,8.079166666666667,10.7,218.23333333333335,785.3,41.875179623157884,35.57018502777784
2025-10-06,31.4,24.7,27.491666666666664,74.79166666666667,95,9.2875,13.4,219.6208333333333,779.2,40.321701306535175,33.55179753553556
2025-10-07,32.1,24.1,27.84166666666667,68.08333333333333,94,6.129166666666666,8.9,228.5,820.5,40.00421324371603,32.796220943597795
2025-10-08,33.3,24.3,28.95,53.75,85,5.0625,7.9,225.07500000000002,766.8,38.085053590782344,32.940887655137786
2025-10-09,33.7,24.7,29.34166666666667,42.083333333333336,69,4.804166666666666,8.6,224.36249999999998,820.2,35.443286004599614,32.43395563492447
2025-10-10,34.0,24.2,29.141666666666666,39.791666666666664,72,6.05,10.0,239.4958333333333,853.5,35.3761704161833,32.272861628444495
2025-10-11,33.3,22.9,28.59166666666667,38.541666666666664,64,6.083333333333333,10.1,246.95416666666665,863.5,33.9399330936086,31.31947334335115
2025-10-12,33.9,23.2,29.21666666666667,35.5,58,6.683333333333334,10.2,245.70833333333334,861.3,34.21031106362064,32.051154196175595
2025-10-13,34.2,23.5,29.320833333333336,38.166666666666664,64,6.154166666666666,10.4,241.2125,851.1,35.305441468971445,32.38601230228451
2025-10-14,34.1,23.6,29.425,35.833333333333336,56,6.7250000000000005,11.1,241.77083333333334,851.1,34.591631795365245,32.271528905375625
2025-10-15,34.8,23.4,29.5,36.541666666666664,54,6.420833333333333,9.6,241.07916666666668,847.9,35.89536245147482,33.22023515655782
2025-10-16,35.8,24.3,30.1875,38.333333333333336,56,5.491666666666667,8.6,235.5875,832.7,38.196757229746225,34.78200861139557
2025-10-17,36.6,25.4,30.829166666666666,36.083333333333336,55,6.208333333333333,9.8,234.1,826.6,38.963198603876286,34.95299755711112
2025-10-18,36.1,24.6,30.445833333333336,40.541666666666664,61,6.2875000000000005,10.1,226.82083333333333,825.5,39.538056840785444,35.39049714903783
2025-10-19,35.7,24.2,30.133333333333336,38.166666666666664,53,6.204166666666667,10.3,232.38333333333333,828.5,37.95580460179638,34.33965865089786
2025-10-20,36.1,24.6,30.633333333333336,38.958333333333336,59,5.233333333333333,8.7,228.76250000000002,807.2,38.98189991812495,34.85730952977782
2025-10-21,35.6,26.5,31.008333333333336,43.916666666666664,60,7.779166666666666,11.0,213.59583333333333,760.5,39.71874741869683,35.181921509111184
2025-10-22,35.7,25.9,30.8,39.708333333333336,55,10.362499999999999,13.9,223.3166666666667,802.0,38.454247793893565,35.256361313671114
2025-10-23,35.5,26.1,30.8,39.25,49,11.237499999999999,14.7,215.64166666666665,786.8,37.92249999358688,36.39240091105561
2025-10-24,35.1,27.3,31.141666666666666,42.083333333333336,49,10.958333333333334,14.7,204.03333333333333,773.7,38.057916347703056,36.30516498705562
2025-10-25,34.2,27.4,30.141666666666666,49.458333333333336,68,11.137500000000001,16.9,200.88750000000002,743.9,38.64785248367691,36.60515416051559
2025-10-26,28.2,24.4,26.554166666666664,76.20833333333333,89,11.254166666666668,19.6,118.60000000000001,414.5,31.99068953231139,30.777806587804534
2025-10-27,25.7,23.5,24.554166666666664,92.75,95,11.799999999999999,18.1,44.512499999999996,187.8,27.33843092055571,27.30816340779545
2025-10-28,27.6,22.8,24.495833333333334,87.29166666666667,96,12.458333333333334,17.0,73.49166666666666,314.4,32.112979290167544,30.616888642115825
2025-10-29,30.0,22.6,25.891666666666666,75.20833333333333,88,12.379166666666668,15.3,181.92916666666667,739.2,36.35451115967392,33.239386577777815
2025-10-30,26.6,23.6,25.0625,82.08333333333333,93,9.420833333333333,13.4,55.25833333333333,290.4,29.02511399803116,28.53014549047127
2025-10-31,27.4,22.9,25.108333333333334,84.16666666666667,93,9.029166666666667,12.9,109.92916666666667,583.1,31.15307251525873,29.86383387219557
2025-11-01,28.6,23.9,26.037499999999998,83.625,92,6.070833333333333,10.2,133.62083333333334,467.5,34.36358383328033,32.376935292995555
2025-11-02,30.8,24.5,26.808333333333334,84.91666666666667,95,5.983333333333333,8.9,175.57083333333333,635.4,41.9428923283426,35.68311197015103
2025-11-03,30.8,23.9,26.849999999999998,83.04166666666667,98,7.4750000000000005,12.1,180.54166666666666,694.9,41.26829121320591,35.68311197015103
2025-11-04,30.3,23.9,26.308333333333334,75.95833333333333,93,7.079166666666667,9.9,187.11666666666667,684.8,37.405628193791685,32.1854918875556
2025-11-05,30.6,22.1,25.941666666666666,74.66666666666667,100,4.1625000000000005,6.9,206.1291666666667,758.5,37.89075235854615,31.89109059895784
2025-11-06,30.8,21.5,25.5625,60.791666666666664,85,5.1625000000000005,6.8,210.02916666666667,768.6,34.61641751554551,30.186722995404466
2025-11-07,29.9,18.9,23.650000000000002,57.041666666666664,76,6.575,9.9,215.5375,785.8,32.084632689001765,28.465861756364493
2025-11-08,29.7,17.1,23.016666666666666,50.666666666666664,71,6.445833333333333,9.1,214.70833333333334,783.8,30.71174190890848,28.18913942059562
2025-11-09,29.8,16.8,23.474999999999998,47.416666666666664,75,5.883333333333333,8.8,211.55416666666667,774.8,30.383660527239915,28.108805779751123
2025-11-10,30.0,17.5,23.858333333333334,44.833333333333336,67,4.525,8.3,209.90416666666667,769.9,30.293637426080167,28.270783811111137
2025-11-11,30.2,17.8,24.320833333333336,44.708333333333336,69,4.508333333333334,7.8,207.41666666666666,762.9,30.538688199693198,28.473735602435593
2025-11-12,30.4,18.2,24.575,45.708333333333336,70,5.983333333333333,8.2,205.22083333333333,755.9,30.95724463701584,28.737439472497815
2025-11-13,30.4,18.5,24.59583333333333,45.625,72,7.0874999999999995,8.6,203.4958333333333,750.9,30.9445446139593,28.85055131073785
2025-11-14,30.3,18.4,24.191666666666666,42.5,61,8.941666666666666,11.2,202.77916666666667,748.0,30.363771267176148,28.601822804204478
2025-11-15,30.1,18.5,23.991666666666664,38.083333333333336,49,9.683333333333334,12.3,201.27083333333334,744.0,29.58775146238818,28.583339545837802
2025-11-16,29.6,18.2,23.770833333333332,34.875,48,10.308333333333334,12.5,203.15,751.2,28.75539683102818,27.919761862471134
2025-11-17,29.3,17.2,23.195833333333336,36.166666666666664,52,9.220833333333333,11.3,203.85,753.4,28.571949587048223,27.78198440980448
2025-11-18,29.2,16.9,23.099999999999998,38.75,58,8.891666666666667,10.6,202.02083333333334,749.4,28.696614666759487,27.704033925404477
2025-11-19,29.5,16.5,22.9875,41.458333333333336,60,8.229166666666666,10.7,200.4375,743.5,29.282257476004702,28.07201478927777
2025-11-20,29.6,17.3,23.400000000000002,44.333333333333336,62,8.641666666666667,10.5,197.1916666666667,733.5,29.726418931488425,28.26410791779554
2025-11-21,30.4,18.4,24.254166666666666,47.625,68,8.520833333333334,10.8,194.85,726.6,31.258233958541553,29.05500129463114
2025-11-22,31.0,18.4,24.583333333333332,47.416666666666664,66,7.445833333333333,10.3,193.6208333333333,722.7,32.12657252645991,29.5601151595556
2025-11-23,31.2,18.1,24.791666666666668,45.666666666666664,66,7.233333333333333,9.2,192.42083333333332,717.8,32.1149568732603,29.60075846241783
2025-11-24,31.1,18.8,24.866666666666664,49.208333333333336,63,7.245833333333334,10.3,189.84166666666667,710.8,32.62639447814514,30.255147576975546
2025-11-25,31.0,20.3,25.195833333333336,53.958333333333336,64,8.2875,11.7,184.9125,695.8,33.43650328355024,30.912882311555524
2025-11-26,31.4,20.8,26.079166666666666,55.833333333333336,72,5.745833333333334,9.9,178.47916666666666,682.8,34.63559580405885,31.46399185188446
2025-11-27,31.1,22.0,26.71666666666667,55.208333333333336,70,6.270833333333333,10.5,169.1875,652.7,33.90196707719068,31.043001335615575
2025-11-28,31.5,22.5,27.1125,54.5,70,5.904166666666668,9.8,171.89583333333334,675.1,34.50620873206957,31.268418802611095
2025-11-29,31.2,21.4,26.420833333333334,52.5,71,7.25,9.7,180.29999999999998,682.4,33.48156302345119,30.369368106435616
2025-11-30,30.7,20.5,25.758333333333336,51.333333333333336,73,6.420833333333333,9.2,177.42916666666667,668.4,32.378166733625534,29.609227720824478
2025-12-01,30.2,19.7,25.129166666666666,49.916666666666664,72,4.391666666666667,7.0,181.00416666666663,684.8,31.334671352436235,29.101311372924492
2025-12-02,29.5,19.4,24.558333333333334,49.666666666666664,68,6.075,8.9,180.01250000000002,681.9,30.286030955876488,28.50998052377775
2025-12-03,29.6,18.9,24.170833333333334,45.958333333333336,66,8.483333333333333,10.6,182.42916666666667,692.3,29.927653312693987,28.26410791779554
2025-12-04,29.0,18.3,23.47083333333333,45.5,65,9.737499999999999,12.2,182.76250000000002,691.5,29.146076643444417,27.715543016444467
2025-12-05,29.0,17.7,23.258333333333336,47.5,67,10.266666666666667,11.9,181.63333333333333,688.6,29.36637198655554,27.931986671555578
2025-12-06,28.2,17.0,22.670833333333334,45.458333333333336,63,10.120833333333334,12.4,179.79999999999998,691.9,28.268105175729264,27.242885098951074
2025-12-07,29.7,16.9,23.058333333333334,42.916666666666664,62,9.383333333333333,11.8,184.32916666666668,699.2,29.67765847113123,28.062994933535624
2025-12-08,30.7,16.9,23.570833333333336,39.75,64,9.362499999999999,11.2,183.09583333333333,692.3,30.4973850123991,28.757171639304502
2025-12-09,30.6,17.1,23.599999999999998,37.75,53,8.8125,11.3,184.23749999999998,696.6,30.121763362625604,28.862074399484484
2025-12-10,30.9,16.6,23.608333333333334,38.166666666666664,62,7.3,9.7,183.04166666666666,693.8,30.534155854436435,28.95548398827556
2025-12-11,30.3,16.7,23.391666666666666,40.541666666666664,56,6.416666666666667,9.0,181.8375,688.9,30.108911732141248,28.518634650551135
2025-12-12,30.2,16.6,23.474999999999998,44.75,68,6.058333333333334,8.0,181.27916666666667,687.1,30.544578764601145,28.563776565457843
2025-12-13,30.6,16.1,23.15833333333333,45.333333333333336,65,6.970833333333334,8.9,181.26250000000002,687.4,31.179288957396604,28.814790013475562
2025-12-14,30.2,16.7,23.287499999999998,46.916666666666664,66,7.283333333333334,10.1,178.95416666666668,680.5,30.861496524214026,28.797069778115592
2025-12-15,30.2,17.2,23.3875,45.125,68,8.316666666666666,10.4,179.53333333333333,682.7,30.597940276420356,28.67155462401781
2025-12-16,28.7,16.2,22.266666666666666,45.25,67,9.766666666666667,11.6,183.40833333333333,696.2,28.781531175416767,27.360015879757775
2025-12-17,30.2,16.0,22.920833333333334,45.375,69,8.004166666666666,11.3,180.89166666666668,686.3,30.633861045280387,28.67155462401781
2025-12-18,30.4,16.6,23.27916666666667,41.291666666666664,63,7.866666666666667,10.2,182.34166666666667,691.6,30.328522959614425,28.737439472497815
2025-12-19,30.7,16.2,23.570833333333336,42.958333333333336,66,7.095833333333334,9.3,177.48749999999998,675.5,30.951931208732,28.95029160580451
2025-12-20,31.6,17.6,24.670833333333334,43.583333333333336,64,4.908333333333333,7.2,176.48333333333335,671.7,32.338697280812305,29.777246640284474
2025-12-21,30.1,18.2,23.8875,44.625,61,6.829166666666667,9.1,157.95416666666665,603.9,30.395444772651484,28.64245468036443
2025-12-22,30.7,18.0,24.204166666666666,43.958333333333336,66,7.6000000000000005,10.5,175.09166666666667,665.1,31.104005874387397,29.003740369357857
2025-12-23,30.6,17.7,24.254166666666666,46.5,70,7.383333333333333,8.8,177.6875,675.5,31.366691479497806,28.91419919889784
2025-12-24,29.6,17.7,23.7375,44.916666666666664,62,7.195833333333333,10.8,177.86666666666667,675.7,29.797496091419678,28.20769197916448
2025-12-25,28.8,17.2,23.0625,46.416666666666664,67,7.166666666666667,9.7,178.30416666666667,676.0,29.011750298184193,27.605921671715535
2025-12-26,28.6,16.8,22.479166666666668,46.75,66,8.0375,9.9,178.10416666666666,675.2,28.817508084245553,27.498899192231104
2025-12-27,28.3,16.3,22.133333333333336,44.166666666666664,58,8.129166666666666,11.1,178.05833333333337,675.4,28.260971873134135,27.318101132851165
2025-12-28,28.9,16.2,22.483333333333334,46.208333333333336,66,6.508333333333333,9.9,178.46666666666667,675.7,29.105577663453168,27.636654006764484
2025-12-29,29.0,16.3,22.55,48.583333333333336,66,6.075,9.5,178.90833333333333,680.0,29.491046583219195,27.76485077955556
2025-12-30,28.8,16.4,22.7375,50.541666666666664,71,5.354166666666667,8.3,177.90416666666667,676.1,29.46586212053181,27.656177130791125
2025-12-31,28.0,17.7,23.083333333333332,51.75,73,5.045833333333333,11.4,172.53750000000002,671.2,28.60860736731949,27.19198765244447
2026-01-01,21.7,18.8,20.06,72.2,80,7.720000000000001,8.0,0.0,0.0,23.149597753923885,24.25748771575779
