date,Tmax,heat_risk_score,risk_category,mortality_RR,hospitalization_RR,health_interpretation
2018-01-01,27.1,0.0,LOW,1.0,1.0,Baseline heat-related health risk
2018-01-02,27.1,0.0,LOW,1.0,1.0,Baseline heat-related health risk
2018-01-03,27.0,0.0,LOW,1.0,1.0,Baseline heat-related health risk
2018-01-04,27.2,0.0,LOW,1.0,1.0,Baseline heat-related health risk
2018-01-05,26.1,0.0,LOW,1.0,1.0,Baseline heat-related health risk
2018-01-06,25.7,0.0,LOW,1.0,1.0,Baseline heat-related health risk
2018-01-07,25.9,0.0,LOW,1.0,1.0,Baseline heat-related health risk
2018-01-08,27.1,7.5,LOW,1.0,1.0,Baseline heat-related health risk
2018-01-09,28.0,0.0,LOW,1.0,1.0,Baseline heat-related health risk
2018-01-10,28.7,0.0,LOW,1.013,1.0,Elevated heat-related health risk
2018-01-11,28.8,0.0,LOW,1.015,1.0,Elevated heat-related health risk
2018-01-12,29.9,0.0,LOW,1.037,1.0,Elevated heat-related health risk
2018-01-13,28.9,0.0,LOW,1.017,1.0,Elevated heat-related health risk
2018-01-14,30.9,17.5,LOW,1.057,1.0,Elevated heat-related health risk
2018-01-15,31.1,17.5,LOW,1.061,1.0,Elevated heat-related health risk
2018-01-16,30.5,7.5,LOW,1.049,1.0,Elevated heat-related health risk
2018-01-17,28.7,0.0,LOW,1.013,1.0,Elevated heat-related health risk
2018-01-18,28.8,0.0,LOW,1.015,1.0,Elevated heat-related health risk
2018-01-19,28.3,0.0,LOW,1.006,1.0,Elevated heat-related health risk
2018-01-20,29.1,0.0,LOW,1.021,1.0,Elevated heat-related health risk
2018-01-21,29.9,0.0,LOW,1.037,1.0,Elevated heat-related health risk
2018-01-22,28.8,0.0,LOW,1.015,1.0,Elevated heat-related health risk
2018-01-23,26.7,0.0,LOW,1.0,1.0,Baseline heat-related health risk
2018-01-24,26.8,0.0,LOW,1.0,1.0,Baseline heat-related health risk
2018-01-25,26.7,0.0,LOW,1.0,1.0,Baseline heat-related health risk
2018-01-26,27.2,7.5,LOW,1.0,1.0,Baseline heat-related health risk
2018-01-27,28.2,7.5,LOW,1.004,1.0,Elevated heat-related health risk
2018-01-28,28.4,0.0,LOW,1.008,1.0,Elevated heat-related health risk
2018-01-29,29.2,0.0,LOW,1.023,1.0,Elevated heat-related health risk
2018-01-30,30.5,7.5,LOW,1.049,1.0,Elevated heat-related health risk
2018-01-31,31.6,17.5,LOW,1.071,1.0,Elevated heat-related health risk
2018-02-01,31.0,7.5,LOW,1.059,1.0,Elevated heat-related health risk
2018-02-02,29.9,0.0,LOW,1.037,1.0,Elevated heat-related health risk
2018-02-03,29.7,0.0,LOW,1.033,1.0,Elevated heat-related health risk
2018-02-04,29.9,0.0,LOW,1.037,1.0,Elevated heat-related health risk
2018-02-05,30.4,7.5,LOW,1.047,1.0,Elevated heat-related health risk
2018-02-06,26.1,0.0,LOW,1.0,1.0,Baseline heat-related health risk
2018-02-07,30.2,7.5,LOW,1.043,1.0,Elevated heat-related health risk
2018-02-08,29.1,0.0,LOW,1.021,1.0,Elevated heat-related health risk
2018-02-09,28.5,0.0,LOW,1.01,1.0,Elevated heat-related health risk
2018-02-10,28.4,0.0,LOW,1.008,1.0,Elevated heat-related health risk
2018-02-11,27.4,0.0,LOW,1.0,1.0,Baseline heat-related health risk
2018-02-12,28.0,0.0,LOW,1.0,1.0,Baseline heat-related health risk
2018-02-13,29.3,0.0,LOW,1.025,1.0,Elevated heat-related health risk
2018-02-14,28.9,0.0,LOW,1.017,1.0,Elevated heat-related health risk
2018-02-15,30.2,7.5,LOW,1.043,1.0,Elevated heat-related health risk
2018-02-16,31.3,17.5,LOW,1.065,1.0,Elevated heat-related health risk
2018-02-17,31.7,7.5,LOW,1.073,1.0,Elevated heat-related health risk
2018-02-18,31.9,7.5,LOW,1.077,1.0,Elevated heat-related health risk
2018-02-19,32.4,17.5,LOW,1.087,1.0,Elevated heat-related health risk
2018-02-20,33.2,17.5,LOW,1.104,1.0,Elevated heat-related health risk
2018-02-21,33.6,17.5,LOW,1.113,1.0,Elevated heat-related health risk
2018-02-22,33.4,17.5,LOW,1.108,1.0,Elevated heat-related health risk
2018-02-23,33.0,17.5,LOW,1.1,1.0,Elevated heat-related health risk
2018-02-24,32.8,17.5,LOW,1.096,1.0,Elevated heat-related health risk
2018-02-25,34.4,25.0,MODERATE,1.13,1.0,Elevated heat-related health risk
2018-02-26,34.9,25.0,MODERATE,1.141,1.0,Elevated heat-related health risk
2018-02-27,34.9,25.0,MODERATE,1.141,1.0,Elevated heat-related health risk
2018-02-28,35.8,32.5,MODERATE,1.16,1.0,Elevated heat-related health risk
2018-03-01,35.3,32.5,MODERATE,1.149,1.0,Elevated heat-related health risk
2018-03-02,35.0,32.5,MODERATE,1.143,1.0,Elevated heat-related health risk
2018-03-03,34.0,7.5,LOW,1.121,1.0,Elevated heat-related health risk
2018-03-04,32.9,17.5,LOW,1.098,1.0,Elevated heat-related health risk
2018-03-05,33.7,17.5,LOW,1.115,1.0,Elevated heat-related health risk
2018-03-06,34.3,25.0,MODERATE,1.128,1.0,Elevated heat-related health risk
2018-03-07,34.8,25.0,MODERATE,1.138,1.0,Elevated heat-related health risk
2018-03-08,35.7,32.5,MODERATE,1.158,1.0,Elevated heat-related health risk
2018-03-09,35.2,32.5,MODERATE,1.147,1.0,Elevated heat-related health risk
2018-03-10,34.8,25.0,MODERATE,1.138,1.0,Elevated heat-related health risk
2018-03-11,35.0,32.5,MODERATE,1.143,1.0,Elevated heat-related health risk
2018-03-12,35.2,32.5,MODERATE,1.147,1.0,Elevated heat-related health risk
2018-03-13,34.1,25.0,MODERATE,1.123,1.0,Elevated heat-related health risk
2018-03-14,33.7,17.5,LOW,1.115,1.0,Elevated heat-related health risk
2018-03-15,34.6,25.0,MODERATE,1.134,1.0,Elevated heat-related health risk
2018-03-16,34.7,25.0,MODERATE,1.136,1.0,Elevated heat-related health risk
2018-03-17,35.6,32.5,MODERATE,1.156,1.0,Elevated heat-related health risk
2018-03-18,35.0,32.5,MODERATE,1.143,1.0,Elevated heat-related health risk
2018-03-19,34.2,25.0,MODERATE,1.125,1.0,Elevated heat-related health risk
2018-03-20,34.5,25.0,MODERATE,1.132,1.0,Elevated heat-related health risk
2018-03-21,33.5,17.5,LOW,1.111,1.0,Elevated heat-related health risk
2018-03-22,33.7,17.5,LOW,1.115,1.0,Elevated heat-related health risk
2018-03-23,34.9,25.0,MODERATE,1.141,1.0,Elevated heat-related health risk
2018-03-24,36.3,32.5,MODERATE,1.171,1.0,Elevated heat-related health risk
2018-03-25,37.6,32.5,MODERATE,1.201,1.0,High heat-related health risk
2018-03-26,38.3,32.5,MODERATE,1.217,1.0,High heat-related health risk
2018-03-27,38.3,32.5,MODERATE,1.217,1.0,High heat-related health risk
2018-03-28,38.8,42.5,MODERATE,1.229,1.0,High heat-related health risk
2018-03-29,39.9,42.5,MODERATE,1.255,1.0,High heat-related health risk
2018-03-30,40.1,50.0,HIGH,1.259,1.0,High heat-related health risk
2018-03-31,39.7,32.5,MODERATE,1.25,1.0,High heat-related health risk
2018-04-01,37.9,42.5,MODERATE,1.208,1.0,High heat-related health risk
2018-04-02,39.0,42.5,MODERATE,1.233,1.0,High heat-related health risk
2018-04-03,38.7,32.5,MODERATE,1.226,1.0,High heat-related health risk
2018-04-04,39.0,42.5,MODERATE,1.233,1.0,High heat-related health risk
2018-04-05,37.9,42.5,MODERATE,1.208,1.0,High heat-related health risk
2018-04-06,37.7,42.5,MODERATE,1.203,1.0,High heat-related health risk
2018-04-07,37.8,42.5,MODERATE,1.205,1.0,High heat-related health risk
2018-04-08,37.7,42.5,MODERATE,1.203,1.0,High heat-related health risk
2018-04-09,38.4,42.5,MODERATE,1.219,1.0,High heat-related health risk
2018-04-10,38.7,42.5,MODERATE,1.226,1.0,High heat-related health risk
2018-04-11,38.8,50.0,HIGH,1.229,1.0,High heat-related health risk
2018-04-12,37.7,42.5,MODERATE,1.203,1.0,High heat-related health risk
2018-04-13,38.3,60.0,HIGH,1.217,1.0,High heat-related health risk
2018-04-14,39.5,60.0,HIGH,1.245,1.0,High heat-related health risk
2018-04-15,39.4,50.0,HIGH,1.243,1.0,High heat-related health risk
2018-04-16,39.6,50.0,HIGH,1.247,1.0,High heat-related health risk
2018-04-17,39.8,42.5,MODERATE,1.252,1.0,High heat-related health risk
2018-04-18,40.3,57.5,HIGH,1.264,1.0,High heat-related health risk
2018-04-19,40.8,57.5,HIGH,1.276,1.0,High heat-related health risk
2018-04-20,38.8,50.0,HIGH,1.229,1.0,High heat-related health risk
2018-04-21,36.8,32.5,MODERATE,1.183,1.0,Elevated heat-related health risk
2018-04-22,38.2,32.5,MODERATE,1.215,1.0,High heat-related health risk
2018-04-23,39.2,32.5,MODERATE,1.238,1.0,High heat-related health risk
2018-04-24,39.5,32.5,MODERATE,1.245,1.0,High heat-related health risk
2018-04-25,39.5,42.5,MODERATE,1.245,1.0,High heat-related health risk
2018-04-26,39.9,50.0,HIGH,1.255,1.0,High heat-related health risk
2018-04-27,40.1,67.5,HIGH,1.259,1.0,High heat-related health risk
2018-04-28,41.3,67.5,HIGH,1.289,1.0,High heat-related health risk
2018-04-29,42.0,57.5,HIGH,1.306,1.0,High heat-related health risk
2018-04-30,42.6,57.5,HIGH,1.321,1.239,High heat-related health risk
2018-05-01,42.1,57.5,HIGH,1.308,1.036,High heat-related health risk
2018-05-02,42.3,67.5,HIGH,1.313,1.113,High heat-related health risk
2018-05-03,41.3,57.5,HIGH,1.289,1.0,High heat-related health risk
2018-05-04,40.7,67.5,HIGH,1.274,1.0,High heat-related health risk
2018-05-05,41.7,57.5,HIGH,1.298,1.0,High heat-related health risk
2018-05-06,41.2,57.5,HIGH,1.286,1.0,High heat-related health risk
2018-05-07,39.5,50.0,HIGH,1.245,1.0,High heat-related health risk
2018-05-08,40.1,57.5,HIGH,1.259,1.0,High heat-related health risk
2018-05-09,41.2,57.5,HIGH,1.286,1.0,High heat-related health risk
2018-05-10,42.2,67.5,HIGH,1.311,1.074,High heat-related health risk
2018-05-11,42.5,67.5,HIGH,1.318,1.196,High heat-related health risk
2018-05-12,41.8,57.5,HIGH,1.301,1.0,High heat-related health risk
2018-05-13,41.9,67.5,HIGH,1.303,1.0,High heat-related health risk
2018-05-14,41.4,67.5,HIGH,1.291,1.0,High heat-related health risk
2018-05-15,42.4,67.5,HIGH,1.316,1.154,High heat-related health risk
2018-05-16,42.1,67.5,HIGH,1.308,1.036,High heat-related health risk
2018-05-17,43.1,67.5,HIGH,1.333,1.482,High heat-related health risk
2018-05-18,42.5,67.5,HIGH,1.318,1.196,High heat-related health risk
2018-05-19,41.7,57.5,HIGH,1.298,1.0,High heat-related health risk
2018-05-20,42.9,57.5,HIGH,1.328,1.38,High heat-related health risk
2018-05-21,42.3,67.5,HIGH,1.313,1.113,High heat-related health risk
2018-05-22,42.5,67.5,HIGH,1.318,1.196,High heat-related health risk
2018-05-23,44.0,57.5,HIGH,1.357,2.045,High heat-related health risk
2018-05-24,42.6,57.5,HIGH,1.321,1.239,High heat-related health risk
2018-05-25,41.1,57.5,HIGH,1.284,1.0,High heat-related health risk
2018-05-26,43.0,75.0,EXTREME,1.331,1.43,High heat-related health risk
2018-05-27,43.8,75.0,EXTREME,1.351,1.904,High heat-related health risk
2018-05-28,43.0,75.0,EXTREME,1.331,1.43,High heat-related health risk
2018-05-29,42.2,75.0,EXTREME,1.311,1.074,High heat-related health risk
2018-05-30,41.2,75.0,EXTREME,1.286,1.0,High heat-related health risk
2018-05-31,41.2,75.0,EXTREME,1.286,1.0,High heat-related health risk
2018-06-01,41.2,75.0,EXTREME,1.286,1.0,High heat-related health risk
2018-06-02,41.4,75.0,EXTREME,1.291,1.0,High heat-related health risk
2018-06-03,41.5,75.0,EXTREME,1.293,1.0,High heat-related health risk
2018-06-04,41.5,75.0,EXTREME,1.293,1.0,High heat-related health risk
2018-06-05,42.2,75.0,EXTREME,1.311,1.074,High heat-related health risk
2018-06-06,42.4,75.0,EXTREME,1.316,1.154,High heat-related health risk
2018-06-07,42.5,75.0,EXTREME,1.318,1.196,High heat-related health risk
2018-06-08,41.4,75.0,EXTREME,1.291,1.0,High heat-related health risk
2018-06-09,40.9,75.0,EXTREME,1.279,1.0,High heat-related health risk
2018-06-10,41.2,75.0,EXTREME,1.286,1.0,High heat-related health risk
2018-06-11,41.3,75.0,EXTREME,1.289,1.0,High heat-related health risk
2018-06-12,41.2,75.0,EXTREME,1.286,1.0,High heat-related health risk
2018-06-13,41.7,75.0,EXTREME,1.298,1.0,High heat-related health risk
2018-06-14,41.1,57.5,HIGH,1.284,1.0,High heat-related health risk
2018-06-15,40.6,57.5,HIGH,1.271,1.0,High heat-related health risk
2018-06-16,38.3,50.0,HIGH,1.217,1.0,High heat-related health risk
2018-06-17,38.4,50.0,HIGH,1.219,1.0,High heat-related health risk
2018-06-18,40.0,75.0,EXTREME,1.257,1.0,High heat-related health risk
2018-06-19,40.3,75.0,EXTREME,1.264,1.0,High heat-related health risk
2018-06-20,41.4,67.5,HIGH,1.291,1.0,High heat-related health risk
2018-06-21,41.3,75.0,EXTREME,1.289,1.0,High heat-related health risk
2018-06-22,40.4,75.0,EXTREME,1.267,1.0,High heat-related health risk
2018-06-23,39.7,67.5,HIGH,1.25,1.0,High heat-related health risk
2018-06-24,34.0,42.5,MODERATE,1.121,1.0,Elevated heat-related health risk
2018-06-25,37.7,50.0,HIGH,1.203,1.0,High heat-related health risk
2018-06-26,37.3,50.0,HIGH,1.194,1.0,Elevated heat-related health risk
2018-06-27,37.5,50.0,HIGH,1.198,1.0,Elevated heat-related health risk
2018-06-28,35.3,50.0,HIGH,1.149,1.0,Elevated heat-related health risk
2018-06-29,37.2,60.0,HIGH,1.192,1.0,Elevated heat-related health risk
2018-06-30,36.5,50.0,HIGH,1.176,1.0,Elevated heat-related health risk
2018-07-01,37.7,50.0,HIGH,1.203,1.0,High heat-related health risk
2018-07-02,36.9,50.0,HIGH,1.185,1.0,Elevated heat-related health risk
2018-07-03,32.0,32.5,MODERATE,1.079,1.0,Elevated heat-related health risk
2018-07-04,31.0,25.0,MODERATE,1.059,1.0,Elevated heat-related health risk
2018-07-05,36.0,50.0,HIGH,1.165,1.0,Elevated heat-related health risk
2018-07-06,35.7,50.0,HIGH,1.158,1.0,Elevated heat-related health risk
2018-07-07,35.0,50.0,HIGH,1.143,1.0,Elevated heat-related health risk
2018-07-08,35.5,50.0,HIGH,1.154,1.0,Elevated heat-related health risk
2018-07-09,35.5,50.0,HIGH,1.154,1.0,Elevated heat-related health risk
2018-07-10,33.3,42.5,MODERATE,1.106,1.0,Elevated heat-related health risk
2018-07-11,30.4,25.0,MODERATE,1.047,1.0,Elevated heat-related health risk
2018-07-12,29.4,27.5,MODERATE,1.027,1.0,Elevated heat-related health risk
2018-07-13,29.8,17.5,LOW,1.035,1.0,Elevated heat-related health risk
2018-07-14,30.2,35.0,MODERATE,1.043,1.0,Elevated heat-related health risk
2018-07-15,29.0,17.5,LOW,1.019,1.0,Elevated heat-related health risk
2018-07-16,29.3,27.5,MODERATE,1.025,1.0,Elevated heat-related health risk
2018-07-17,30.1,35.0,MODERATE,1.041,1.0,Elevated heat-related health risk
2018-07-18,29.8,17.5,LOW,1.035,1.0,Elevated heat-related health risk
2018-07-19,31.8,42.5,MODERATE,1.075,1.0,Elevated heat-related health risk
2018-07-20,28.3,17.5,LOW,1.006,1.0,Elevated heat-related health risk
2018-07-21,27.6,17.5,LOW,1.0,1.0,Baseline heat-related health risk
2018-07-22,31.2,25.0,MODERATE,1.063,1.0,Elevated heat-related health risk
2018-07-23,28.6,17.5,LOW,1.012,1.0,Elevated heat-related health risk
2018-07-24,27.2,10.0,LOW,1.0,1.0,Baseline heat-related health risk
2018-07-25,28.2,17.5,LOW,1.004,1.0,Elevated heat-related health risk
2018-07-26,31.0,25.0,MODERATE,1.059,1.0,Elevated heat-related health risk
2018-07-27,31.2,25.0,MODERATE,1.063,1.0,Elevated heat-related health risk
2018-07-28,32.7,25.0,MODERATE,1.094,1.0,Elevated heat-related health risk
2018-07-29,31.5,35.0,MODERATE,1.069,1.0,Elevated heat-related health risk
2018-07-30,32.3,35.0,MODERATE,1.085,1.0,Elevated heat-related health risk
2018-07-31,32.3,35.0,MODERATE,1.085,1.0,Elevated heat-related health risk
2018-08-01,32.9,35.0,MODERATE,1.098,1.0,Elevated heat-related health risk
2018-08-02,32.5,25.0,MODERATE,1.09,1.0,Elevated heat-related health risk
2018-08-03,33.3,35.0,MODERATE,1.106,1.0,Elevated heat-related health risk
2018-08-04,32.9,35.0,MODERATE,1.098,1.0,Elevated heat-related health risk
2018-08-05,32.5,25.0,MODERATE,1.09,1.0,Elevated heat-related health risk
2018-08-06,32.1,25.0,MODERATE,1.081,1.0,Elevated heat-related health risk
2018-08-07,32.4,25.0,MODERATE,1.087,1.0,Elevated heat-related health risk
2018-08-08,30.7,25.0,MODERATE,1.053,1.0,Elevated heat-related health risk
2018-08-09,29.7,17.5,LOW,1.033,1.0,Elevated heat-related health risk
2018-08-10,32.6,35.0,MODERATE,1.092,1.0,Elevated heat-related health risk
2018-08-11,31.9,35.0,MODERATE,1.077,1.0,Elevated heat-related health risk
2018-08-12,31.6,25.0,MODERATE,1.071,1.0,Elevated heat-related health risk
2018-08-13,32.6,25.0,MODERATE,1.092,1.0,Elevated heat-related health risk
2018-08-14,32.7,35.0,MODERATE,1.094,1.0,Elevated heat-related health risk
2018-08-15,31.3,25.0,MODERATE,1.065,1.0,Elevated heat-related health risk
2018-08-16,32.4,35.0,MODERATE,1.087,1.0,Elevated heat-related health risk
2018-08-17,28.3,17.5,LOW,1.006,1.0,Elevated heat-related health risk
2018-08-18,29.9,17.5,LOW,1.037,1.0,Elevated heat-related health risk
2018-08-19,29.8,17.5,LOW,1.035,1.0,Elevated heat-related health risk
2018-08-20,30.1,25.0,MODERATE,1.041,1.0,Elevated heat-related health risk
2018-08-21,26.5,10.0,LOW,1.0,1.0,Baseline heat-related health risk
2018-08-22,28.5,17.5,LOW,1.01,1.0,Elevated heat-related health risk
2018-08-23,29.2,17.5,LOW,1.023,1.0,Elevated heat-related health risk
2018-08-24,30.5,35.0,MODERATE,1.049,1.0,Elevated heat-related health risk
2018-08-25,29.6,27.5,MODERATE,1.031,1.0,Elevated heat-related health risk
2018-08-26,29.3,17.5,LOW,1.025,1.0,Elevated heat-related health risk
2018-08-27,30.4,25.0,MODERATE,1.047,1.0,Elevated heat-related health risk
2018-08-28,30.0,25.0,MODERATE,1.039,1.0,Elevated heat-related health risk
2018-08-29,25.7,0.0,LOW,1.0,1.0,Baseline heat-related health risk
2018-08-30,29.8,17.5,LOW,1.035,1.0,Elevated heat-related health risk
2018-08-31,29.1,17.5,LOW,1.021,1.0,Elevated heat-related health risk
2018-09-01,27.3,10.0,LOW,1.0,1.0,Baseline heat-related health risk
2018-09-02,29.3,17.5,LOW,1.025,1.0,Elevated heat-related health risk
2018-09-03,29.5,17.5,LOW,1.029,1.0,Elevated heat-related health risk
2018-09-04,30.3,25.0,MODERATE,1.045,1.0,Elevated heat-related health risk
2018-09-05,30.6,25.0,MODERATE,1.051,1.0,Elevated heat-related health risk
2018-09-06,30.9,25.0,MODERATE,1.057,1.0,Elevated heat-related health risk
2018-09-07,30.0,25.0,MODERATE,1.039,1.0,Elevated heat-related health risk
2018-09-08,27.8,0.0,LOW,1.0,1.0,Baseline heat-related health risk
2018-09-09,28.0,0.0,LOW,1.0,1.0,Baseline heat-related health risk
2018-09-10,29.5,17.5,LOW,1.029,1.0,Elevated heat-related health risk
2018-09-11,31.0,25.0,MODERATE,1.059,1.0,Elevated heat-related health risk
2018-09-12,29.8,17.5,LOW,1.035,1.0,Elevated heat-related health risk
2018-09-13,30.6,25.0,MODERATE,1.051,1.0,Elevated heat-related health risk
2018-09-14,31.0,25.0,MODERATE,1.059,1.0,Elevated heat-related health risk
2018-09-15,30.6,35.0,MODERATE,1.051,1.0,Elevated heat-related health risk
2018-09-16,30.2,35.0,MODERATE,1.043,1.0,Elevated heat-related health risk
2018-09-17,30.8,35.0,MODERATE,1.055,1.0,Elevated heat-related health risk
2018-09-18,32.0,35.0,MODERATE,1.079,1.0,Elevated heat-related health risk
2018-09-19,32.4,35.0,MODERATE,1.087,1.0,Elevated heat-related health risk
2018-09-20,32.7,35.0,MODERATE,1.094,1.0,Elevated heat-related health risk
2018-09-21,34.1,42.5,MODERATE,1.123,1.0,Elevated heat-related health risk
2018-09-22,32.3,42.5,MODERATE,1.085,1.0,Elevated heat-related health risk
2018-09-23,30.0,25.0,MODERATE,1.039,1.0,Elevated heat-related health risk
2018-09-24,32.8,42.5,MODERATE,1.096,1.0,Elevated heat-related health risk
2018-09-25,32.6,35.0,MODERATE,1.092,1.0,Elevated heat-related health risk
2018-09-26,33.2,35.0,MODERATE,1.104,1.0,Elevated heat-related health risk
2018-09-27,34.1,42.5,MODERATE,1.123,1.0,Elevated heat-related health risk
2018-09-28,34.6,35.0,MODERATE,1.134,1.0,Elevated heat-related health risk
2018-09-29,35.1,42.5,MODERATE,1.145,1.0,Elevated heat-related health risk
2018-09-30,35.1,50.0,HIGH,1.145,1.0,Elevated heat-related health risk
2018-10-01,35.4,42.5,MODERATE,1.151,1.0,Elevated heat-related health risk
2018-10-02,35.5,42.5,MODERATE,1.154,1.0,Elevated heat-related health risk
2018-10-03,35.9,60.0,HIGH,1.163,1.0,Elevated heat-related health risk
2018-10-04,35.5,60.0,HIGH,1.154,1.0,Elevated heat-related health risk
2018-10-05,35.8,50.0,HIGH,1.16,1.0,Elevated heat-related health risk
2018-10-06,36.2,60.0,HIGH,1.169,1.0,Elevated heat-related health risk
2018-10-07,36.3,50.0,HIGH,1.171,1.0,Elevated heat-related health risk
2018-10-08,35.9,50.0,HIGH,1.163,1.0,Elevated heat-related health risk
2018-10-09,36.0,50.0,HIGH,1.165,1.0,Elevated heat-related health risk
2018-10-10,36.6,42.5,MODERATE,1.178,1.0,Elevated heat-related health risk
2018-10-11,36.2,42.5,MODERATE,1.169,1.0,Elevated heat-related health risk
2018-10-12,35.7,42.5,MODERATE,1.158,1.0,Elevated heat-related health risk
2018-10-13,35.6,42.5,MODERATE,1.156,1.0,Elevated heat-related health risk
2018-10-14,36.3,42.5,MODERATE,1.171,1.0,Elevated heat-related health risk
2018-10-15,35.7,42.5,MODERATE,1.158,1.0,Elevated heat-related health risk
2018-10-16,35.3,50.0,HIGH,1.149,1.0,Elevated heat-related health risk
2018-10-17,35.4,42.5,MODERATE,1.151,1.0,Elevated heat-related health risk
2018-10-18,35.3,42.5,MODERATE,1.149,1.0,Elevated heat-related health risk
2018-10-19,35.6,50.0,HIGH,1.156,1.0,Elevated heat-related health risk
2018-10-20,36.1,42.5,MODERATE,1.167,1.0,Elevated heat-related health risk
2018-10-21,35.8,32.5,MODERATE,1.16,1.0,Elevated heat-related health risk
2018-10-22,34.7,25.0,MODERATE,1.136,1.0,Elevated heat-related health risk
2018-10-23,34.7,25.0,MODERATE,1.136,1.0,Elevated heat-related health risk
2018-10-24,35.1,42.5,MODERATE,1.145,1.0,Elevated heat-related health risk
2018-10-25,35.2,42.5,MODERATE,1.147,1.0,Elevated heat-related health risk
2018-10-26,35.2,42.5,MODERATE,1.147,1.0,Elevated heat-related health risk
2018-10-27,35.5,42.5,MODERATE,1.154,1.0,Elevated heat-related health risk
2018-10-28,34.8,35.0,MODERATE,1.138,1.0,Elevated heat-related health risk
2018-10-29,34.2,25.0,MODERATE,1.125,1.0,Elevated heat-related health risk
2018-10-30,33.3,17.5,LOW,1.106,1.0,Elevated heat-related health risk
2018-10-31,33.2,25.0,MODERATE,1.104,1.0,Elevated heat-related health risk
2018-11-01,34.0,25.0,MODERATE,1.121,1.0,Elevated heat-related health risk
2018-11-02,34.7,25.0,MODERATE,1.136,1.0,Elevated heat-related health risk
2018-11-03,34.4,25.0,MODERATE,1.13,1.0,Elevated heat-related health risk
2018-11-04,34.6,35.0,MODERATE,1.134,1.0,Elevated heat-related health risk
2018-11-05,33.7,25.0,MODERATE,1.115,1.0,Elevated heat-related health risk
2018-11-06,32.5,17.5,LOW,1.09,1.0,Elevated heat-related health risk
2018-11-07,32.1,17.5,LOW,1.081,1.0,Elevated heat-related health risk
2018-11-08,32.1,17.5,LOW,1.081,1.0,Elevated heat-related health risk
2018-11-09,32.5,17.5,LOW,1.09,1.0,Elevated heat-related health risk
2018-11-10,32.9,17.5,LOW,1.098,1.0,Elevated heat-related health risk
2018-11-11,33.4,25.0,MODERATE,1.108,1.0,Elevated heat-related health risk
2018-11-12,33.3,17.5,LOW,1.106,1.0,Elevated heat-related health risk
2018-11-13,32.8,17.5,LOW,1.096,1.0,Elevated heat-related health risk
2018-11-14,32.8,17.5,LOW,1.096,1.0,Elevated heat-related health risk
2018-11-15,33.1,25.0,MODERATE,1.102,1.0,Elevated heat-related health risk
2018-11-16,32.0,17.5,LOW,1.079,1.0,Elevated heat-related health risk
2018-11-17,32.0,17.5,LOW,1.079,1.0,Elevated heat-related health risk
2018-11-18,32.3,17.5,LOW,1.085,1.0,Elevated heat-related health risk
2018-11-19,33.1,17.5,LOW,1.102,1.0,Elevated heat-related health risk
2018-11-20,32.8,17.5,LOW,1.096,1.0,Elevated heat-related health risk
2018-11-21,33.3,25.0,MODERATE,1.106,1.0,Elevated heat-related health risk
2018-11-22,33.2,35.0,MODERATE,1.104,1.0,Elevated heat-related health risk
2018-11-23,33.4,25.0,MODERATE,1.108,1.0,Elevated heat-related health risk
2018-11-24,32.2,17.5,LOW,1.083,1.0,Elevated heat-related health risk
2018-11-25,31.8,17.5,LOW,1.075,1.0,Elevated heat-related health risk
2018-11-26,31.4,7.5,LOW,1.067,1.0,Elevated heat-related health risk
2018-11-27,30.2,7.5,LOW,1.043,1.0,Elevated heat-related health risk
2018-11-28,30.2,7.5,LOW,1.043,1.0,Elevated heat-related health risk
2018-11-29,30.4,7.5,LOW,1.047,1.0,Elevated heat-related health risk
2018-11-30,29.9,0.0,LOW,1.037,1.0,Elevated heat-related health risk
2018-12-01,29.2,0.0,LOW,1.023,1.0,Elevated heat-related health risk
2018-12-02,29.5,0.0,LOW,1.029,1.0,Elevated heat-related health risk
2018-12-03,29.7,0.0,LOW,1.033,1.0,Elevated heat-related health risk
2018-12-04,29.8,0.0,LOW,1.035,1.0,Elevated heat-related health risk
2018-12-05,29.2,0.0,LOW,1.023,1.0,Elevated heat-related health risk
2018-12-06,29.1,0.0,LOW,1.021,1.0,Elevated heat-related health risk
2018-12-07,28.6,0.0,LOW,1.012,1.0,Elevated heat-related health risk
2018-12-08,28.6,0.0,LOW,1.012,1.0,Elevated heat-related health risk
2018-12-09,28.7,0.0,LOW,1.013,1.0,Elevated heat-related health risk
2018-12-10,28.0,0.0,LOW,1.0,1.0,Baseline heat-related health risk
2018-12-11,28.5,0.0,LOW,1.01,1.0,Elevated heat-related health risk
2018-12-12,27.4,0.0,LOW,1.0,1.0,Baseline heat-related health risk
2018-12-13,25.8,0.0,LOW,1.0,1.0,Baseline heat-related health risk
2018-12-14,24.9,0.0,LOW,1.0,1.0,Baseline heat-related health risk
2018-12-15,25.7,0.0,LOW,1.0,1.0,Baseline heat-related health risk
2018-12-16,24.2,0.0,LOW,1.0,1.0,Baseline heat-related health risk
2018-12-17,24.9,0.0,LOW,1.0,1.0,Baseline heat-related health risk
2018-12-18,25.6,0.0,LOW,1.0,1.0,Baseline heat-related health risk
2018-12-19,25.6,7.5,LOW,1.0,1.0,Baseline heat-related health risk
2018-12-20,26.5,0.0,LOW,1.0,1.0,Baseline heat-related health risk
2018-12-21,27.6,7.5,LOW,1.0,1.0,Baseline heat-related health risk
2018-12-22,28.1,7.5,LOW,1.002,1.0,Elevated heat-related health risk
2018-12-23,28.8,0.0,LOW,1.015,1.0,Elevated heat-related health risk
2018-12-24,28.5,0.0,LOW,1.01,1.0,Elevated heat-related health risk
2018-12-25,26.5,7.5,LOW,1.0,1.0,Baseline heat-related health risk
2018-12-26,25.8,7.5,LOW,1.0,1.0,Baseline heat-related health risk
2018-12-27,25.2,7.5,LOW,1.0,1.0,Baseline heat-related health risk
2018-12-28,24.4,7.5,LOW,1.0,1.0,Baseline heat-related health risk
2018-12-29,24.4,7.5,LOW,1.0,1.0,Baseline heat-related health risk
2018-12-30,25.6,7.5,LOW,1.0,1.0,Baseline heat-related health risk
2018-12-31,27.3,7.5,LOW,1.0,1.0,Baseline heat-related health risk
2019-01-01,27.7,7.5,LOW,1.0,1.0,Baseline heat-related health risk
2019-01-02,28.0,0.0,LOW,1.0,1.0,Baseline heat-related health risk
2019-01-03,28.2,0.0,LOW,1.004,1.0,Elevated heat-related health risk
2019-01-04,28.5,0.0,LOW,1.01,1.0,Elevated heat-related health risk
2019-01-05,27.7,0.0,LOW,1.0,1.0,Baseline heat-related health risk
2019-01-06,26.2,0.0,LOW,1.0,1.0,Baseline heat-related health risk
2019-01-07,24.9,0.0,LOW,1.0,1.0,Baseline heat-related health risk
2019-01-08,25.3,0.0,LOW,1.0,1.0,Baseline heat-related health risk
2019-01-09,26.1,7.5,LOW,1.0,1.0,Baseline heat-related health risk
2019-01-10,26.8,0.0,LOW,1.0,1.0,Baseline heat-related health risk
2019-01-11,27.4,7.5,LOW,1.0,1.0,Baseline heat-related health risk
2019-01-12,27.2,0.0,LOW,1.0,1.0,Baseline heat-related health risk
2019-01-13,27.4,0.0,LOW,1.0,1.0,Baseline heat-related health risk
2019-01-14,27.0,0.0,LOW,1.0,1.0,Baseline heat-related health risk
2019-01-15,26.6,0.0,LOW,1.0,1.0,Baseline heat-related health risk
2019-01-16,28.2,0.0,LOW,1.004,1.0,Elevated heat-related health risk
2019-01-17,28.2,0.0,LOW,1.004,1.0,Elevated heat-related health risk
2019-01-18,29.5,0.0,LOW,1.029,1.0,Elevated heat-related health risk
2019-01-19,30.5,7.5,LOW,1.049,1.0,Elevated heat-related health risk
2019-01-20,31.7,7.5,LOW,1.073,1.0,Elevated heat-related health risk
2019-01-21,29.0,0.0,LOW,1.019,1.0,Elevated heat-related health risk
2019-01-22,25.4,0.0,LOW,1.0,1.0,Baseline heat-related health risk
2019-01-23,25.4,0.0,LOW,1.0,1.0,Baseline heat-related health risk
2019-01-24,25.4,0.0,LOW,1.0,1.0,Baseline heat-related health risk
2019-01-25,24.0,0.0,LOW,1.0,1.0,Baseline heat-related health risk
2019-01-26,22.8,7.5,LOW,1.0,1.0,Baseline heat-related health risk
2019-01-27,23.0,7.5,LOW,1.0,1.0,Baseline heat-related health risk
2019-01-28,22.8,7.5,LOW,1.0,1.0,Baseline heat-related health risk
2019-01-29,23.3,7.5,LOW,1.0,1.0,Baseline heat-related health risk
2019-01-30,26.1,7.5,LOW,1.0,1.0,Baseline heat-related health risk
2019-01-31,26.8,7.5,LOW,1.0,1.0,Baseline heat-related health risk
2019-02-01,26.1,0.0,LOW,1.0,1.0,Baseline heat-related health risk
2019-02-02,26.6,7.5,LOW,1.0,1.0,Baseline heat-related health risk
2019-02-03,28.6,0.0,LOW,1.012,1.0,Elevated heat-related health risk
2019-02-04,31.9,17.5,LOW,1.077,1.0,Elevated heat-related health risk
2019-02-05,30.4,17.5,LOW,1.047,1.0,Elevated heat-related health risk
2019-02-06,27.7,0.0,LOW,1.0,1.0,Baseline heat-related health risk
2019-02-07,23.7,0.0,LOW,1.0,1.0,Baseline heat-related health risk
2019-02-08,22.5,7.5,LOW,1.0,1.0,Baseline heat-related health risk
2019-02-09,23.4,7.5,LOW,1.0,1.0,Baseline heat-related health risk
2019-02-10,25.7,7.5,LOW,1.0,1.0,Baseline heat-related health risk
2019-02-11,28.6,0.0,LOW,1.012,1.0,Elevated heat-related health risk
2019-02-12,31.4,7.5,LOW,1.067,1.0,Elevated heat-related health risk
2019-02-13,30.9,7.5,LOW,1.057,1.0,Elevated heat-related health risk
2019-02-14,29.2,0.0,LOW,1.023,1.0,Elevated heat-related health risk
2019-02-15,28.8,0.0,LOW,1.015,1.0,Elevated heat-related health risk
2019-02-16,27.6,0.0,LOW,1.0,1.0,Baseline heat-related health risk
2019-02-17,28.6,7.5,LOW,1.012,1.0,Elevated heat-related health risk
2019-02-18,31.2,7.5,LOW,1.063,1.0,Elevated heat-related health risk
2019-02-19,29.9,10.0,LOW,1.037,1.0,Elevated heat-related health risk
2019-02-20,35.1,32.5,MODERATE,1.145,1.0,Elevated heat-related health risk
2019-02-21,31.2,17.5,LOW,1.063,1.0,Elevated heat-related health risk
2019-02-22,31.3,17.5,LOW,1.065,1.0,Elevated heat-related health risk
2019-02-23,29.5,0.0,LOW,1.029,1.0,Elevated heat-related health risk
2019-02-24,30.1,7.5,LOW,1.041,1.0,Elevated heat-related health risk
2019-02-25,30.6,7.5,LOW,1.051,1.0,Elevated heat-related health risk
2019-02-26,28.8,0.0,LOW,1.015,1.0,Elevated heat-related health risk
2019-02-27,28.2,0.0,LOW,1.004,1.0,Elevated heat-related health risk
2019-02-28,27.2,0.0,LOW,1.0,1.0,Baseline heat-related health risk
2019-03-01,29.7,0.0,LOW,1.033,1.0,Elevated heat-related health risk
2019-03-02,34.6,25.0,MODERATE,1.134,1.0,Elevated heat-related health risk
2019-03-03,29.6,0.0,LOW,1.031,1.0,Elevated heat-related health risk
2019-03-04,29.1,0.0,LOW,1.021,1.0,Elevated heat-related health risk
2019-03-05,29.1,0.0,LOW,1.021,1.0,Elevated heat-related health risk
2019-03-06,29.9,0.0,LOW,1.037,1.0,Elevated heat-related health risk
2019-03-07,31.2,7.5,LOW,1.063,1.0,Elevated heat-related health risk
2019-03-08,32.2,17.5,LOW,1.083,1.0,Elevated heat-related health risk
2019-03-09,31.5,7.5,LOW,1.069,1.0,Elevated heat-related health risk
2019-03-10,32.6,7.5,LOW,1.092,1.0,Elevated heat-related health risk
2019-03-11,30.2,7.5,LOW,1.043,1.0,Elevated heat-related health risk
2019-03-12,31.4,7.5,LOW,1.067,1.0,Elevated heat-related health risk
2019-03-13,31.0,7.5,LOW,1.059,1.0,Elevated heat-related health risk
2019-03-14,31.0,7.5,LOW,1.059,1.0,Elevated heat-related health risk
2019-03-15,32.1,7.5,LOW,1.081,1.0,Elevated heat-related health risk
2019-03-16,32.8,7.5,LOW,1.096,1.0,Elevated heat-related health risk
2019-03-17,33.3,7.5,LOW,1.106,1.0,Elevated heat-related health risk
2019-03-18,33.8,17.5,LOW,1.117,1.0,Elevated heat-related health risk
2019-03-19,35.0,32.5,MODERATE,1.143,1.0,Elevated heat-related health risk
2019-03-20,33.1,17.5,LOW,1.102,1.0,Elevated heat-related health risk
2019-03-21,33.9,25.0,MODERATE,1.119,1.0,Elevated heat-related health risk
2019-03-22,35.6,32.5,MODERATE,1.156,1.0,Elevated heat-related health risk
2019-03-23,36.3,32.5,MODERATE,1.171,1.0,Elevated heat-related health risk
2019-03-24,36.9,42.5,MODERATE,1.185,1.0,Elevated heat-related health risk
2019-03-25,37.4,32.5,MODERATE,1.196,1.0,Elevated heat-related health risk
2019-03-26,36.4,32.5,MODERATE,1.174,1.0,Elevated heat-related health risk
2019-03-27,38.3,42.5,MODERATE,1.217,1.0,High heat-related health risk
2019-03-28,39.9,42.5,MODERATE,1.255,1.0,High heat-related health risk
2019-03-29,40.4,57.5,HIGH,1.267,1.0,High heat-related health risk
2019-03-30,39.4,42.5,MODERATE,1.243,1.0,High heat-related health risk
2019-03-31,39.8,42.5,MODERATE,1.252,1.0,High heat-related health risk
2019-04-01,39.7,42.5,MODERATE,1.25,1.0,High heat-related health risk
2019-04-02,40.2,50.0,HIGH,1.262,1.0,High heat-related health risk
2019-04-03,40.0,57.5,HIGH,1.257,1.0,High heat-related health risk
2019-04-04,40.9,57.5,HIGH,1.279,1.0,High heat-related health risk
2019-04-05,40.0,50.0,HIGH,1.257,1.0,High heat-related health risk
2019-04-06,39.9,50.0,HIGH,1.255,1.0,High heat-related health risk
2019-04-07,40.4,57.5,HIGH,1.267,1.0,High heat-related health risk
2019-04-08,39.6,42.5,MODERATE,1.247,1.0,High heat-related health risk
2019-04-09,39.9,42.5,MODERATE,1.255,1.0,High heat-related health risk
2019-04-10,39.9,50.0,HIGH,1.255,1.0,High heat-related health risk
2019-04-11,40.5,57.5,HIGH,1.269,1.0,High heat-related health risk
2019-04-12,40.9,67.5,HIGH,1.279,1.0,High heat-related health risk
2019-04-13,40.9,67.5,HIGH,1.279,1.0,High heat-related health risk
2019-04-14,41.3,57.5,HIGH,1.289,1.0,High heat-related health risk
2019-04-15,38.5,42.5,MODERATE,1.222,1.0,High heat-related health risk
2019-04-16,35.1,42.5,MODERATE,1.145,1.0,Elevated heat-related health risk
2019-04-17,33.5,17.5,LOW,1.111,1.0,Elevated heat-related health risk
2019-04-18,35.6,32.5,MODERATE,1.156,1.0,Elevated heat-related health risk
2019-04-19,36.7,32.5,MODERATE,1.18,1.0,Elevated heat-related health risk
2019-04-20,37.9,42.5,MODERATE,1.208,1.0,High heat-related health risk
2019-04-21,39.1,42.5,MODERATE,1.236,1.0,High heat-related health risk
2019-04-22,40.0,57.5,HIGH,1.257,1.0,High heat-related health risk
2019-04-23,41.4,67.5,HIGH,1.291,1.0,High heat-related health risk
2019-04-24,41.0,57.5,HIGH,1.281,1.0,High heat-related health risk
2019-04-25,41.3,57.5,HIGH,1.289,1.0,High heat-related health risk
2019-04-26,42.2,67.5,HIGH,1.311,1.074,High heat-related health risk
2019-04-27,42.8,57.5,HIGH,1.326,1.331,High heat-related health risk
2019-04-28,42.2,57.5,HIGH,1.311,1.074,High heat-related health risk
2019-04-29,41.9,57.5,HIGH,1.303,1.0,High heat-related health risk
2019-04-30,41.2,57.5,HIGH,1.286,1.0,High heat-related health risk
2019-05-01,39.7,42.5,MODERATE,1.25,1.0,High heat-related health risk
2019-05-02,40.3,57.5,HIGH,1.264,1.0,High heat-related health risk
2019-05-03,39.6,50.0,HIGH,1.247,1.0,High heat-related health risk
2019-05-04,39.1,50.0,HIGH,1.236,1.0,High heat-related health risk
2019-05-05,39.1,50.0,HIGH,1.236,1.0,High heat-related health risk
2019-05-06,40.3,57.5,HIGH,1.264,1.0,High heat-related health risk
2019-05-07,40.6,57.5,HIGH,1.271,1.0,High heat-related health risk
2019-05-08,39.4,42.5,MODERATE,1.243,1.0,High heat-related health risk
2019-05-09,37.9,42.5,MODERATE,1.208,1.0,High heat-related health risk
2019-05-10,38.0,42.5,MODERATE,1.21,1.0,High heat-related health risk
2019-05-11,39.5,50.0,HIGH,1.245,1.0,High heat-related health risk
2019-05-12,40.1,67.5,HIGH,1.259,1.0,High heat-related health risk
2019-05-13,40.2,57.5,HIGH,1.262,1.0,High heat-related health risk
2019-05-14,40.4,57.5,HIGH,1.267,1.0,High heat-related health risk
2019-05-15,39.0,50.0,HIGH,1.233,1.0,High heat-related health risk
2019-05-16,38.4,50.0,HIGH,1.219,1.0,High heat-related health risk
2019-05-17,38.3,50.0,HIGH,1.217,1.0,High heat-related health risk
2019-05-18,38.7,50.0,HIGH,1.226,1.0,High heat-related health risk
2019-05-19,39.7,50.0,HIGH,1.25,1.0,High heat-related health risk
2019-05-20,40.4,67.5,HIGH,1.267,1.0,High heat-related health risk
2019-05-21,41.0,57.5,HIGH,1.281,1.0,High heat-related health risk
2019-05-22,41.0,67.5,HIGH,1.281,1.0,High heat-related health risk
2019-05-23,41.5,67.5,HIGH,1.293,1.0,High heat-related health risk
2019-05-24,40.9,57.5,HIGH,1.279,1.0,High heat-related health risk
2019-05-25,40.8,67.5,HIGH,1.276,1.0,High heat-related health risk
2019-05-26,41.7,67.5,HIGH,1.298,1.0,High heat-related health risk
2019-05-27,41.4,67.5,HIGH,1.291,1.0,High heat-related health risk
2019-05-28,42.3,67.5,HIGH,1.313,1.113,High heat-related health risk
2019-05-29,42.2,67.5,HIGH,1.311,1.074,High heat-related health risk
2019-05-30,42.5,67.5,HIGH,1.318,1.196,High heat-related health risk
2019-05-31,42.7,75.0,EXTREME,1.323,1.284,High heat-related health risk
2019-06-01,42.4,75.0,EXTREME,1.316,1.154,High heat-related health risk
2019-06-02,43.7,75.0,EXTREME,1.349,1.837,High heat-related health risk
2019-06-03,43.1,75.0,EXTREME,1.333,1.482,High heat-related health risk
2019-06-04,42.3,75.0,EXTREME,1.313,1.113,High heat-related health risk
2019-06-05,42.5,75.0,EXTREME,1.318,1.196,High heat-related health risk
2019-06-06,42.6,75.0,EXTREME,1.321,1.239,High heat-related health risk
2019-06-07,43.3,75.0,EXTREME,1.339,1.592,High heat-related health risk
2019-06-08,43.7,75.0,EXTREME,1.349,1.837,High heat-related health risk
2019-06-09,43.0,75.0,EXTREME,1.331,1.43,High heat-related health risk
2019-06-10,42.1,75.0,EXTREME,1.308,1.036,High heat-related health risk
2019-06-11,41.8,75.0,EXTREME,1.301,1.0,High heat-related health risk
2019-06-12,38.7,67.5,HIGH,1.226,1.0,High heat-related health risk
2019-06-13,36.1,50.0,HIGH,1.167,1.0,Elevated heat-related health risk
2019-06-14,35.3,50.0,HIGH,1.149,1.0,Elevated heat-related health risk
2019-06-15,34.5,42.5,MODERATE,1.132,1.0,Elevated heat-related health risk
2019-06-16,35.8,50.0,HIGH,1.16,1.0,Elevated heat-related health risk
2019-06-17,35.9,50.0,HIGH,1.163,1.0,Elevated heat-related health risk
2019-06-18,33.3,42.5,MODERATE,1.106,1.0,Elevated heat-related health risk
2019-06-19,36.5,50.0,HIGH,1.176,1.0,Elevated heat-related health risk
2019-06-20,36.4,50.0,HIGH,1.174,1.0,Elevated heat-related health risk
2019-06-21,37.2,60.0,HIGH,1.192,1.0,Elevated heat-related health risk
2019-06-22,38.1,67.5,HIGH,1.212,1.0,High heat-related health risk
2019-06-23,39.7,67.5,HIGH,1.25,1.0,High heat-related health risk
2019-06-24,37.0,67.5,HIGH,1.187,1.0,Elevated heat-related health risk
2019-06-25,33.3,42.5,MODERATE,1.106,1.0,Elevated heat-related health risk
2019-06-26,33.8,52.5,HIGH,1.117,1.0,Elevated heat-related health risk
2019-06-27,35.4,60.0,HIGH,1.151,1.0,Elevated heat-related health risk
2019-06-28,34.4,52.5,HIGH,1.13,1.0,Elevated heat-related health risk
2019-06-29,35.6,50.0,HIGH,1.156,1.0,Elevated heat-related health risk
2019-06-30,34.4,42.5,MODERATE,1.13,1.0,Elevated heat-related health risk
2019-07-01,33.9,42.5,MODERATE,1.119,1.0,Elevated heat-related health risk
2019-07-02,36.2,67.5,HIGH,1.169,1.0,Elevated heat-related health risk
2019-07-03,34.4,42.5,MODERATE,1.13,1.0,Elevated heat-related health risk
2019-07-04,31.7,25.0,MODERATE,1.073,1.0,Elevated heat-related health risk
2019-07-05,28.5,17.5,LOW,1.01,1.0,Elevated heat-related health risk
2019-07-06,31.2,25.0,MODERATE,1.063,1.0,Elevated heat-related health risk
2019-07-07,33.2,42.5,MODERATE,1.104,1.0,Elevated heat-related health risk
2019-07-08,33.7,42.5,MODERATE,1.115,1.0,Elevated heat-related health risk
2019-07-09,36.7,50.0,HIGH,1.18,1.0,Elevated heat-related health risk
2019-07-10,37.7,50.0,HIGH,1.203,1.0,High heat-related health risk
2019-07-11,37.3,50.0,HIGH,1.194,1.0,Elevated heat-related health risk
2019-07-12,37.7,50.0,HIGH,1.203,1.0,High heat-related health risk
2019-07-13,37.9,50.0,HIGH,1.208,1.0,High heat-related health risk
2019-07-14,37.3,50.0,HIGH,1.194,1.0,Elevated heat-related health risk
2019-07-15,37.6,50.0,HIGH,1.201,1.0,High heat-related health risk
2019-07-16,37.9,50.0,HIGH,1.208,1.0,High heat-related health risk
2019-07-17,38.4,50.0,HIGH,1.219,1.0,High heat-related health risk
2019-07-18,37.7,50.0,HIGH,1.203,1.0,High heat-related health risk
2019-07-19,37.1,60.0,HIGH,1.189,1.0,Elevated heat-related health risk
2019-07-20,38.7,67.5,HIGH,1.226,1.0,High heat-related health risk
2019-07-21,39.0,67.5,HIGH,1.233,1.0,High heat-related health risk
2019-07-22,35.8,67.5,HIGH,1.16,1.0,Elevated heat-related health risk
2019-07-23,36.5,67.5,HIGH,1.176,1.0,Elevated heat-related health risk
2019-07-24,36.6,67.5,HIGH,1.178,1.0,Elevated heat-related health risk
2019-07-25,35.3,50.0,HIGH,1.149,1.0,Elevated heat-related health risk
2019-07-26,34.9,42.5,MODERATE,1.141,1.0,Elevated heat-related health risk
2019-07-27,33.1,25.0,MODERATE,1.102,1.0,Elevated heat-related health risk
2019-07-28,33.0,25.0,MODERATE,1.1,1.0,Elevated heat-related health risk
2019-07-29,30.5,25.0,MODERATE,1.049,1.0,Elevated heat-related health risk
2019-07-30,29.1,17.5,LOW,1.021,1.0,Elevated heat-related health risk
2019-07-31,28.1,17.5,LOW,1.002,1.0,Elevated heat-related health risk
2019-08-01,26.6,10.0,LOW,1.0,1.0,Baseline heat-related health risk
2019-08-02,29.9,27.5,MODERATE,1.037,1.0,Elevated heat-related health risk
2019-08-03,31.5,42.5,MODERATE,1.069,1.0,Elevated heat-related health risk
2019-08-04,31.2,25.0,MODERATE,1.063,1.0,Elevated heat-related health risk
2019-08-05,31.4,25.0,MODERATE,1.067,1.0,Elevated heat-related health risk
2019-08-06,31.6,32.5,MODERATE,1.071,1.0,Elevated heat-related health risk
2019-08-07,31.9,42.5,MODERATE,1.077,1.0,Elevated heat-related health risk
2019-08-08,28.7,17.5,LOW,1.013,1.0,Elevated heat-related health risk
2019-08-09,27.1,10.0,LOW,1.0,1.0,Baseline heat-related health risk
2019-08-10,26.9,0.0,LOW,1.0,1.0,Baseline heat-related health risk
2019-08-11,31.0,35.0,MODERATE,1.059,1.0,Elevated heat-related health risk
2019-08-12,31.8,35.0,MODERATE,1.075,1.0,Elevated heat-related health risk
2019-08-13,32.1,35.0,MODERATE,1.081,1.0,Elevated heat-related health risk
2019-08-14,31.0,35.0,MODERATE,1.059,1.0,Elevated heat-related health risk
2019-08-15,28.5,17.5,LOW,1.01,1.0,Elevated heat-related health risk
2019-08-16,28.0,17.5,LOW,1.0,1.0,Baseline heat-related health risk
2019-08-17,30.1,25.0,MODERATE,1.041,1.0,Elevated heat-related health risk
2019-08-18,30.1,25.0,MODERATE,1.041,1.0,Elevated heat-related health risk
2019-08-19,31.2,35.0,MODERATE,1.063,1.0,Elevated heat-related health risk
2019-08-20,30.9,35.0,MODERATE,1.057,1.0,Elevated heat-related health risk
2019-08-21,31.3,42.5,MODERATE,1.065,1.0,Elevated heat-related health risk
2019-08-22,31.7,35.0,MODERATE,1.073,1.0,Elevated heat-related health risk
2019-08-23,31.3,35.0,MODERATE,1.065,1.0,Elevated heat-related health risk
2019-08-24,31.5,35.0,MODERATE,1.069,1.0,Elevated heat-related health risk
2019-08-25,31.5,35.0,MODERATE,1.069,1.0,Elevated heat-related health risk
2019-08-26,28.9,17.5,LOW,1.017,1.0,Elevated heat-related health risk
2019-08-27,29.1,17.5,LOW,1.021,1.0,Elevated heat-related health risk
2019-08-28,29.4,27.5,MODERATE,1.027,1.0,Elevated heat-related health risk
2019-08-29,30.3,35.0,MODERATE,1.045,1.0,Elevated heat-related health risk
2019-08-30,31.4,42.5,MODERATE,1.067,1.0,Elevated heat-related health risk
2019-08-31,31.2,42.5,MODERATE,1.063,1.0,Elevated heat-related health risk
2019-09-01,31.8,42.5,MODERATE,1.075,1.0,Elevated heat-related health risk
2019-09-02,29.3,17.5,LOW,1.025,1.0,Elevated heat-related health risk
2019-09-03,30.2,35.0,MODERATE,1.043,1.0,Elevated heat-related health risk
2019-09-04,31.1,42.5,MODERATE,1.061,1.0,Elevated heat-related health risk
2019-09-05,31.7,52.5,HIGH,1.073,1.0,Elevated heat-related health risk
2019-09-06,31.6,52.5,HIGH,1.071,1.0,Elevated heat-related health risk
2019-09-07,31.7,42.5,MODERATE,1.073,1.0,Elevated heat-related health risk
2019-09-08,31.9,52.5,HIGH,1.077,1.0,Elevated heat-related health risk
2019-09-09,29.7,27.5,MODERATE,1.033,1.0,Elevated heat-related health risk
2019-09-10,29.0,17.5,LOW,1.019,1.0,Elevated heat-related health risk
2019-09-11,28.5,17.5,LOW,1.01,1.0,Elevated heat-related health risk
2019-09-12,30.3,25.0,MODERATE,1.045,1.0,Elevated heat-related health risk
2019-09-13,28.0,17.5,LOW,1.0,1.0,Baseline heat-related health risk
2019-09-14,28.9,17.5,LOW,1.017,1.0,Elevated heat-related health risk
2019-09-15,29.9,17.5,LOW,1.037,1.0,Elevated heat-related health risk
2019-09-16,31.1,35.0,MODERATE,1.061,1.0,Elevated heat-related health risk
2019-09-17,31.8,42.5,MODERATE,1.075,1.0,Elevated heat-related health risk
2019-09-18,32.4,42.5,MODERATE,1.087,1.0,Elevated heat-related health risk
2019-09-19,33.5,42.5,MODERATE,1.111,1.0,Elevated heat-related health risk
2019-09-20,32.1,52.5,HIGH,1.081,1.0,Elevated heat-related health risk
2019-09-21,29.6,27.5,MODERATE,1.031,1.0,Elevated heat-related health risk
2019-09-22,31.3,52.5,HIGH,1.065,1.0,Elevated heat-related health risk
2019-09-23,30.7,52.5,HIGH,1.053,1.0,Elevated heat-related health risk
2019-09-24,31.4,42.5,MODERATE,1.067,1.0,Elevated heat-related health risk
2019-09-25,31.3,42.5,MODERATE,1.065,1.0,Elevated heat-related health risk
2019-09-26,30.5,35.0,MODERATE,1.049,1.0,Elevated heat-related health risk
2019-09-27,29.0,17.5,LOW,1.019,1.0,Elevated heat-related health risk
2019-09-28,29.4,27.5,MODERATE,1.027,1.0,Elevated heat-related health risk
2019-09-29,28.1,17.5,LOW,1.002,1.0,Elevated heat-related health risk
2019-09-30,26.2,0.0,LOW,1.0,1.0,Baseline heat-related health risk
2019-10-01,30.5,35.0,MODERATE,1.049,1.0,Elevated heat-related health risk
2019-10-02,30.9,35.0,MODERATE,1.057,1.0,Elevated heat-related health risk
2019-10-03,30.9,52.5,HIGH,1.057,1.0,Elevated heat-related health risk
2019-10-04,31.2,42.5,MODERATE,1.063,1.0,Elevated heat-related health risk
2019-10-05,31.2,35.0,MODERATE,1.063,1.0,Elevated heat-related health risk
2019-10-06,31.4,35.0,MODERATE,1.067,1.0,Elevated heat-related health risk
2019-10-07,31.7,35.0,MODERATE,1.073,1.0,Elevated heat-related health risk
2019-10-08,32.3,42.5,MODERATE,1.085,1.0,Elevated heat-related health risk
2019-10-09,32.6,52.5,HIGH,1.092,1.0,Elevated heat-related health risk
2019-10-10,32.7,35.0,MODERATE,1.094,1.0,Elevated heat-related health risk
2019-10-11,33.1,35.0,MODERATE,1.102,1.0,Elevated heat-related health risk
2019-10-12,33.2,35.0,MODERATE,1.104,1.0,Elevated heat-related health risk
2019-10-13,33.5,35.0,MODERATE,1.111,1.0,Elevated heat-related health risk
2019-10-14,33.9,42.5,MODERATE,1.119,1.0,Elevated heat-related health risk
2019-10-15,34.1,35.0,MODERATE,1.123,1.0,Elevated heat-related health risk
2019-10-16,34.3,42.5,MODERATE,1.128,1.0,Elevated heat-related health risk
2019-10-17,33.7,35.0,MODERATE,1.115,1.0,Elevated heat-related health risk
2019-10-18,33.7,35.0,MODERATE,1.115,1.0,Elevated heat-related health risk
2019-10-19,33.2,35.0,MODERATE,1.104,1.0,Elevated heat-related health risk
2019-10-20,32.1,35.0,MODERATE,1.081,1.0,Elevated heat-related health risk
2019-10-21,31.8,25.0,MODERATE,1.075,1.0,Elevated heat-related health risk
2019-10-22,32.4,35.0,MODERATE,1.087,1.0,Elevated heat-related health risk
2019-10-23,32.4,25.0,MODERATE,1.087,1.0,Elevated heat-related health risk
2019-10-24,32.7,25.0,MODERATE,1.094,1.0,Elevated heat-related health risk
2019-10-25,33.0,17.5,LOW,1.1,1.0,Elevated heat-related health risk
2019-10-26,32.4,25.0,MODERATE,1.087,1.0,Elevated heat-related health risk
2019-10-27,28.8,10.0,LOW,1.015,1.0,Elevated heat-related health risk
2019-10-28,31.0,35.0,MODERATE,1.059,1.0,Elevated heat-related health risk
2019-10-29,30.4,25.0,MODERATE,1.047,1.0,Elevated heat-related health risk
2019-10-30,32.3,35.0,MODERATE,1.085,1.0,Elevated heat-related health risk
2019-10-31,32.6,35.0,MODERATE,1.092,1.0,Elevated heat-related health risk
2019-11-01,33.4,35.0,MODERATE,1.108,1.0,Elevated heat-related health risk
2019-11-02,29.5,17.5,LOW,1.029,1.0,Elevated heat-related health risk
2019-11-03,29.3,17.5,LOW,1.025,1.0,Elevated heat-related health risk
2019-11-04,31.4,35.0,MODERATE,1.067,1.0,Elevated heat-related health risk
2019-11-05,31.9,35.0,MODERATE,1.077,1.0,Elevated heat-related health risk
2019-11-06,31.3,35.0,MODERATE,1.065,1.0,Elevated heat-related health risk
2019-11-07,29.1,10.0,LOW,1.021,1.0,Elevated heat-related health risk
2019-11-08,31.2,25.0,MODERATE,1.063,1.0,Elevated heat-related health risk
2019-11-09,30.9,25.0,MODERATE,1.057,1.0,Elevated heat-related health risk
2019-11-10,30.9,35.0,MODERATE,1.057,1.0,Elevated heat-related health risk
2019-11-11,31.8,25.0,MODERATE,1.075,1.0,Elevated heat-related health risk
2019-11-12,32.5,25.0,MODERATE,1.09,1.0,Elevated heat-related health risk
2019-11-13,32.1,35.0,MODERATE,1.081,1.0,Elevated heat-related health risk
2019-11-14,32.2,25.0,MODERATE,1.083,1.0,Elevated heat-related health risk
2019-11-15,31.5,17.5,LOW,1.069,1.0,Elevated heat-related health risk
2019-11-16,31.5,17.5,LOW,1.069,1.0,Elevated heat-related health risk
2019-11-17,32.4,25.0,MODERATE,1.087,1.0,Elevated heat-related health risk
2019-11-18,31.2,17.5,LOW,1.063,1.0,Elevated heat-related health risk
2019-11-19,30.1,17.5,LOW,1.041,1.0,Elevated heat-related health risk
2019-11-20,30.1,17.5,LOW,1.041,1.0,Elevated heat-related health risk
2019-11-21,31.8,25.0,MODERATE,1.075,1.0,Elevated heat-related health risk
2019-11-22,31.6,25.0,MODERATE,1.071,1.0,Elevated heat-related health risk
2019-11-23,31.2,17.5,LOW,1.063,1.0,Elevated heat-related health risk
2019-11-24,31.3,17.5,LOW,1.065,1.0,Elevated heat-related health risk
2019-11-25,31.4,17.5,LOW,1.067,1.0,Elevated heat-related health risk
2019-11-26,31.1,17.5,LOW,1.061,1.0,Elevated heat-related health risk
2019-11-27,30.2,17.5,LOW,1.043,1.0,Elevated heat-related health risk
2019-11-28,29.9,10.0,LOW,1.037,1.0,Elevated heat-related health risk
2019-11-29,29.7,10.0,LOW,1.033,1.0,Elevated heat-related health risk
2019-11-30,30.0,17.5,LOW,1.039,1.0,Elevated heat-related health risk
2019-12-01,29.6,10.0,LOW,1.031,1.0,Elevated heat-related health risk
2019-12-02,29.7,10.0,LOW,1.033,1.0,Elevated heat-related health risk
2019-12-03,29.6,0.0,LOW,1.031,1.0,Elevated heat-related health risk
2019-12-04,28.1,0.0,LOW,1.002,1.0,Elevated heat-related health risk
2019-12-05,29.5,0.0,LOW,1.029,1.0,Elevated heat-related health risk
2019-12-06,27.2,0.0,LOW,1.0,1.0,Baseline heat-related health risk
2019-12-07,27.6,0.0,LOW,1.0,1.0,Baseline heat-related health risk
2019-12-08,27.6,0.0,LOW,1.0,1.0,Baseline heat-related health risk
2019-12-09,28.5,0.0,LOW,1.01,1.0,Elevated heat-related health risk
2019-12-10,28.4,0.0,LOW,1.008,1.0,Elevated heat-related health risk
2019-12-11,27.6,0.0,LOW,1.0,1.0,Baseline heat-related health risk
2019-12-12,26.8,0.0,LOW,1.0,1.0,Baseline heat-related health risk
2019-12-13,26.3,0.0,LOW,1.0,1.0,Baseline heat-related health risk
2019-12-14,25.9,0.0,LOW,1.0,1.0,Baseline heat-related health risk
2019-12-15,25.5,0.0,LOW,1.0,1.0,Baseline heat-related health risk
2019-12-16,24.5,0.0,LOW,1.0,1.0,Baseline heat-related health risk
2019-12-17,24.5,0.0,LOW,1.0,1.0,Baseline heat-related health risk
2019-12-18,26.1,0.0,LOW,1.0,1.0,Baseline heat-related health risk
2019-12-19,27.2,0.0,LOW,1.0,1.0,Baseline heat-related health risk
2019-12-20,27.8,0.0,LOW,1.0,1.0,Baseline heat-related health risk
2019-12-21,28.5,0.0,LOW,1.01,1.0,Elevated heat-related health risk
2019-12-22,28.4,0.0,LOW,1.008,1.0,Elevated heat-related health risk
2019-12-23,27.8,0.0,LOW,1.0,1.0,Baseline heat-related health risk
2019-12-24,28.5,0.0,LOW,1.01,1.0,Elevated heat-related health risk
2019-12-25,26.9,0.0,LOW,1.0,1.0,Baseline heat-related health risk
2019-12-26,25.6,0.0,LOW,1.0,1.0,Baseline heat-related health risk
2019-12-27,24.0,7.5,LOW,1.0,1.0,Baseline heat-related health risk
2019-12-28,24.0,7.5,LOW,1.0,1.0,Baseline heat-related health risk
2019-12-29,24.3,7.5,LOW,1.0,1.0,Baseline heat-related health risk
2019-12-30,25.0,0.0,LOW,1.0,1.0,Baseline heat-related health risk
2019-12-31,25.2,0.0,LOW,1.0,1.0,Baseline heat-related health risk
2020-01-01,25.5,0.0,LOW,1.0,1.0,Baseline heat-related health risk
2020-01-02,25.5,0.0,LOW,1.0,1.0,Baseline heat-related health risk
2020-01-03,24.6,0.0,LOW,1.0,1.0,Baseline heat-related health risk
2020-01-04,24.9,0.0,LOW,1.0,1.0,Baseline heat-related health risk
2020-01-05,25.1,0.0,LOW,1.0,1.0,Baseline heat-related health risk
2020-01-06,27.2,0.0,LOW,1.0,1.0,Baseline heat-related health risk
2020-01-07,26.8,0.0,LOW,1.0,1.0,Baseline heat-related health risk
2020-01-08,25.4,0.0,LOW,1.0,1.0,Baseline heat-related health risk
2020-01-09,22.9,0.0,LOW,1.0,1.0,Baseline heat-related health risk
2020-01-10,23.0,7.5,LOW,1.0,1.0,Baseline heat-related health risk
2020-01-11,26.3,0.0,LOW,1.0,1.0,Baseline heat-related health risk
2020-01-12,29.3,0.0,LOW,1.025,1.0,Elevated heat-related health risk
2020-01-13,24.7,0.0,LOW,1.0,1.0,Baseline heat-related health risk
2020-01-14,23.9,0.0,LOW,1.0,1.0,Baseline heat-related health risk
2020-01-15,23.5,0.0,LOW,1.0,1.0,Baseline heat-related health risk
2020-01-16,22.0,0.0,LOW,1.0,1.0,Baseline heat-related health risk
2020-01-17,23.3,0.0,LOW,1.0,1.0,Baseline heat-related health risk
2020-01-18,24.6,0.0,LOW,1.0,1.0,Baseline heat-related health risk
2020-01-19,25.4,0.0,LOW,1.0,1.0,Baseline heat-related health risk
2020-01-20,25.9,0.0,LOW,1.0,1.0,Baseline heat-related health risk
2020-01-21,26.9,0.0,LOW,1.0,1.0,Baseline heat-related health risk
2020-01-22,28.4,0.0,LOW,1.008,1.0,Elevated heat-related health risk
2020-01-23,26.8,0.0,LOW,1.0,1.0,Baseline heat-related health risk
2020-01-24,27.6,0.0,LOW,1.0,1.0,Baseline heat-related health risk
2020-01-25,28.2,0.0,LOW,1.004,1.0,Elevated heat-related health risk
2020-01-26,29.3,0.0,LOW,1.025,1.0,Elevated heat-related health risk
2020-01-27,28.4,0.0,LOW,1.008,1.0,Elevated heat-related health risk
2020-01-28,25.3,0.0,LOW,1.0,1.0,Baseline heat-related health risk
2020-01-29,24.5,0.0,LOW,1.0,1.0,Baseline heat-related health risk
2020-01-30,25.7,7.5,LOW,1.0,1.0,Baseline heat-related health risk
2020-01-31,25.6,0.0,LOW,1.0,1.0,Baseline heat-related health risk
2020-02-01,26.5,7.5,LOW,1.0,1.0,Baseline heat-related health risk
2020-02-02,27.4,0.0,LOW,1.0,1.0,Baseline heat-related health risk
2020-02-03,27.9,0.0,LOW,1.0,1.0,Baseline heat-related health risk
2020-02-04,27.7,0.0,LOW,1.0,1.0,Baseline heat-related health risk
2020-02-05,28.1,0.0,LOW,1.002,1.0,Elevated heat-related health risk
2020-02-06,27.4,0.0,LOW,1.0,1.0,Baseline heat-related health risk
2020-02-07,28.1,0.0,LOW,1.002,1.0,Elevated heat-related health risk
2020-02-08,26.7,0.0,LOW,1.0,1.0,Baseline heat-related health risk
2020-02-09,27.1,0.0,LOW,1.0,1.0,Baseline heat-related health risk
2020-02-10,28.5,0.0,LOW,1.01,1.0,Elevated heat-related health risk
2020-02-11,30.7,17.5,LOW,1.053,1.0,Elevated heat-related health risk
2020-02-12,32.0,17.5,LOW,1.079,1.0,Elevated heat-related health risk
2020-02-13,32.6,7.5,LOW,1.092,1.0,Elevated heat-related health risk
2020-02-14,31.8,7.5,LOW,1.075,1.0,Elevated heat-related health risk
2020-02-15,30.7,7.5,LOW,1.053,1.0,Elevated heat-related health risk
2020-02-16,33.3,17.5,LOW,1.106,1.0,Elevated heat-related health risk
2020-02-17,34.1,7.5,LOW,1.123,1.0,Elevated heat-related health risk
2020-02-18,33.8,17.5,LOW,1.117,1.0,Elevated heat-related health risk
2020-02-19,34.1,25.0,MODERATE,1.123,1.0,Elevated heat-related health risk
2020-02-20,32.4,7.5,LOW,1.087,1.0,Elevated heat-related health risk
2020-02-21,32.0,17.5,LOW,1.079,1.0,Elevated heat-related health risk
2020-02-22,31.9,7.5,LOW,1.077,1.0,Elevated heat-related health risk
2020-02-23,32.2,7.5,LOW,1.083,1.0,Elevated heat-related health risk
2020-02-24,31.8,7.5,LOW,1.075,1.0,Elevated heat-related health risk
2020-02-25,32.0,7.5,LOW,1.079,1.0,Elevated heat-related health risk
2020-02-26,32.5,17.5,LOW,1.09,1.0,Elevated heat-related health risk
2020-02-27,33.4,17.5,LOW,1.108,1.0,Elevated heat-related health risk
2020-02-28,34.2,25.0,MODERATE,1.125,1.0,Elevated heat-related health risk
2020-02-29,33.7,17.5,LOW,1.115,1.0,Elevated heat-related health risk
2020-03-01,33.4,17.5,LOW,1.108,1.0,Elevated heat-related health risk
2020-03-02,33.6,17.5,LOW,1.113,1.0,Elevated heat-related health risk
2020-03-03,33.4,17.5,LOW,1.108,1.0,Elevated heat-related health risk
2020-03-04,32.5,7.5,LOW,1.09,1.0,Elevated heat-related health risk
2020-03-05,29.9,10.0,LOW,1.037,1.0,Elevated heat-related health risk
2020-03-06,29.4,0.0,LOW,1.027,1.0,Elevated heat-related health risk
2020-03-07,29.4,0.0,LOW,1.027,1.0,Elevated heat-related health risk
2020-03-08,31.6,7.5,LOW,1.071,1.0,Elevated heat-related health risk
2020-03-09,33.5,17.5,LOW,1.111,1.0,Elevated heat-related health risk
2020-03-10,32.3,7.5,LOW,1.085,1.0,Elevated heat-related health risk
2020-03-11,30.0,7.5,LOW,1.039,1.0,Elevated heat-related health risk
2020-03-12,29.0,0.0,LOW,1.019,1.0,Elevated heat-related health risk
2020-03-13,29.2,0.0,LOW,1.023,1.0,Elevated heat-related health risk
2020-03-14,31.6,7.5,LOW,1.071,1.0,Elevated heat-related health risk
2020-03-15,32.5,7.5,LOW,1.09,1.0,Elevated heat-related health risk
2020-03-16,34.0,7.5,LOW,1.121,1.0,Elevated heat-related health risk
2020-03-17,35.7,32.5,MODERATE,1.158,1.0,Elevated heat-related health risk
2020-03-18,36.8,32.5,MODERATE,1.183,1.0,Elevated heat-related health risk
2020-03-19,36.7,32.5,MODERATE,1.18,1.0,Elevated heat-related health risk
2020-03-20,33.8,7.5,LOW,1.117,1.0,Elevated heat-related health risk
2020-03-21,34.4,25.0,MODERATE,1.13,1.0,Elevated heat-related health risk
2020-03-22,35.2,42.5,MODERATE,1.147,1.0,Elevated heat-related health risk
2020-03-23,37.2,42.5,MODERATE,1.192,1.0,Elevated heat-related health risk
2020-03-24,37.2,42.5,MODERATE,1.192,1.0,Elevated heat-related health risk
2020-03-25,36.6,42.5,MODERATE,1.178,1.0,Elevated heat-related health risk
2020-03-26,32.3,25.0,MODERATE,1.085,1.0,Elevated heat-related health risk
2020-03-27,32.1,17.5,LOW,1.081,1.0,Elevated heat-related health risk
2020-03-28,33.8,17.5,LOW,1.117,1.0,Elevated heat-related health risk
2020-03-29,35.5,32.5,MODERATE,1.154,1.0,Elevated heat-related health risk
2020-03-30,37.2,42.5,MODERATE,1.192,1.0,Elevated heat-related health risk
2020-03-31,37.4,42.5,MODERATE,1.196,1.0,Elevated heat-related health risk
2020-04-01,36.3,42.5,MODERATE,1.171,1.0,Elevated heat-related health risk
2020-04-02,37.0,32.5,MODERATE,1.187,1.0,Elevated heat-related health risk
2020-04-03,38.2,32.5,MODERATE,1.215,1.0,High heat-related health risk
2020-04-04,38.5,42.5,MODERATE,1.222,1.0,High heat-related health risk
2020-04-05,38.6,42.5,MODERATE,1.224,1.0,High heat-related health risk
2020-04-06,38.7,42.5,MODERATE,1.226,1.0,High heat-related health risk
2020-04-07,38.0,42.5,MODERATE,1.21,1.0,High heat-related health risk
2020-04-08,37.8,42.5,MODERATE,1.205,1.0,High heat-related health risk
2020-04-09,37.8,42.5,MODERATE,1.205,1.0,High heat-related health risk
2020-04-10,39.1,42.5,MODERATE,1.236,1.0,High heat-related health risk
2020-04-11,40.9,57.5,HIGH,1.279,1.0,High heat-related health risk
2020-04-12,41.5,57.5,HIGH,1.293,1.0,High heat-related health risk
2020-04-13,41.5,57.5,HIGH,1.293,1.0,High heat-related health risk
2020-04-14,41.3,57.5,HIGH,1.289,1.0,High heat-related health risk
2020-04-15,40.5,57.5,HIGH,1.269,1.0,High heat-related health risk
2020-04-16,41.1,57.5,HIGH,1.284,1.0,High heat-related health risk
2020-04-17,40.2,57.5,HIGH,1.262,1.0,High heat-related health risk
2020-04-18,40.3,57.5,HIGH,1.264,1.0,High heat-related health risk
2020-04-19,39.2,42.5,MODERATE,1.238,1.0,High heat-related health risk
2020-04-20,39.2,42.5,MODERATE,1.238,1.0,High heat-related health risk
2020-04-21,39.6,50.0,HIGH,1.247,1.0,High heat-related health risk
2020-04-22,40.8,57.5,HIGH,1.276,1.0,High heat-related health risk
2020-04-23,41.0,57.5,HIGH,1.281,1.0,High heat-related health risk
2020-04-24,39.8,50.0,HIGH,1.252,1.0,High heat-related health risk
2020-04-25,38.9,42.5,MODERATE,1.231,1.0,High heat-related health risk
2020-04-26,39.8,50.0,HIGH,1.252,1.0,High heat-related health risk
2020-04-27,39.4,60.0,HIGH,1.243,1.0,High heat-related health risk
2020-04-28,40.7,57.5,HIGH,1.274,1.0,High heat-related health risk
2020-04-29,41.7,57.5,HIGH,1.298,1.0,High heat-related health risk
2020-04-30,42.2,67.5,HIGH,1.311,1.074,High heat-related health risk
2020-05-01,42.2,57.5,HIGH,1.311,1.074,High heat-related health risk
2020-05-02,42.2,57.5,HIGH,1.311,1.074,High heat-related health risk
2020-05-03,42.0,57.5,HIGH,1.306,1.0,High heat-related health risk
2020-05-04,41.9,67.5,HIGH,1.303,1.0,High heat-related health risk
2020-05-05,41.9,67.5,HIGH,1.303,1.0,High heat-related health risk
2020-05-06,42.1,67.5,HIGH,1.308,1.036,High heat-related health risk
2020-05-07,42.2,67.5,HIGH,1.311,1.074,High heat-related health risk
2020-05-08,42.6,67.5,HIGH,1.321,1.239,High heat-related health risk
2020-05-09,41.9,67.5,HIGH,1.303,1.0,High heat-related health risk
2020-05-10,41.6,67.5,HIGH,1.296,1.0,High heat-related health risk
2020-05-11,40.5,67.5,HIGH,1.269,1.0,High heat-related health risk
2020-05-12,40.8,67.5,HIGH,1.276,1.0,High heat-related health risk
2020-05-13,41.4,67.5,HIGH,1.291,1.0,High heat-related health risk
2020-05-14,41.2,67.5,HIGH,1.286,1.0,High heat-related health risk
2020-05-15,41.0,67.5,HIGH,1.281,1.0,High heat-related health risk
2020-05-16,41.3,67.5,HIGH,1.289,1.0,High heat-related health risk
2020-05-17,41.4,57.5,HIGH,1.291,1.0,High heat-related health risk
2020-05-18,40.6,57.5,HIGH,1.271,1.0,High heat-related health risk
2020-05-19,41.5,67.5,HIGH,1.293,1.0,High heat-related health risk
2020-05-20,43.5,57.5,HIGH,1.344,1.71,High heat-related health risk
2020-05-21,43.3,57.5,HIGH,1.339,1.592,High heat-related health risk
2020-05-22,43.2,57.5,HIGH,1.336,1.536,High heat-related health risk
2020-05-23,42.6,57.5,HIGH,1.321,1.239,High heat-related health risk
2020-05-24,42.9,57.5,HIGH,1.328,1.38,High heat-related health risk
2020-05-25,42.7,67.5,HIGH,1.323,1.284,High heat-related health risk
2020-05-26,43.1,67.5,HIGH,1.333,1.482,High heat-related health risk
2020-05-27,43.4,75.0,EXTREME,1.341,1.65,High heat-related health risk
2020-05-28,43.2,75.0,EXTREME,1.336,1.536,High heat-related health risk
2020-05-29,42.3,67.5,HIGH,1.313,1.113,High heat-related health risk
2020-05-30,40.1,67.5,HIGH,1.259,1.0,High heat-related health risk
2020-05-31,40.7,67.5,HIGH,1.274,1.0,High heat-related health risk
2020-06-01,39.4,60.0,HIGH,1.243,1.0,High heat-related health risk
2020-06-02,39.8,60.0,HIGH,1.252,1.0,High heat-related health risk
2020-06-03,37.5,50.0,HIGH,1.198,1.0,Elevated heat-related health risk
2020-06-04,37.8,50.0,HIGH,1.205,1.0,High heat-related health risk
2020-06-05,37.0,60.0,HIGH,1.187,1.0,Elevated heat-related health risk
2020-06-06,34.7,52.5,HIGH,1.136,1.0,Elevated heat-related health risk
2020-06-07,34.7,52.5,HIGH,1.136,1.0,Elevated heat-related health risk
2020-06-08,34.8,42.5,MODERATE,1.138,1.0,Elevated heat-related health risk
2020-06-09,34.6,52.5,HIGH,1.134,1.0,Elevated heat-related health risk
2020-06-10,35.3,67.5,HIGH,1.149,1.0,Elevated heat-related health risk
2020-06-11,35.7,50.0,HIGH,1.158,1.0,Elevated heat-related health risk
2020-06-12,37.5,67.5,HIGH,1.198,1.0,Elevated heat-related health risk
2020-06-13,34.8,52.5,HIGH,1.138,1.0,Elevated heat-related health risk
2020-06-14,35.4,67.5,HIGH,1.151,1.0,Elevated heat-related health risk
2020-06-15,36.0,67.5,HIGH,1.165,1.0,Elevated heat-related health risk
2020-06-16,37.1,67.5,HIGH,1.189,1.0,Elevated heat-related health risk
2020-06-17,34.3,42.5,MODERATE,1.128,1.0,Elevated heat-related health risk
2020-06-18,35.9,57.5,HIGH,1.163,1.0,Elevated heat-related health risk
2020-06-19,36.8,50.0,HIGH,1.183,1.0,Elevated heat-related health risk
2020-06-20,36.0,50.0,HIGH,1.165,1.0,Elevated heat-related health risk
2020-06-21,35.9,60.0,HIGH,1.163,1.0,Elevated heat-related health risk
2020-06-22,33.9,42.5,MODERATE,1.119,1.0,Elevated heat-related health risk
2020-06-23,33.2,42.5,MODERATE,1.104,1.0,Elevated heat-related health risk
2020-06-24,35.1,67.5,HIGH,1.145,1.0,Elevated heat-related health risk
2020-06-25,34.1,42.5,MODERATE,1.123,1.0,Elevated heat-related health risk
2020-06-26,36.3,60.0,HIGH,1.171,1.0,Elevated heat-related health risk
2020-06-27,39.0,67.5,HIGH,1.233,1.0,High heat-related health risk
2020-06-28,39.0,67.5,HIGH,1.233,1.0,High heat-related health risk
2020-06-29,38.2,67.5,HIGH,1.215,1.0,High heat-related health risk
2020-06-30,36.8,67.5,HIGH,1.183,1.0,Elevated heat-related health risk
2020-07-01,36.9,67.5,HIGH,1.185,1.0,Elevated heat-related health risk
2020-07-02,38.1,60.0,HIGH,1.212,1.0,High heat-related health risk
2020-07-03,38.0,67.5,HIGH,1.21,1.0,High heat-related health risk
2020-07-04,36.3,67.5,HIGH,1.171,1.0,Elevated heat-related health risk
2020-07-05,34.9,42.5,MODERATE,1.141,1.0,Elevated heat-related health risk
2020-07-06,29.8,17.5,LOW,1.035,1.0,Elevated heat-related health risk
2020-07-07,31.7,32.5,MODERATE,1.073,1.0,Elevated heat-related health risk
2020-07-08,31.3,42.5,MODERATE,1.065,1.0,Elevated heat-related health risk
2020-07-09,34.0,42.5,MODERATE,1.121,1.0,Elevated heat-related health risk
2020-07-10,33.9,42.5,MODERATE,1.119,1.0,Elevated heat-related health risk
2020-07-11,33.4,42.5,MODERATE,1.108,1.0,Elevated heat-related health risk
2020-07-12,31.7,42.5,MODERATE,1.073,1.0,Elevated heat-related health risk
2020-07-13,32.7,42.5,MODERATE,1.094,1.0,Elevated heat-related health risk
2020-07-14,32.4,42.5,MODERATE,1.087,1.0,Elevated heat-related health risk
2020-07-15,32.5,52.5,HIGH,1.09,1.0,Elevated heat-related health risk
2020-07-16,32.5,42.5,MODERATE,1.09,1.0,Elevated heat-related health risk
2020-07-17,33.2,42.5,MODERATE,1.104,1.0,Elevated heat-related health risk
2020-07-18,32.7,42.5,MODERATE,1.094,1.0,Elevated heat-related health risk
2020-07-19,33.6,42.5,MODERATE,1.113,1.0,Elevated heat-related health risk
2020-07-20,34.2,42.5,MODERATE,1.125,1.0,Elevated heat-related health risk
2020-07-21,33.4,42.5,MODERATE,1.108,1.0,Elevated heat-related health risk
2020-07-22,34.8,42.5,MODERATE,1.138,1.0,Elevated heat-related health risk
2020-07-23,34.3,42.5,MODERATE,1.128,1.0,Elevated heat-related health risk
2020-07-24,33.3,52.5,HIGH,1.106,1.0,Elevated heat-related health risk
2020-07-25,32.5,52.5,HIGH,1.09,1.0,Elevated heat-related health risk
2020-07-26,33.0,42.5,MODERATE,1.1,1.0,Elevated heat-related health risk
2020-07-27,34.3,52.5,HIGH,1.128,1.0,Elevated heat-related health risk
2020-07-28,35.1,50.0,HIGH,1.145,1.0,Elevated heat-related health risk
2020-07-29,34.1,52.5,HIGH,1.123,1.0,Elevated heat-related health risk
2020-07-30,31.2,42.5,MODERATE,1.063,1.0,Elevated heat-related health risk
2020-07-31,32.4,42.5,MODERATE,1.087,1.0,Elevated heat-related health risk
2020-08-01,34.2,52.5,HIGH,1.125,1.0,Elevated heat-related health risk
2020-08-02,34.5,52.5,HIGH,1.132,1.0,Elevated heat-related health risk
2020-08-03,34.9,52.5,HIGH,1.141,1.0,Elevated heat-related health risk
2020-08-04,35.0,67.5,HIGH,1.143,1.0,Elevated heat-related health risk
2020-08-05,35.8,67.5,HIGH,1.16,1.0,Elevated heat-related health risk
2020-08-06,32.5,42.5,MODERATE,1.09,1.0,Elevated heat-related health risk
2020-08-07,31.0,42.5,MODERATE,1.059,1.0,Elevated heat-related health risk
2020-08-08,31.9,42.5,MODERATE,1.077,1.0,Elevated heat-related health risk
2020-08-09,28.1,17.5,LOW,1.002,1.0,Elevated heat-related health risk
2020-08-10,30.6,35.0,MODERATE,1.051,1.0,Elevated heat-related health risk
2020-08-11,31.5,42.5,MODERATE,1.069,1.0,Elevated heat-related health risk
2020-08-12,31.0,42.5,MODERATE,1.059,1.0,Elevated heat-related health risk
2020-08-13,27.2,10.0,LOW,1.0,1.0,Baseline heat-related health risk
2020-08-14,28.2,17.5,LOW,1.004,1.0,Elevated heat-related health risk
2020-08-15,30.8,42.5,MODERATE,1.055,1.0,Elevated heat-related health risk
2020-08-16,28.9,17.5,LOW,1.017,1.0,Elevated heat-related health risk
2020-08-17,30.3,35.0,MODERATE,1.045,1.0,Elevated heat-related health risk
2020-08-18,29.2,17.5,LOW,1.023,1.0,Elevated heat-related health risk
2020-08-19,29.0,27.5,MODERATE,1.019,1.0,Elevated heat-related health risk
2020-08-20,29.3,27.5,MODERATE,1.025,1.0,Elevated heat-related health risk
2020-08-21,29.8,27.5,MODERATE,1.035,1.0,Elevated heat-related health risk
2020-08-22,29.7,27.5,MODERATE,1.033,1.0,Elevated heat-related health risk
2020-08-23,26.1,0.0,LOW,1.0,1.0,Baseline heat-related health risk
2020-08-24,28.3,17.5,LOW,1.006,1.0,Elevated heat-related health risk
2020-08-25,31.8,42.5,MODERATE,1.075,1.0,Elevated heat-related health risk
2020-08-26,31.0,35.0,MODERATE,1.059,1.0,Elevated heat-related health risk
2020-08-27,30.4,35.0,MODERATE,1.047,1.0,Elevated heat-related health risk
2020-08-28,30.4,35.0,MODERATE,1.047,1.0,Elevated heat-related health risk
2020-08-29,30.4,35.0,MODERATE,1.047,1.0,Elevated heat-related health risk
2020-08-30,26.7,10.0,LOW,1.0,1.0,Baseline heat-related health risk
2020-08-31,29.3,17.5,LOW,1.025,1.0,Elevated heat-related health risk
2020-09-01,30.9,35.0,MODERATE,1.057,1.0,Elevated heat-related health risk
2020-09-02,31.5,35.0,MODERATE,1.069,1.0,Elevated heat-related health risk
2020-09-03,30.5,35.0,MODERATE,1.049,1.0,Elevated heat-related health risk
2020-09-04,32.5,42.5,MODERATE,1.09,1.0,Elevated heat-related health risk
2020-09-05,32.5,52.5,HIGH,1.09,1.0,Elevated heat-related health risk
2020-09-06,33.0,42.5,MODERATE,1.1,1.0,Elevated heat-related health risk
2020-09-07,32.5,42.5,MODERATE,1.09,1.0,Elevated heat-related health risk
2020-09-08,31.9,35.0,MODERATE,1.077,1.0,Elevated heat-related health risk
2020-09-09,32.4,42.5,MODERATE,1.087,1.0,Elevated heat-related health risk
2020-09-10,33.2,42.5,MODERATE,1.104,1.0,Elevated heat-related health risk
2020-09-11,32.4,42.5,MODERATE,1.087,1.0,Elevated heat-related health risk
2020-09-12,31.0,42.5,MODERATE,1.059,1.0,Elevated heat-related health risk
2020-09-13,31.5,42.5,MODERATE,1.069,1.0,Elevated heat-related health risk
2020-09-14,31.3,42.5,MODERATE,1.065,1.0,Elevated heat-related health risk
2020-09-15,31.9,42.5,MODERATE,1.077,1.0,Elevated heat-related health risk
2020-09-16,31.2,42.5,MODERATE,1.063,1.0,Elevated heat-related health risk
2020-09-17,31.6,42.5,MODERATE,1.071,1.0,Elevated heat-related health risk
2020-09-18,31.1,35.0,MODERATE,1.061,1.0,Elevated heat-related health risk
2020-09-19,32.4,52.5,HIGH,1.087,1.0,Elevated heat-related health risk
2020-09-20,32.5,52.5,HIGH,1.09,1.0,Elevated heat-related health risk
2020-09-21,34.3,60.0,HIGH,1.128,1.0,Elevated heat-related health risk
2020-09-22,34.8,52.5,HIGH,1.138,1.0,Elevated heat-related health risk
2020-09-23,34.0,60.0,HIGH,1.121,1.0,Elevated heat-related health risk
2020-09-24,33.2,52.5,HIGH,1.104,1.0,Elevated heat-related health risk
2020-09-25,32.3,42.5,MODERATE,1.085,1.0,Elevated heat-related health risk
2020-09-26,31.3,35.0,MODERATE,1.065,1.0,Elevated heat-related health risk
2020-09-27,31.1,35.0,MODERATE,1.061,1.0,Elevated heat-related health risk
2020-09-28,31.0,35.0,MODERATE,1.059,1.0,Elevated heat-related health risk
2020-09-29,31.7,35.0,MODERATE,1.073,1.0,Elevated heat-related health risk
2020-09-30,31.7,35.0,MODERATE,1.073,1.0,Elevated heat-related health risk
2020-10-01,33.1,35.0,MODERATE,1.102,1.0,Elevated heat-related health risk
2020-10-02,34.6,42.5,MODERATE,1.134,1.0,Elevated heat-related health risk
2020-10-03,34.5,42.5,MODERATE,1.132,1.0,Elevated heat-related health risk
2020-10-04,34.6,42.5,MODERATE,1.134,1.0,Elevated heat-related health risk
2020-10-05,34.2,35.0,MODERATE,1.125,1.0,Elevated heat-related health risk
2020-10-06,35.2,50.0,HIGH,1.147,1.0,Elevated heat-related health risk
2020-10-07,36.2,50.0,HIGH,1.169,1.0,Elevated heat-related health risk
2020-10-08,35.9,42.5,MODERATE,1.163,1.0,Elevated heat-related health risk
2020-10-09,35.9,42.5,MODERATE,1.163,1.0,Elevated heat-related health risk
2020-10-10,35.8,50.0,HIGH,1.16,1.0,Elevated heat-related health risk
2020-10-11,35.6,50.0,HIGH,1.156,1.0,Elevated heat-related health risk
2020-10-12,35.4,50.0,HIGH,1.151,1.0,Elevated heat-related health risk
2020-10-13,35.8,42.5,MODERATE,1.16,1.0,Elevated heat-related health risk
2020-10-14,35.7,42.5,MODERATE,1.158,1.0,Elevated heat-related health risk
2020-10-15,36.1,50.0,HIGH,1.167,1.0,Elevated heat-related health risk
2020-10-16,35.3,50.0,HIGH,1.149,1.0,Elevated heat-related health risk
2020-10-17,33.3,42.5,MODERATE,1.106,1.0,Elevated heat-related health risk
2020-10-18,32.0,42.5,MODERATE,1.079,1.0,Elevated heat-related health risk
2020-10-19,32.6,52.5,HIGH,1.092,1.0,Elevated heat-related health risk
2020-10-20,33.3,52.5,HIGH,1.106,1.0,Elevated heat-related health risk
2020-10-21,33.1,42.5,MODERATE,1.102,1.0,Elevated heat-related health risk
2020-10-22,35.0,42.5,MODERATE,1.143,1.0,Elevated heat-related health risk
2020-10-23,34.7,25.0,MODERATE,1.136,1.0,Elevated heat-related health risk
2020-10-24,33.7,25.0,MODERATE,1.115,1.0,Elevated heat-related health risk
2020-10-25,34.0,25.0,MODERATE,1.121,1.0,Elevated heat-related health risk
2020-10-26,34.0,25.0,MODERATE,1.121,1.0,Elevated heat-related health risk
2020-10-27,33.6,17.5,LOW,1.113,1.0,Elevated heat-related health risk
2020-10-28,32.9,17.5,LOW,1.098,1.0,Elevated heat-related health risk
2020-10-29,32.7,17.5,LOW,1.094,1.0,Elevated heat-related health risk
2020-10-30,32.6,17.5,LOW,1.092,1.0,Elevated heat-related health risk
2020-10-31,32.6,7.5,LOW,1.092,1.0,Elevated heat-related health risk
2020-11-01,32.5,7.5,LOW,1.09,1.0,Elevated heat-related health risk
2020-11-02,32.7,17.5,LOW,1.094,1.0,Elevated heat-related health risk
2020-11-03,32.7,17.5,LOW,1.094,1.0,Elevated heat-related health risk
2020-11-04,32.6,17.5,LOW,1.092,1.0,Elevated heat-related health risk
2020-11-05,32.2,17.5,LOW,1.083,1.0,Elevated heat-related health risk
2020-11-06,32.3,17.5,LOW,1.085,1.0,Elevated heat-related health risk
2020-11-07,32.9,17.5,LOW,1.098,1.0,Elevated heat-related health risk
2020-11-08,32.8,7.5,LOW,1.096,1.0,Elevated heat-related health risk
2020-11-09,32.3,17.5,LOW,1.085,1.0,Elevated heat-related health risk
2020-11-10,32.1,7.5,LOW,1.081,1.0,Elevated heat-related health risk
2020-11-11,31.9,7.5,LOW,1.077,1.0,Elevated heat-related health risk
2020-11-12,31.3,7.5,LOW,1.065,1.0,Elevated heat-related health risk
2020-11-13,32.2,17.5,LOW,1.083,1.0,Elevated heat-related health risk
2020-11-14,33.2,25.0,MODERATE,1.104,1.0,Elevated heat-related health risk
2020-11-15,33.0,25.0,MODERATE,1.1,1.0,Elevated heat-related health risk
2020-11-16,33.0,25.0,MODERATE,1.1,1.0,Elevated heat-related health risk
2020-11-17,32.4,17.5,LOW,1.087,1.0,Elevated heat-related health risk
2020-11-18,30.6,7.5,LOW,1.051,1.0,Elevated heat-related health risk
2020-11-19,30.3,7.5,LOW,1.045,1.0,Elevated heat-related health risk
2020-11-20,30.1,7.5,LOW,1.041,1.0,Elevated heat-related health risk
2020-11-21,29.8,0.0,LOW,1.035,1.0,Elevated heat-related health risk
2020-11-22,29.8,0.0,LOW,1.035,1.0,Elevated heat-related health risk
2020-11-23,30.3,17.5,LOW,1.045,1.0,Elevated heat-related health risk
2020-11-24,30.9,7.5,LOW,1.057,1.0,Elevated heat-related health risk
2020-11-25,31.3,17.5,LOW,1.065,1.0,Elevated heat-related health risk
2020-11-26,30.1,17.5,LOW,1.041,1.0,Elevated heat-related health risk
2020-11-27,30.0,7.5,LOW,1.039,1.0,Elevated heat-related health risk
2020-11-28,29.8,0.0,LOW,1.035,1.0,Elevated heat-related health risk
2020-11-29,31.2,17.5,LOW,1.063,1.0,Elevated heat-related health risk
2020-11-30,32.5,25.0,MODERATE,1.09,1.0,Elevated heat-related health risk
2020-12-01,32.6,25.0,MODERATE,1.092,1.0,Elevated heat-related health risk
2020-12-02,32.6,7.5,LOW,1.092,1.0,Elevated heat-related health risk
2020-12-03,32.3,17.5,LOW,1.085,1.0,Elevated heat-related health risk
2020-12-04,32.4,17.5,LOW,1.087,1.0,Elevated heat-related health risk
2020-12-05,32.2,17.5,LOW,1.083,1.0,Elevated heat-related health risk
2020-12-06,32.8,17.5,LOW,1.096,1.0,Elevated heat-related health risk
2020-12-07,32.8,17.5,LOW,1.096,1.0,Elevated heat-related health risk
2020-12-08,32.6,17.5,LOW,1.092,1.0,Elevated heat-related health risk
2020-12-09,32.5,17.5,LOW,1.09,1.0,Elevated heat-related health risk
2020-12-10,31.2,7.5,LOW,1.063,1.0,Elevated heat-related health risk
2020-12-11,24.2,0.0,LOW,1.0,1.0,Baseline heat-related health risk
2020-12-12,28.2,0.0,LOW,1.004,1.0,Elevated heat-related health risk
2020-12-13,27.5,0.0,LOW,1.0,1.0,Baseline heat-related health risk
2020-12-14,27.6,0.0,LOW,1.0,1.0,Baseline heat-related health risk
2020-12-15,27.2,0.0,LOW,1.0,1.0,Baseline heat-related health risk
2020-12-16,27.1,0.0,LOW,1.0,1.0,Baseline heat-related health risk
2020-12-17,26.1,0.0,LOW,1.0,1.0,Baseline heat-related health risk
2020-12-18,26.4,0.0,LOW,1.0,1.0,Baseline heat-related health risk
2020-12-19,26.9,0.0,LOW,1.0,1.0,Baseline heat-related health risk
2020-12-20,26.8,0.0,LOW,1.0,1.0,Baseline heat-related health risk
2020-12-21,27.6,0.0,LOW,1.0,1.0,Baseline heat-related health risk
2020-12-22,27.8,0.0,LOW,1.0,1.0,Baseline heat-related health risk
2020-12-23,28.1,0.0,LOW,1.002,1.0,Elevated heat-related health risk
2020-12-24,28.2,0.0,LOW,1.004,1.0,Elevated heat-related health risk
2020-12-25,29.7,0.0,LOW,1.033,1.0,Elevated heat-related health risk
2020-12-26,29.4,0.0,LOW,1.027,1.0,Elevated heat-related health risk
2020-12-27,28.0,0.0,LOW,1.0,1.0,Baseline heat-related health risk
2020-12-28,23.1,7.5,LOW,1.0,1.0,Baseline heat-related health risk
2020-12-29,23.4,7.5,LOW,1.0,1.0,Baseline heat-related health risk
2020-12-30,24.4,7.5,LOW,1.0,1.0,Baseline heat-related health risk
2020-12-31,25.8,0.0,LOW,1.0,1.0,Baseline heat-related health risk
2021-01-01,28.1,0.0,LOW,1.002,1.0,Elevated heat-related health risk
2021-01-02,27.1,0.0,LOW,1.0,1.0,Baseline heat-related health risk
2021-01-03,25.6,7.5,LOW,1.0,1.0,Baseline heat-related health risk
2021-01-04,26.4,0.0,LOW,1.0,1.0,Baseline heat-related health risk
2021-01-05,26.2,0.0,LOW,1.0,1.0,Baseline heat-related health risk
2021-01-06,26.3,0.0,LOW,1.0,1.0,Baseline heat-related health risk
2021-01-07,27.8,0.0,LOW,1.0,1.0,Baseline heat-related health risk
2021-01-08,28.2,10.0,LOW,1.004,1.0,Elevated heat-related health risk
2021-01-09,28.6,0.0,LOW,1.012,1.0,Elevated heat-related health risk
2021-01-10,29.4,10.0,LOW,1.027,1.0,Elevated heat-related health risk
2021-01-11,29.9,10.0,LOW,1.037,1.0,Elevated heat-related health risk
2021-01-12,28.4,0.0,LOW,1.008,1.0,Elevated heat-related health risk
2021-01-13,27.3,0.0,LOW,1.0,1.0,Baseline heat-related health risk
2021-01-14,27.2,0.0,LOW,1.0,1.0,Baseline heat-related health risk
2021-01-15,28.7,0.0,LOW,1.013,1.0,Elevated heat-related health risk
2021-01-16,29.6,10.0,LOW,1.031,1.0,Elevated heat-related health risk
2021-01-17,30.9,17.5,LOW,1.057,1.0,Elevated heat-related health risk
2021-01-18,30.4,17.5,LOW,1.047,1.0,Elevated heat-related health risk
2021-01-19,28.9,0.0,LOW,1.017,1.0,Elevated heat-related health risk
2021-01-20,28.9,0.0,LOW,1.017,1.0,Elevated heat-related health risk
2021-01-21,29.3,0.0,LOW,1.025,1.0,Elevated heat-related health risk
2021-01-22,30.0,7.5,LOW,1.039,1.0,Elevated heat-related health risk
2021-01-23,28.8,0.0,LOW,1.015,1.0,Elevated heat-related health risk
2021-01-24,27.5,0.0,LOW,1.0,1.0,Baseline heat-related health risk
2021-01-25,26.4,0.0,LOW,1.0,1.0,Baseline heat-related health risk
2021-01-26,26.3,7.5,LOW,1.0,1.0,Baseline heat-related health risk
2021-01-27,25.8,7.5,LOW,1.0,1.0,Baseline heat-related health risk
2021-01-28,26.9,7.5,LOW,1.0,1.0,Baseline heat-related health risk
2021-01-29,25.9,7.5,LOW,1.0,1.0,Baseline heat-related health risk
2021-01-30,26.9,7.5,LOW,1.0,1.0,Baseline heat-related health risk
2021-01-31,28.9,7.5,LOW,1.017,1.0,Elevated heat-related health risk
2021-02-01,30.5,7.5,LOW,1.049,1.0,Elevated heat-related health risk
2021-02-02,31.7,7.5,LOW,1.073,1.0,Elevated heat-related health risk
2021-02-03,31.7,7.5,LOW,1.073,1.0,Elevated heat-related health risk
2021-02-04,30.5,7.5,LOW,1.049,1.0,Elevated heat-related health risk
2021-02-05,28.6,0.0,LOW,1.012,1.0,Elevated heat-related health risk
2021-02-06,27.5,0.0,LOW,1.0,1.0,Baseline heat-related health risk
2021-02-07,28.2,0.0,LOW,1.004,1.0,Elevated heat-related health risk
2021-02-08,29.5,0.0,LOW,1.029,1.0,Elevated heat-related health risk
2021-02-09,31.3,7.5,LOW,1.065,1.0,Elevated heat-related health risk
2021-02-10,31.8,7.5,LOW,1.075,1.0,Elevated heat-related health risk
2021-02-11,32.2,7.5,LOW,1.083,1.0,Elevated heat-related health risk
2021-02-12,33.2,17.5,LOW,1.104,1.0,Elevated heat-related health risk
2021-02-13,33.3,17.5,LOW,1.106,1.0,Elevated heat-related health risk
2021-02-14,33.0,7.5,LOW,1.1,1.0,Elevated heat-related health risk
2021-02-15,31.7,7.5,LOW,1.073,1.0,Elevated heat-related health risk
2021-02-16,31.6,7.5,LOW,1.071,1.0,Elevated heat-related health risk
2021-02-17,32.8,7.5,LOW,1.096,1.0,Elevated heat-related health risk
2021-02-18,31.3,7.5,LOW,1.065,1.0,Elevated heat-related health risk
2021-02-19,32.0,7.5,LOW,1.079,1.0,Elevated heat-related health risk
2021-02-20,31.7,7.5,LOW,1.073,1.0,Elevated heat-related health risk
2021-02-21,32.6,7.5,LOW,1.092,1.0,Elevated heat-related health risk
2021-02-22,34.0,17.5,LOW,1.121,1.0,Elevated heat-related health risk
2021-02-23,34.6,25.0,MODERATE,1.134,1.0,Elevated heat-related health risk
2021-02-24,34.6,25.0,MODERATE,1.134,1.0,Elevated heat-related health risk
2021-02-25,34.5,25.0,MODERATE,1.132,1.0,Elevated heat-related health risk
2021-02-26,35.1,32.5,MODERATE,1.145,1.0,Elevated heat-related health risk
2021-02-27,36.0,32.5,MODERATE,1.165,1.0,Elevated heat-related health risk
2021-02-28,35.6,42.5,MODERATE,1.156,1.0,Elevated heat-related health risk
2021-03-01,35.0,22.5,LOW,1.143,1.0,Elevated heat-related health risk
2021-03-02,35.3,22.5,LOW,1.149,1.0,Elevated heat-related health risk
2021-03-03,36.1,32.5,MODERATE,1.167,1.0,Elevated heat-related health risk
2021-03-04,36.4,32.5,MODERATE,1.174,1.0,Elevated heat-related health risk
2021-03-05,37.9,42.5,MODERATE,1.208,1.0,High heat-related health risk
2021-03-06,37.8,32.5,MODERATE,1.205,1.0,High heat-related health risk
2021-03-07,37.1,32.5,MODERATE,1.189,1.0,Elevated heat-related health risk
2021-03-08,36.9,32.5,MODERATE,1.185,1.0,Elevated heat-related health risk
2021-03-09,37.3,32.5,MODERATE,1.194,1.0,Elevated heat-related health risk
2021-03-10,36.9,32.5,MODERATE,1.185,1.0,Elevated heat-related health risk
2021-03-11,37.0,32.5,MODERATE,1.187,1.0,Elevated heat-related health risk
2021-03-12,36.1,32.5,MODERATE,1.167,1.0,Elevated heat-related health risk
2021-03-13,36.2,32.5,MODERATE,1.169,1.0,Elevated heat-related health risk
2021-03-14,36.8,32.5,MODERATE,1.183,1.0,Elevated heat-related health risk
2021-03-15,37.3,32.5,MODERATE,1.194,1.0,Elevated heat-related health risk
2021-03-16,38.3,32.5,MODERATE,1.217,1.0,High heat-related health risk
2021-03-17,38.1,32.5,MODERATE,1.212,1.0,High heat-related health risk
2021-03-18,37.5,32.5,MODERATE,1.198,1.0,Elevated heat-related health risk
2021-03-19,36.4,32.5,MODERATE,1.174,1.0,Elevated heat-related health risk
2021-03-20,37.0,32.5,MODERATE,1.187,1.0,Elevated heat-related health risk
2021-03-21,37.8,32.5,MODERATE,1.205,1.0,High heat-related health risk
2021-03-22,38.2,42.5,MODERATE,1.215,1.0,High heat-related health risk
2021-03-23,37.8,42.5,MODERATE,1.205,1.0,High heat-related health risk
2021-03-24,38.0,32.5,MODERATE,1.21,1.0,High heat-related health risk
2021-03-25,37.6,22.5,LOW,1.201,1.0,High heat-related health risk
2021-03-26,38.2,32.5,MODERATE,1.215,1.0,High heat-related health risk
2021-03-27,40.3,50.0,HIGH,1.264,1.0,High heat-related health risk
2021-03-28,41.2,57.5,HIGH,1.286,1.0,High heat-related health risk
2021-03-29,40.4,50.0,HIGH,1.267,1.0,High heat-related health risk
2021-03-30,40.7,57.5,HIGH,1.274,1.0,High heat-related health risk
2021-03-31,41.6,57.5,HIGH,1.296,1.0,High heat-related health risk
2021-04-01,40.0,40.0,MODERATE,1.257,1.0,High heat-related health risk
2021-04-02,40.1,40.0,MODERATE,1.259,1.0,High heat-related health risk
2021-04-03,40.5,50.0,HIGH,1.269,1.0,High heat-related health risk
2021-04-04,40.6,50.0,HIGH,1.271,1.0,High heat-related health risk
2021-04-05,40.6,57.5,HIGH,1.271,1.0,High heat-related health risk
2021-04-06,41.1,57.5,HIGH,1.284,1.0,High heat-related health risk
2021-04-07,40.4,57.5,HIGH,1.267,1.0,High heat-related health risk
2021-04-08,40.1,50.0,HIGH,1.259,1.0,High heat-related health risk
2021-04-09,40.0,40.0,MODERATE,1.257,1.0,High heat-related health risk
2021-04-10,40.7,40.0,MODERATE,1.274,1.0,High heat-related health risk
2021-04-11,41.7,40.0,MODERATE,1.298,1.0,High heat-related health risk
2021-04-12,40.9,50.0,HIGH,1.279,1.0,High heat-related health risk
2021-04-13,40.2,50.0,HIGH,1.262,1.0,High heat-related health risk
2021-04-14,39.7,42.5,MODERATE,1.25,1.0,High heat-related health risk
2021-04-15,38.5,42.5,MODERATE,1.222,1.0,High heat-related health risk
2021-04-16,39.6,42.5,MODERATE,1.247,1.0,High heat-related health risk
2021-04-17,39.5,42.5,MODERATE,1.245,1.0,High heat-related health risk
2021-04-18,40.2,57.5,HIGH,1.262,1.0,High heat-related health risk
2021-04-19,40.7,57.5,HIGH,1.274,1.0,High heat-related health risk
2021-04-20,38.8,42.5,MODERATE,1.229,1.0,High heat-related health risk
2021-04-21,38.8,32.5,MODERATE,1.229,1.0,High heat-related health risk
2021-04-22,39.6,42.5,MODERATE,1.247,1.0,High heat-related health risk
2021-04-23,41.1,57.5,HIGH,1.284,1.0,High heat-related health risk
2021-04-24,39.5,60.0,HIGH,1.245,1.0,High heat-related health risk
2021-04-25,41.3,57.5,HIGH,1.289,1.0,High heat-related health risk
2021-04-26,41.9,57.5,HIGH,1.303,1.0,High heat-related health risk
2021-04-27,40.8,57.5,HIGH,1.276,1.0,High heat-related health risk
2021-04-28,42.0,57.5,HIGH,1.306,1.0,High heat-related health risk
2021-04-29,41.5,57.5,HIGH,1.293,1.0,High heat-related health risk
2021-04-30,41.2,67.5,HIGH,1.286,1.0,High heat-related health risk
2021-05-01,40.0,57.5,HIGH,1.257,1.0,High heat-related health risk
2021-05-02,39.5,50.0,HIGH,1.245,1.0,High heat-related health risk
2021-05-03,39.6,42.5,MODERATE,1.247,1.0,High heat-related health risk
2021-05-04,40.1,50.0,HIGH,1.259,1.0,High heat-related health risk
2021-05-05,40.5,57.5,HIGH,1.269,1.0,High heat-related health risk
2021-05-06,41.2,57.5,HIGH,1.286,1.0,High heat-related health risk
2021-05-07,41.2,67.5,HIGH,1.286,1.0,High heat-related health risk
2021-05-08,41.4,67.5,HIGH,1.291,1.0,High heat-related health risk
2021-05-09,41.4,67.5,HIGH,1.291,1.0,High heat-related health risk
2021-05-10,40.4,57.5,HIGH,1.267,1.0,High heat-related health risk
2021-05-11,39.8,50.0,HIGH,1.252,1.0,High heat-related health risk
2021-05-12,40.4,57.5,HIGH,1.267,1.0,High heat-related health risk
2021-05-13,39.7,50.0,HIGH,1.25,1.0,High heat-related health risk
2021-05-14,40.3,57.5,HIGH,1.264,1.0,High heat-related health risk
2021-05-15,42.2,67.5,HIGH,1.311,1.074,High heat-related health risk
2021-05-16,42.7,75.0,EXTREME,1.323,1.284,High heat-related health risk
2021-05-17,37.6,50.0,HIGH,1.201,1.0,High heat-related health risk
2021-05-18,28.1,7.5,LOW,1.002,1.0,Elevated heat-related health risk
2021-05-19,32.5,25.0,MODERATE,1.09,1.0,Elevated heat-related health risk
2021-05-20,34.6,52.5,HIGH,1.134,1.0,Elevated heat-related health risk
2021-05-21,33.5,42.5,MODERATE,1.111,1.0,Elevated heat-related health risk
2021-05-22,33.7,42.5,MODERATE,1.115,1.0,Elevated heat-related health risk
2021-05-23,34.3,42.5,MODERATE,1.128,1.0,Elevated heat-related health risk
2021-05-24,35.7,67.5,HIGH,1.158,1.0,Elevated heat-related health risk
2021-05-25,37.2,60.0,HIGH,1.192,1.0,Elevated heat-related health risk
2021-05-26,37.2,60.0,HIGH,1.192,1.0,Elevated heat-related health risk
2021-05-27,38.0,60.0,HIGH,1.21,1.0,High heat-related health risk
2021-05-28,38.7,67.5,HIGH,1.226,1.0,High heat-related health risk
2021-05-29,38.8,67.5,HIGH,1.229,1.0,High heat-related health risk
2021-05-30,38.8,67.5,HIGH,1.229,1.0,High heat-related health risk
2021-05-31,38.1,50.0,HIGH,1.212,1.0,High heat-related health risk
2021-06-01,38.1,60.0,HIGH,1.212,1.0,High heat-related health risk
2021-06-02,38.1,60.0,HIGH,1.212,1.0,High heat-related health risk
2021-06-03,39.1,60.0,HIGH,1.236,1.0,High heat-related health risk
2021-06-04,38.6,60.0,HIGH,1.224,1.0,High heat-related health risk
2021-06-05,38.4,60.0,HIGH,1.219,1.0,High heat-related health risk
2021-06-06,36.6,60.0,HIGH,1.178,1.0,Elevated heat-related health risk
2021-06-07,37.7,60.0,HIGH,1.203,1.0,High heat-related health risk
2021-06-08,39.2,67.5,HIGH,1.238,1.0,High heat-related health risk
2021-06-09,38.9,60.0,HIGH,1.231,1.0,High heat-related health risk
2021-06-10,38.2,60.0,HIGH,1.215,1.0,High heat-related health risk
2021-06-11,38.8,60.0,HIGH,1.229,1.0,High heat-related health risk
2021-06-12,40.5,75.0,EXTREME,1.269,1.0,High heat-related health risk
2021-06-13,40.1,75.0,EXTREME,1.259,1.0,High heat-related health risk
2021-06-14,39.4,50.0,HIGH,1.243,1.0,High heat-related health risk
2021-06-15,39.9,60.0,HIGH,1.255,1.0,High heat-related health risk
2021-06-16,38.0,50.0,HIGH,1.21,1.0,High heat-related health risk
2021-06-17,34.6,42.5,MODERATE,1.134,1.0,Elevated heat-related health risk
2021-06-18,29.5,17.5,LOW,1.029,1.0,Elevated heat-related health risk
2021-06-19,29.0,17.5,LOW,1.019,1.0,Elevated heat-related health risk
2021-06-20,29.5,17.5,LOW,1.029,1.0,Elevated heat-related health risk
2021-06-21,31.0,35.0,MODERATE,1.059,1.0,Elevated heat-related health risk
2021-06-22,31.5,42.5,MODERATE,1.069,1.0,Elevated heat-related health risk
2021-06-23,32.4,42.5,MODERATE,1.087,1.0,Elevated heat-related health risk
2021-06-24,32.5,35.0,MODERATE,1.09,1.0,Elevated heat-related health risk
2021-06-25,33.6,42.5,MODERATE,1.113,1.0,Elevated heat-related health risk
2021-06-26,33.0,42.5,MODERATE,1.1,1.0,Elevated heat-related health risk
2021-06-27,34.0,42.5,MODERATE,1.121,1.0,Elevated heat-related health risk
2021-06-28,33.8,42.5,MODERATE,1.117,1.0,Elevated heat-related health risk
2021-06-29,34.5,52.5,HIGH,1.132,1.0,Elevated heat-related health risk
2021-06-30,35.5,50.0,HIGH,1.154,1.0,Elevated heat-related health risk
2021-07-01,36.7,50.0,HIGH,1.18,1.0,Elevated heat-related health risk
2021-07-02,36.5,50.0,HIGH,1.176,1.0,Elevated heat-related health risk
2021-07-03,35.6,50.0,HIGH,1.156,1.0,Elevated heat-related health risk
2021-07-04,35.5,50.0,HIGH,1.154,1.0,Elevated heat-related health risk
2021-07-05,35.9,50.0,HIGH,1.163,1.0,Elevated heat-related health risk
2021-07-06,35.6,60.0,HIGH,1.156,1.0,Elevated heat-related health risk
2021-07-07,37.1,60.0,HIGH,1.189,1.0,Elevated heat-related health risk
2021-07-08,37.5,50.0,HIGH,1.198,1.0,Elevated heat-related health risk
2021-07-09,35.6,50.0,HIGH,1.156,1.0,Elevated heat-related health risk
2021-07-10,37.8,67.5,HIGH,1.205,1.0,High heat-related health risk
2021-07-11,34.5,42.5,MODERATE,1.132,1.0,Elevated heat-related health risk
2021-07-12,33.7,42.5,MODERATE,1.115,1.0,Elevated heat-related health risk
2021-07-13,34.5,60.0,HIGH,1.132,1.0,Elevated heat-related health risk
2021-07-14,33.4,42.5,MODERATE,1.108,1.0,Elevated heat-related health risk
2021-07-15,33.4,60.0,HIGH,1.108,1.0,Elevated heat-related health risk
2021-07-16,34.5,42.5,MODERATE,1.132,1.0,Elevated heat-related health risk
2021-07-17,34.9,42.5,MODERATE,1.141,1.0,Elevated heat-related health risk
2021-07-18,32.2,42.5,MODERATE,1.083,1.0,Elevated heat-related health risk
2021-07-19,32.7,35.0,MODERATE,1.094,1.0,Elevated heat-related health risk
2021-07-20,32.4,25.0,MODERATE,1.087,1.0,Elevated heat-related health risk
2021-07-21,33.5,42.5,MODERATE,1.111,1.0,Elevated heat-related health risk
2021-07-22,34.5,42.5,MODERATE,1.132,1.0,Elevated heat-related health risk
2021-07-23,32.7,42.5,MODERATE,1.094,1.0,Elevated heat-related health risk
2021-07-24,32.6,42.5,MODERATE,1.092,1.0,Elevated heat-related health risk
2021-07-25,27.4,17.5,LOW,1.0,1.0,Baseline heat-related health risk
2021-07-26,29.7,17.5,LOW,1.033,1.0,Elevated heat-related health risk
2021-07-27,30.0,25.0,MODERATE,1.039,1.0,Elevated heat-related health risk
2021-07-28,30.4,25.0,MODERATE,1.047,1.0,Elevated heat-related health risk
2021-07-29,30.8,25.0,MODERATE,1.055,1.0,Elevated heat-related health risk
2021-07-30,32.0,25.0,MODERATE,1.079,1.0,Elevated heat-related health risk
2021-07-31,29.9,17.5,LOW,1.037,1.0,Elevated heat-related health risk
2021-08-01,30.8,25.0,MODERATE,1.055,1.0,Elevated heat-related health risk
2021-08-02,29.6,17.5,LOW,1.031,1.0,Elevated heat-related health risk
2021-08-03,29.3,17.5,LOW,1.025,1.0,Elevated heat-related health risk
2021-08-04,31.3,25.0,MODERATE,1.065,1.0,Elevated heat-related health risk
2021-08-05,32.4,35.0,MODERATE,1.087,1.0,Elevated heat-related health risk
2021-08-06,31.0,25.0,MODERATE,1.059,1.0,Elevated heat-related health risk
2021-08-07,31.9,25.0,MODERATE,1.077,1.0,Elevated heat-related health risk
2021-08-08,32.4,35.0,MODERATE,1.087,1.0,Elevated heat-related health risk
2021-08-09,33.0,35.0,MODERATE,1.1,1.0,Elevated heat-related health risk
2021-08-10,32.7,35.0,MODERATE,1.094,1.0,Elevated heat-related health risk
2021-08-11,33.1,35.0,MODERATE,1.102,1.0,Elevated heat-related health risk
2021-08-12,32.9,35.0,MODERATE,1.098,1.0,Elevated heat-related health risk
2021-08-13,32.8,35.0,MODERATE,1.096,1.0,Elevated heat-related health risk
2021-08-14,33.4,35.0,MODERATE,1.108,1.0,Elevated heat-related health risk
2021-08-15,33.5,35.0,MODERATE,1.111,1.0,Elevated heat-related health risk
2021-08-16,33.6,35.0,MODERATE,1.113,1.0,Elevated heat-related health risk
2021-08-17,34.9,52.5,HIGH,1.141,1.0,Elevated heat-related health risk
2021-08-18,34.4,42.5,MODERATE,1.13,1.0,Elevated heat-related health risk
2021-08-19,32.5,25.0,MODERATE,1.09,1.0,Elevated heat-related health risk
2021-08-20,33.9,35.0,MODERATE,1.119,1.0,Elevated heat-related health risk
2021-08-21,28.5,17.5,LOW,1.01,1.0,Elevated heat-related health risk
2021-08-22,32.5,35.0,MODERATE,1.09,1.0,Elevated heat-related health risk
2021-08-23,31.8,42.5,MODERATE,1.075,1.0,Elevated heat-related health risk
2021-08-24,32.9,42.5,MODERATE,1.098,1.0,Elevated heat-related health risk
2021-08-25,33.7,25.0,MODERATE,1.115,1.0,Elevated heat-related health risk
2021-08-26,33.9,25.0,MODERATE,1.119,1.0,Elevated heat-related health risk
2021-08-27,34.1,35.0,MODERATE,1.123,1.0,Elevated heat-related health risk
2021-08-28,33.5,35.0,MODERATE,1.111,1.0,Elevated heat-related health risk
2021-08-29,33.4,42.5,MODERATE,1.108,1.0,Elevated heat-related health risk
2021-08-30,33.6,42.5,MODERATE,1.113,1.0,Elevated heat-related health risk
2021-08-31,30.7,42.5,MODERATE,1.053,1.0,Elevated heat-related health risk
2021-09-01,29.7,27.5,MODERATE,1.033,1.0,Elevated heat-related health risk
2021-09-02,31.2,35.0,MODERATE,1.063,1.0,Elevated heat-related health risk
2021-09-03,30.4,35.0,MODERATE,1.047,1.0,Elevated heat-related health risk
2021-09-04,31.8,35.0,MODERATE,1.075,1.0,Elevated heat-related health risk
2021-09-05,31.1,25.0,MODERATE,1.061,1.0,Elevated heat-related health risk
2021-09-06,31.9,52.5,HIGH,1.077,1.0,Elevated heat-related health risk
2021-09-07,32.5,52.5,HIGH,1.09,1.0,Elevated heat-related health risk
2021-09-08,32.9,52.5,HIGH,1.098,1.0,Elevated heat-related health risk
2021-09-09,28.5,17.5,LOW,1.01,1.0,Elevated heat-related health risk
2021-09-10,28.7,17.5,LOW,1.013,1.0,Elevated heat-related health risk
2021-09-11,28.7,17.5,LOW,1.013,1.0,Elevated heat-related health risk
2021-09-12,27.5,10.0,LOW,1.0,1.0,Baseline heat-related health risk
2021-09-13,30.4,35.0,MODERATE,1.047,1.0,Elevated heat-related health risk
2021-09-14,30.9,42.5,MODERATE,1.057,1.0,Elevated heat-related health risk
2021-09-15,30.8,42.5,MODERATE,1.055,1.0,Elevated heat-related health risk
2021-09-16,30.2,35.0,MODERATE,1.043,1.0,Elevated heat-related health risk
2021-09-17,28.2,27.5,MODERATE,1.004,1.0,Elevated heat-related health risk
2021-09-18,30.4,35.0,MODERATE,1.047,1.0,Elevated heat-related health risk
2021-09-19,30.7,42.5,MODERATE,1.053,1.0,Elevated heat-related health risk
2021-09-20,30.0,35.0,MODERATE,1.039,1.0,Elevated heat-related health risk
2021-09-21,29.7,27.5,MODERATE,1.033,1.0,Elevated heat-related health risk
2021-09-22,30.4,35.0,MODERATE,1.047,1.0,Elevated heat-related health risk
2021-09-23,29.0,17.5,LOW,1.019,1.0,Elevated heat-related health risk
2021-09-24,30.0,42.5,MODERATE,1.039,1.0,Elevated heat-related health risk
2021-09-25,29.5,27.5,MODERATE,1.029,1.0,Elevated heat-related health risk
2021-09-26,29.9,27.5,MODERATE,1.037,1.0,Elevated heat-related health risk
2021-09-27,29.6,27.5,MODERATE,1.031,1.0,Elevated heat-related health risk
2021-09-28,31.7,52.5,HIGH,1.073,1.0,Elevated heat-related health risk
2021-09-29,28.7,17.5,LOW,1.013,1.0,Elevated heat-related health risk
2021-09-30,30.1,35.0,MODERATE,1.041,1.0,Elevated heat-related health risk
2021-10-01,31.3,42.5,MODERATE,1.065,1.0,Elevated heat-related health risk
2021-10-02,32.1,42.5,MODERATE,1.081,1.0,Elevated heat-related health risk
2021-10-03,31.9,35.0,MODERATE,1.077,1.0,Elevated heat-related health risk
2021-10-04,31.9,35.0,MODERATE,1.077,1.0,Elevated heat-related health risk
2021-10-05,32.4,42.5,MODERATE,1.087,1.0,Elevated heat-related health risk
2021-10-06,33.4,52.5,HIGH,1.108,1.0,Elevated heat-related health risk
2021-10-07,33.8,60.0,HIGH,1.117,1.0,Elevated heat-related health risk
2021-10-08,33.2,52.5,HIGH,1.104,1.0,Elevated heat-related health risk
2021-10-09,32.1,52.5,HIGH,1.081,1.0,Elevated heat-related health risk
2021-10-10,31.3,42.5,MODERATE,1.065,1.0,Elevated heat-related health risk
2021-10-11,32.2,52.5,HIGH,1.083,1.0,Elevated heat-related health risk
2021-10-12,32.9,42.5,MODERATE,1.098,1.0,Elevated heat-related health risk
2021-10-13,34.5,42.5,MODERATE,1.132,1.0,Elevated heat-related health risk
2021-10-14,34.8,35.0,MODERATE,1.138,1.0,Elevated heat-related health risk
2021-10-15,34.5,25.0,MODERATE,1.132,1.0,Elevated heat-related health risk
2021-10-16,34.3,25.0,MODERATE,1.128,1.0,Elevated heat-related health risk
2021-10-17,33.3,35.0,MODERATE,1.106,1.0,Elevated heat-related health risk
2021-10-18,34.4,25.0,MODERATE,1.13,1.0,Elevated heat-related health risk
2021-10-19,34.0,25.0,MODERATE,1.121,1.0,Elevated heat-related health risk
2021-10-20,33.5,25.0,MODERATE,1.111,1.0,Elevated heat-related health risk
2021-10-21,33.3,35.0,MODERATE,1.106,1.0,Elevated heat-related health risk
2021-10-22,32.1,17.5,LOW,1.081,1.0,Elevated heat-related health risk
2021-10-23,32.0,25.0,MODERATE,1.079,1.0,Elevated heat-related health risk
2021-10-24,31.5,17.5,LOW,1.069,1.0,Elevated heat-related health risk
2021-10-25,31.4,25.0,MODERATE,1.067,1.0,Elevated heat-related health risk
2021-10-26,33.3,25.0,MODERATE,1.106,1.0,Elevated heat-related health risk
2021-10-27,33.4,25.0,MODERATE,1.108,1.0,Elevated heat-related health risk
2021-10-28,33.4,17.5,LOW,1.108,1.0,Elevated heat-related health risk
2021-10-29,32.5,7.5,LOW,1.09,1.0,Elevated heat-related health risk
2021-10-30,32.2,7.5,LOW,1.083,1.0,Elevated heat-related health risk
2021-10-31,33.0,7.5,LOW,1.1,1.0,Elevated heat-related health risk
2021-11-01,32.9,17.5,LOW,1.098,1.0,Elevated heat-related health risk
2021-11-02,32.9,7.5,LOW,1.098,1.0,Elevated heat-related health risk
2021-11-03,32.8,7.5,LOW,1.096,1.0,Elevated heat-related health risk
2021-11-04,32.6,7.5,LOW,1.092,1.0,Elevated heat-related health risk
2021-11-05,32.8,7.5,LOW,1.096,1.0,Elevated heat-related health risk
2021-11-06,31.4,7.5,LOW,1.067,1.0,Elevated heat-related health risk
2021-11-07,32.2,7.5,LOW,1.083,1.0,Elevated heat-related health risk
2021-11-08,32.7,7.5,LOW,1.094,1.0,Elevated heat-related health risk
2021-11-09,33.1,7.5,LOW,1.102,1.0,Elevated heat-related health risk
2021-11-10,32.7,7.5,LOW,1.094,1.0,Elevated heat-related health risk
2021-11-11,32.1,7.5,LOW,1.081,1.0,Elevated heat-related health risk
2021-11-12,31.7,7.5,LOW,1.073,1.0,Elevated heat-related health risk
2021-11-13,31.6,7.5,LOW,1.071,1.0,Elevated heat-related health risk
2021-11-14,31.6,7.5,LOW,1.071,1.0,Elevated heat-related health risk
2021-11-15,31.4,7.5,LOW,1.067,1.0,Elevated heat-related health risk
2021-11-16,31.6,7.5,LOW,1.071,1.0,Elevated heat-related health risk
2021-11-17,30.9,7.5,LOW,1.057,1.0,Elevated heat-related health risk
2021-11-18,30.7,17.5,LOW,1.053,1.0,Elevated heat-related health risk
2021-11-19,32.0,25.0,MODERATE,1.079,1.0,Elevated heat-related health risk
2021-11-20,32.9,25.0,MODERATE,1.098,1.0,Elevated heat-related health risk
2021-11-21,33.4,25.0,MODERATE,1.108,1.0,Elevated heat-related health risk
2021-11-22,33.7,35.0,MODERATE,1.115,1.0,Elevated heat-related health risk
2021-11-23,33.5,35.0,MODERATE,1.111,1.0,Elevated heat-related health risk
2021-11-24,32.7,17.5,LOW,1.094,1.0,Elevated heat-related health risk
2021-11-25,32.1,7.5,LOW,1.081,1.0,Elevated heat-related health risk
2021-11-26,32.8,17.5,LOW,1.096,1.0,Elevated heat-related health risk
2021-11-27,33.0,17.5,LOW,1.1,1.0,Elevated heat-related health risk
2021-11-28,32.6,7.5,LOW,1.092,1.0,Elevated heat-related health risk
2021-11-29,31.4,7.5,LOW,1.067,1.0,Elevated heat-related health risk
2021-11-30,30.9,7.5,LOW,1.057,1.0,Elevated heat-related health risk
2021-12-01,23.5,0.0,LOW,1.0,1.0,Baseline heat-related health risk
2021-12-02,21.7,0.0,LOW,1.0,1.0,Baseline heat-related health risk
2021-12-03,25.9,0.0,LOW,1.0,1.0,Baseline heat-related health risk
2021-12-04,28.2,0.0,LOW,1.004,1.0,Elevated heat-related health risk
2021-12-05,28.4,10.0,LOW,1.008,1.0,Elevated heat-related health risk
2021-12-06,29.4,10.0,LOW,1.027,1.0,Elevated heat-related health risk
2021-12-07,29.2,0.0,LOW,1.023,1.0,Elevated heat-related health risk
2021-12-08,28.8,0.0,LOW,1.015,1.0,Elevated heat-related health risk
2021-12-09,28.7,0.0,LOW,1.013,1.0,Elevated heat-related health risk
2021-12-10,28.9,0.0,LOW,1.017,1.0,Elevated heat-related health risk
2021-12-11,28.6,0.0,LOW,1.012,1.0,Elevated heat-related health risk
2021-12-12,29.0,0.0,LOW,1.019,1.0,Elevated heat-related health risk
2021-12-13,29.1,0.0,LOW,1.021,1.0,Elevated heat-related health risk
2021-12-14,27.7,0.0,LOW,1.0,1.0,Baseline heat-related health risk
2021-12-15,28.4,0.0,LOW,1.008,1.0,Elevated heat-related health risk
2021-12-16,26.8,0.0,LOW,1.0,1.0,Baseline heat-related health risk
2021-12-17,25.8,0.0,LOW,1.0,1.0,Baseline heat-related health risk
2021-12-18,25.0,0.0,LOW,1.0,1.0,Baseline heat-related health risk
2021-12-19,24.7,7.5,LOW,1.0,1.0,Baseline heat-related health risk
2021-12-20,25.9,7.5,LOW,1.0,1.0,Baseline heat-related health risk
2021-12-21,27.3,7.5,LOW,1.0,1.0,Baseline heat-related health risk
2021-12-22,27.3,0.0,LOW,1.0,1.0,Baseline heat-related health risk
2021-12-23,27.9,0.0,LOW,1.0,1.0,Baseline heat-related health risk
2021-12-24,28.2,0.0,LOW,1.004,1.0,Elevated heat-related health risk
2021-12-25,28.0,0.0,LOW,1.0,1.0,Baseline heat-related health risk
2021-12-26,26.8,0.0,LOW,1.0,1.0,Baseline heat-related health risk
2021-12-27,28.0,0.0,LOW,1.0,1.0,Baseline heat-related health risk
2021-12-28,24.5,0.0,LOW,1.0,1.0,Baseline heat-related health risk
2021-12-29,23.8,0.0,LOW,1.0,1.0,Baseline heat-related health risk
2021-12-30,23.9,0.0,LOW,1.0,1.0,Baseline heat-related health risk
2021-12-31,25.3,0.0,LOW,1.0,1.0,Baseline heat-related health risk
2022-01-01,27.0,0.0,LOW,1.0,1.0,Baseline heat-related health risk
2022-01-02,27.8,0.0,LOW,1.0,1.0,Baseline heat-related health risk
2022-01-03,28.3,0.0,LOW,1.006,1.0,Elevated heat-related health risk
2022-01-04,28.9,0.0,LOW,1.017,1.0,Elevated heat-related health risk
2022-01-05,29.3,0.0,LOW,1.025,1.0,Elevated heat-related health risk
2022-01-06,20.4,0.0,LOW,1.0,1.0,Baseline heat-related health risk
2022-01-07,25.5,0.0,LOW,1.0,1.0,Baseline heat-related health risk
2022-01-08,22.9,0.0,LOW,1.0,1.0,Baseline heat-related health risk
2022-01-09,21.8,0.0,LOW,1.0,1.0,Baseline heat-related health risk
2022-01-10,22.6,7.5,LOW,1.0,1.0,Baseline heat-related health risk
2022-01-11,22.1,0.0,LOW,1.0,1.0,Baseline heat-related health risk
2022-01-12,21.9,7.5,LOW,1.0,1.0,Baseline heat-related health risk
2022-01-13,23.0,7.5,LOW,1.0,1.0,Baseline heat-related health risk
2022-01-14,24.2,7.5,LOW,1.0,1.0,Baseline heat-related health risk
2022-01-15,24.7,0.0,LOW,1.0,1.0,Baseline heat-related health risk
2022-01-16,26.0,0.0,LOW,1.0,1.0,Baseline heat-related health risk
2022-01-17,27.0,0.0,LOW,1.0,1.0,Baseline heat-related health risk
2022-01-18,27.3,0.0,LOW,1.0,1.0,Baseline heat-related health risk
2022-01-19,28.1,0.0,LOW,1.002,1.0,Elevated heat-related health risk
2022-01-20,28.2,0.0,LOW,1.004,1.0,Elevated heat-related health risk
2022-01-21,28.5,0.0,LOW,1.01,1.0,Elevated heat-related health risk
2022-01-22,27.0,0.0,LOW,1.0,1.0,Baseline heat-related health risk
2022-01-23,21.7,7.5,LOW,1.0,1.0,Baseline heat-related health risk
2022-01-24,22.4,15.0,LOW,1.0,1.0,Baseline heat-related health risk
2022-01-25,23.1,7.5,LOW,1.0,1.0,Baseline heat-related health risk
2022-01-26,23.3,7.5,LOW,1.0,1.0,Baseline heat-related health risk
2022-01-27,24.0,7.5,LOW,1.0,1.0,Baseline heat-related health risk
2022-01-28,24.7,7.5,LOW,1.0,1.0,Baseline heat-related health risk
2022-01-29,26.8,7.5,LOW,1.0,1.0,Baseline heat-related health risk
2022-01-30,27.5,7.5,LOW,1.0,1.0,Baseline heat-related health risk
2022-01-31,27.5,0.0,LOW,1.0,1.0,Baseline heat-related health risk
2022-02-01,29.6,10.0,LOW,1.031,1.0,Elevated heat-related health risk
2022-02-02,29.8,0.0,LOW,1.035,1.0,Elevated heat-related health risk
2022-02-03,27.9,0.0,LOW,1.0,1.0,Baseline heat-related health risk
2022-02-04,26.8,7.5,LOW,1.0,1.0,Baseline heat-related health risk
2022-02-05,27.4,0.0,LOW,1.0,1.0,Baseline heat-related health risk
2022-02-06,28.9,7.5,LOW,1.017,1.0,Elevated heat-related health risk
2022-02-07,28.6,0.0,LOW,1.012,1.0,Elevated heat-related health risk
2022-02-08,28.5,0.0,LOW,1.01,1.0,Elevated heat-related health risk
2022-02-09,28.3,0.0,LOW,1.006,1.0,Elevated heat-related health risk
2022-02-10,27.9,0.0,LOW,1.0,1.0,Baseline heat-related health risk
2022-02-11,27.4,0.0,LOW,1.0,1.0,Baseline heat-related health risk
2022-02-12,28.8,0.0,LOW,1.015,1.0,Elevated heat-related health risk
2022-02-13,29.5,0.0,LOW,1.029,1.0,Elevated heat-related health risk
2022-02-14,30.1,7.5,LOW,1.041,1.0,Elevated heat-related health risk
2022-02-15,30.0,7.5,LOW,1.039,1.0,Elevated heat-related health risk
2022-02-16,30.7,7.5,LOW,1.053,1.0,Elevated heat-related health risk
2022-02-17,31.4,7.5,LOW,1.067,1.0,Elevated heat-related health risk
2022-02-18,31.6,17.5,LOW,1.071,1.0,Elevated heat-related health risk
2022-02-19,32.8,17.5,LOW,1.096,1.0,Elevated heat-related health risk
2022-02-20,32.0,7.5,LOW,1.079,1.0,Elevated heat-related health risk
2022-02-21,33.1,7.5,LOW,1.102,1.0,Elevated heat-related health risk
2022-02-22,33.4,17.5,LOW,1.108,1.0,Elevated heat-related health risk
2022-02-23,32.3,7.5,LOW,1.085,1.0,Elevated heat-related health risk
2022-02-24,33.5,7.5,LOW,1.111,1.0,Elevated heat-related health risk
2022-02-25,33.9,7.5,LOW,1.119,1.0,Elevated heat-related health risk
2022-02-26,32.8,7.5,LOW,1.096,1.0,Elevated heat-related health risk
2022-02-27,33.4,7.5,LOW,1.108,1.0,Elevated heat-related health risk
2022-02-28,33.3,17.5,LOW,1.106,1.0,Elevated heat-related health risk
2022-03-01,34.2,17.5,LOW,1.125,1.0,Elevated heat-related health risk
2022-03-02,34.4,25.0,MODERATE,1.13,1.0,Elevated heat-related health risk
2022-03-03,34.4,7.5,LOW,1.13,1.0,Elevated heat-related health risk
2022-03-04,33.0,7.5,LOW,1.1,1.0,Elevated heat-related health risk
2022-03-05,33.8,7.5,LOW,1.117,1.0,Elevated heat-related health risk
2022-03-06,34.9,25.0,MODERATE,1.141,1.0,Elevated heat-related health risk
2022-03-07,36.0,32.5,MODERATE,1.165,1.0,Elevated heat-related health risk
2022-03-08,36.0,32.5,MODERATE,1.165,1.0,Elevated heat-related health risk
2022-03-09,36.1,42.5,MODERATE,1.167,1.0,Elevated heat-related health risk
2022-03-10,35.9,32.5,MODERATE,1.163,1.0,Elevated heat-related health risk
2022-03-11,36.4,32.5,MODERATE,1.174,1.0,Elevated heat-related health risk
2022-03-12,37.0,32.5,MODERATE,1.187,1.0,Elevated heat-related health risk
2022-03-13,37.8,32.5,MODERATE,1.205,1.0,High heat-related health risk
2022-03-14,39.1,32.5,MODERATE,1.236,1.0,High heat-related health risk
2022-03-15,40.1,40.0,MODERATE,1.259,1.0,High heat-related health risk
2022-03-16,40.2,50.0,HIGH,1.262,1.0,High heat-related health risk
2022-03-17,40.3,40.0,MODERATE,1.264,1.0,High heat-related health risk
2022-03-18,40.5,40.0,MODERATE,1.269,1.0,High heat-related health risk
2022-03-19,39.4,32.5,MODERATE,1.243,1.0,High heat-related health risk
2022-03-20,38.4,32.5,MODERATE,1.219,1.0,High heat-related health risk
2022-03-21,39.1,32.5,MODERATE,1.236,1.0,High heat-related health risk
2022-03-22,38.8,32.5,MODERATE,1.229,1.0,High heat-related health risk
2022-03-23,37.9,32.5,MODERATE,1.208,1.0,High heat-related health risk
2022-03-24,38.3,32.5,MODERATE,1.217,1.0,High heat-related health risk
2022-03-25,36.5,42.5,MODERATE,1.176,1.0,Elevated heat-related health risk
2022-03-26,41.1,57.5,HIGH,1.284,1.0,High heat-related health risk
2022-03-27,41.2,57.5,HIGH,1.286,1.0,High heat-related health risk
2022-03-28,40.7,40.0,MODERATE,1.274,1.0,High heat-related health risk
2022-03-29,41.0,50.0,HIGH,1.281,1.0,High heat-related health risk
2022-03-30,40.2,50.0,HIGH,1.262,1.0,High heat-related health risk
2022-03-31,40.6,57.5,HIGH,1.271,1.0,High heat-related health risk
2022-04-01,41.1,57.5,HIGH,1.284,1.0,High heat-related health risk
2022-04-02,40.9,57.5,HIGH,1.279,1.0,High heat-related health risk
2022-04-03,42.1,57.5,HIGH,1.308,1.036,High heat-related health risk
2022-04-04,42.2,57.5,HIGH,1.311,1.074,High heat-related health risk
2022-04-05,42.9,57.5,HIGH,1.328,1.38,High heat-related health risk
2022-04-06,42.2,57.5,HIGH,1.311,1.074,High heat-related health risk
2022-04-07,43.4,57.5,HIGH,1.341,1.65,High heat-related health risk
2022-04-08,43.5,57.5,HIGH,1.344,1.71,High heat-related health risk
2022-04-09,41.7,57.5,HIGH,1.298,1.0,High heat-related health risk
2022-04-10,41.2,57.5,HIGH,1.286,1.0,High heat-related health risk
2022-04-11,40.9,57.5,HIGH,1.279,1.0,High heat-related health risk
2022-04-12,40.8,40.0,MODERATE,1.276,1.0,High heat-related health risk
2022-04-13,41.4,57.5,HIGH,1.291,1.0,High heat-related health risk
2022-04-14,41.4,50.0,HIGH,1.291,1.0,High heat-related health risk
2022-04-15,41.4,57.5,HIGH,1.291,1.0,High heat-related health risk
2022-04-16,42.1,57.5,HIGH,1.308,1.036,High heat-related health risk
2022-04-17,41.8,57.5,HIGH,1.301,1.0,High heat-related health risk
2022-04-18,41.8,57.5,HIGH,1.301,1.0,High heat-related health risk
2022-04-19,41.2,57.5,HIGH,1.286,1.0,High heat-related health risk
2022-04-20,40.9,57.5,HIGH,1.279,1.0,High heat-related health risk
2022-04-21,41.3,57.5,HIGH,1.289,1.0,High heat-related health risk
2022-04-22,41.3,57.5,HIGH,1.289,1.0,High heat-related health risk
2022-04-23,41.6,57.5,HIGH,1.296,1.0,High heat-related health risk
2022-04-24,42.0,57.5,HIGH,1.306,1.0,High heat-related health risk
2022-04-25,41.4,57.5,HIGH,1.291,1.0,High heat-related health risk
2022-04-26,41.9,57.5,HIGH,1.303,1.0,High heat-related health risk
2022-04-27,42.9,57.5,HIGH,1.328,1.38,High heat-related health risk
2022-04-28,43.7,57.5,HIGH,1.349,1.837,High heat-related health risk
2022-04-29,43.4,57.5,HIGH,1.341,1.65,High heat-related health risk
2022-04-30,44.0,75.0,EXTREME,1.357,2.045,High heat-related health risk
2022-05-01,43.6,67.5,HIGH,1.346,1.772,High heat-related health risk
2022-05-02,41.7,57.5,HIGH,1.298,1.0,High heat-related health risk
2022-05-03,41.9,57.5,HIGH,1.303,1.0,High heat-related health risk
2022-05-04,41.8,57.5,HIGH,1.301,1.0,High heat-related health risk
2022-05-05,41.0,67.5,HIGH,1.281,1.0,High heat-related health risk
2022-05-06,41.8,57.5,HIGH,1.301,1.0,High heat-related health risk
2022-05-07,42.2,57.5,HIGH,1.311,1.074,High heat-related health risk
2022-05-08,43.1,57.5,HIGH,1.333,1.482,High heat-related health risk
2022-05-09,43.8,67.5,HIGH,1.351,1.904,High heat-related health risk
2022-05-10,44.4,57.5,HIGH,1.367,2.359,High heat-related health risk
2022-05-11,45.4,79.5,EXTREME,1.393,3.374,Very high heat-related health risk
2022-05-12,44.9,67.5,HIGH,1.38,2.821,High heat-related health risk
2022-05-13,43.3,67.5,HIGH,1.339,1.592,High heat-related health risk
2022-05-14,43.1,75.0,EXTREME,1.333,1.482,High heat-related health risk
2022-05-15,43.2,67.5,HIGH,1.336,1.536,High heat-related health risk
2022-05-16,43.3,67.5,HIGH,1.339,1.592,High heat-related health risk
2022-05-17,40.6,57.5,HIGH,1.271,1.0,High heat-related health risk
2022-05-18,41.9,57.5,HIGH,1.303,1.0,High heat-related health risk
2022-05-19,42.9,67.5,HIGH,1.328,1.38,High heat-related health risk
2022-05-20,42.6,67.5,HIGH,1.321,1.239,High heat-related health risk
2022-05-21,42.6,57.5,HIGH,1.321,1.239,High heat-related health risk
2022-05-22,41.3,75.0,EXTREME,1.289,1.0,High heat-related health risk
2022-05-23,41.6,75.0,EXTREME,1.296,1.0,High heat-related health risk
2022-05-24,41.0,67.5,HIGH,1.281,1.0,High heat-related health risk
2022-05-25,40.8,67.5,HIGH,1.276,1.0,High heat-related health risk
2022-05-26,40.7,67.5,HIGH,1.274,1.0,High heat-related health risk
2022-05-27,40.3,67.5,HIGH,1.264,1.0,High heat-related health risk
2022-05-28,40.8,57.5,HIGH,1.276,1.0,High heat-related health risk
2022-05-29,40.3,67.5,HIGH,1.264,1.0,High heat-related health risk
2022-05-30,40.7,67.5,HIGH,1.274,1.0,High heat-related health risk
2022-05-31,41.3,67.5,HIGH,1.289,1.0,High heat-related health risk
2022-06-01,42.7,67.5,HIGH,1.323,1.284,High heat-related health risk
2022-06-02,42.5,67.5,HIGH,1.318,1.196,High heat-related health risk
2022-06-03,42.3,57.5,HIGH,1.313,1.113,High heat-related health risk
2022-06-04,42.1,67.5,HIGH,1.308,1.036,High heat-related health risk
2022-06-05,41.9,67.5,HIGH,1.303,1.0,High heat-related health risk
2022-06-06,41.6,67.5,HIGH,1.296,1.0,High heat-related health risk
2022-06-07,40.9,75.0,EXTREME,1.279,1.0,High heat-related health risk
2022-06-08,40.9,75.0,EXTREME,1.279,1.0,High heat-related health risk
2022-06-09,40.8,75.0,EXTREME,1.276,1.0,High heat-related health risk
2022-06-10,40.7,75.0,EXTREME,1.274,1.0,High heat-related health risk
2022-06-11,40.6,75.0,EXTREME,1.271,1.0,High heat-related health risk
2022-06-12,36.8,50.0,HIGH,1.183,1.0,Elevated heat-related health risk
2022-06-13,33.8,42.5,MODERATE,1.117,1.0,Elevated heat-related health risk
2022-06-14,37.3,50.0,HIGH,1.194,1.0,Elevated heat-related health risk
2022-06-15,37.2,60.0,HIGH,1.192,1.0,Elevated heat-related health risk
2022-06-16,37.6,60.0,HIGH,1.201,1.0,High heat-related health risk
2022-06-17,38.7,67.5,HIGH,1.226,1.0,High heat-related health risk
2022-06-18,36.4,50.0,HIGH,1.174,1.0,Elevated heat-related health risk
2022-06-19,35.3,50.0,HIGH,1.149,1.0,Elevated heat-related health risk
2022-06-20,38.7,67.5,HIGH,1.226,1.0,High heat-related health risk
2022-06-21,37.8,60.0,HIGH,1.205,1.0,High heat-related health risk
2022-06-22,37.8,60.0,HIGH,1.205,1.0,High heat-related health risk
2022-06-23,36.9,60.0,HIGH,1.185,1.0,Elevated heat-related health risk
2022-06-24,39.2,60.0,HIGH,1.238,1.0,High heat-related health risk
2022-06-25,39.7,67.5,HIGH,1.25,1.0,High heat-related health risk
2022-06-26,41.1,81.0,EXTREME,1.284,1.0,High heat-related health risk
2022-06-27,36.3,60.0,HIGH,1.171,1.0,Elevated heat-related health risk
2022-06-28,37.8,67.5,HIGH,1.205,1.0,High heat-related health risk
2022-06-29,37.9,50.0,HIGH,1.208,1.0,High heat-related health risk
2022-06-30,37.4,50.0,HIGH,1.196,1.0,Elevated heat-related health risk
2022-07-01,35.5,50.0,HIGH,1.154,1.0,Elevated heat-related health risk
2022-07-02,32.8,42.5,MODERATE,1.096,1.0,Elevated heat-related health risk
2022-07-03,34.0,42.5,MODERATE,1.121,1.0,Elevated heat-related health risk
2022-07-04,33.4,42.5,MODERATE,1.108,1.0,Elevated heat-related health risk
2022-07-05,32.2,42.5,MODERATE,1.083,1.0,Elevated heat-related health risk
2022-07-06,31.6,42.5,MODERATE,1.071,1.0,Elevated heat-related health risk
2022-07-07,32.4,42.5,MODERATE,1.087,1.0,Elevated heat-related health risk
2022-07-08,27.0,10.0,LOW,1.0,1.0,Baseline heat-related health risk
2022-07-09,30.7,25.0,MODERATE,1.053,1.0,Elevated heat-related health risk
2022-07-10,28.4,17.5,LOW,1.008,1.0,Elevated heat-related health risk
2022-07-11,27.9,10.0,LOW,1.0,1.0,Baseline heat-related health risk
2022-07-12,30.1,35.0,MODERATE,1.041,1.0,Elevated heat-related health risk
2022-07-13,32.3,42.5,MODERATE,1.085,1.0,Elevated heat-related health risk
2022-07-14,30.0,35.0,MODERATE,1.039,1.0,Elevated heat-related health risk
2022-07-15,30.3,25.0,MODERATE,1.045,1.0,Elevated heat-related health risk
2022-07-16,32.1,35.0,MODERATE,1.081,1.0,Elevated heat-related health risk
2022-07-17,32.4,42.5,MODERATE,1.087,1.0,Elevated heat-related health risk
2022-07-18,31.6,35.0,MODERATE,1.071,1.0,Elevated heat-related health risk
2022-07-19,27.0,10.0,LOW,1.0,1.0,Baseline heat-related health risk
2022-07-20,32.6,42.5,MODERATE,1.092,1.0,Elevated heat-related health risk
2022-07-21,32.1,35.0,MODERATE,1.081,1.0,Elevated heat-related health risk
2022-07-22,32.0,42.5,MODERATE,1.079,1.0,Elevated heat-related health risk
2022-07-23,30.3,35.0,MODERATE,1.045,1.0,Elevated heat-related health risk
2022-07-24,27.7,10.0,LOW,1.0,1.0,Baseline heat-related health risk
2022-07-25,30.9,35.0,MODERATE,1.057,1.0,Elevated heat-related health risk
2022-07-26,29.0,17.5,LOW,1.019,1.0,Elevated heat-related health risk
2022-07-27,31.2,35.0,MODERATE,1.063,1.0,Elevated heat-related health risk
2022-07-28,32.5,35.0,MODERATE,1.09,1.0,Elevated heat-related health risk
2022-07-29,32.4,35.0,MODERATE,1.087,1.0,Elevated heat-related health risk
2022-07-30,31.9,35.0,MODERATE,1.077,1.0,Elevated heat-related health risk
2022-07-31,31.3,35.0,MODERATE,1.065,1.0,Elevated heat-related health risk
2022-08-01,32.6,35.0,MODERATE,1.092,1.0,Elevated heat-related health risk
2022-08-02,31.9,42.5,MODERATE,1.077,1.0,Elevated heat-related health risk
2022-08-03,31.6,42.5,MODERATE,1.071,1.0,Elevated heat-related health risk
2022-08-04,31.4,42.5,MODERATE,1.067,1.0,Elevated heat-related health risk
2022-08-05,30.3,35.0,MODERATE,1.045,1.0,Elevated heat-related health risk
2022-08-06,30.7,35.0,MODERATE,1.053,1.0,Elevated heat-related health risk
2022-08-07,32.5,52.5,HIGH,1.09,1.0,Elevated heat-related health risk
2022-08-08,32.5,52.5,HIGH,1.09,1.0,Elevated heat-related health risk
2022-08-09,32.0,52.5,HIGH,1.079,1.0,Elevated heat-related health risk
2022-08-10,31.2,42.5,MODERATE,1.063,1.0,Elevated heat-related health risk
2022-08-11,30.0,25.0,MODERATE,1.039,1.0,Elevated heat-related health risk
2022-08-12,31.5,42.5,MODERATE,1.069,1.0,Elevated heat-related health risk
2022-08-13,31.4,35.0,MODERATE,1.067,1.0,Elevated heat-related health risk
2022-08-14,30.6,35.0,MODERATE,1.051,1.0,Elevated heat-related health risk
2022-08-15,29.6,17.5,LOW,1.031,1.0,Elevated heat-related health risk
2022-08-16,27.5,10.0,LOW,1.0,1.0,Baseline heat-related health risk
2022-08-17,28.5,17.5,LOW,1.01,1.0,Elevated heat-related health risk
2022-08-18,29.8,27.5,MODERATE,1.035,1.0,Elevated heat-related health risk
2022-08-19,30.9,35.0,MODERATE,1.057,1.0,Elevated heat-related health risk
2022-08-20,31.2,35.0,MODERATE,1.063,1.0,Elevated heat-related health risk
2022-08-21,31.8,35.0,MODERATE,1.075,1.0,Elevated heat-related health risk
2022-08-22,29.1,17.5,LOW,1.021,1.0,Elevated heat-related health risk
2022-08-23,26.9,0.0,LOW,1.0,1.0,Baseline heat-related health risk
2022-08-24,29.9,17.5,LOW,1.037,1.0,Elevated heat-related health risk
2022-08-25,31.2,35.0,MODERATE,1.063,1.0,Elevated heat-related health risk
2022-08-26,31.0,35.0,MODERATE,1.059,1.0,Elevated heat-related health risk
2022-08-27,30.3,35.0,MODERATE,1.045,1.0,Elevated heat-related health risk
2022-08-28,31.2,35.0,MODERATE,1.063,1.0,Elevated heat-related health risk
2022-08-29,30.9,35.0,MODERATE,1.057,1.0,Elevated heat-related health risk
2022-08-30,31.9,52.5,HIGH,1.077,1.0,Elevated heat-related health risk
2022-08-31,32.3,52.5,HIGH,1.085,1.0,Elevated heat-related health risk
2022-09-01,32.3,42.5,MODERATE,1.085,1.0,Elevated heat-related health risk
2022-09-02,32.3,42.5,MODERATE,1.085,1.0,Elevated heat-related health risk
2022-09-03,33.0,52.5,HIGH,1.1,1.0,Elevated heat-related health risk
2022-09-04,33.0,35.0,MODERATE,1.1,1.0,Elevated heat-related health risk
2022-09-05,32.0,35.0,MODERATE,1.079,1.0,Elevated heat-related health risk
2022-09-06,31.5,35.0,MODERATE,1.069,1.0,Elevated heat-related health risk
2022-09-07,34.0,42.5,MODERATE,1.121,1.0,Elevated heat-related health risk
2022-09-08,35.0,67.5,HIGH,1.143,1.0,Elevated heat-related health risk
2022-09-09,35.8,67.5,HIGH,1.16,1.0,Elevated heat-related health risk
2022-09-10,35.6,67.5,HIGH,1.156,1.0,Elevated heat-related health risk
2022-09-11,33.5,52.5,HIGH,1.111,1.0,Elevated heat-related health risk
2022-09-12,32.8,52.5,HIGH,1.096,1.0,Elevated heat-related health risk
2022-09-13,31.3,42.5,MODERATE,1.065,1.0,Elevated heat-related health risk
2022-09-14,30.5,35.0,MODERATE,1.049,1.0,Elevated heat-related health risk
2022-09-15,30.0,35.0,MODERATE,1.039,1.0,Elevated heat-related health risk
2022-09-16,31.5,35.0,MODERATE,1.069,1.0,Elevated heat-related health risk
2022-09-17,31.5,35.0,MODERATE,1.069,1.0,Elevated heat-related health risk
2022-09-18,31.8,35.0,MODERATE,1.075,1.0,Elevated heat-related health risk
2022-09-19,31.5,35.0,MODERATE,1.069,1.0,Elevated heat-related health risk
2022-09-20,31.3,35.0,MODERATE,1.065,1.0,Elevated heat-related health risk
2022-09-21,31.4,35.0,MODERATE,1.067,1.0,Elevated heat-related health risk
2022-09-22,31.4,25.0,MODERATE,1.067,1.0,Elevated heat-related health risk
2022-09-23,31.0,25.0,MODERATE,1.059,1.0,Elevated heat-related health risk
2022-09-24,31.4,35.0,MODERATE,1.067,1.0,Elevated heat-related health risk
2022-09-25,31.6,35.0,MODERATE,1.071,1.0,Elevated heat-related health risk
2022-09-26,31.5,35.0,MODERATE,1.069,1.0,Elevated heat-related health risk
2022-09-27,32.2,35.0,MODERATE,1.083,1.0,Elevated heat-related health risk
2022-09-28,32.3,35.0,MODERATE,1.085,1.0,Elevated heat-related health risk
2022-09-29,33.6,35.0,MODERATE,1.113,1.0,Elevated heat-related health risk
2022-09-30,34.0,35.0,MODERATE,1.121,1.0,Elevated heat-related health risk
2022-10-01,33.7,35.0,MODERATE,1.115,1.0,Elevated heat-related health risk
2022-10-02,32.5,35.0,MODERATE,1.09,1.0,Elevated heat-related health risk
2022-10-03,32.7,35.0,MODERATE,1.094,1.0,Elevated heat-related health risk
2022-10-04,35.1,42.5,MODERATE,1.145,1.0,Elevated heat-related health risk
2022-10-05,36.4,42.5,MODERATE,1.174,1.0,Elevated heat-related health risk
2022-10-06,34.5,35.0,MODERATE,1.132,1.0,Elevated heat-related health risk
2022-10-07,28.5,17.5,LOW,1.01,1.0,Elevated heat-related health risk
2022-10-08,27.4,10.0,LOW,1.0,1.0,Baseline heat-related health risk
2022-10-09,31.3,35.0,MODERATE,1.065,1.0,Elevated heat-related health risk
2022-10-10,32.2,42.5,MODERATE,1.083,1.0,Elevated heat-related health risk
2022-10-11,33.5,35.0,MODERATE,1.111,1.0,Elevated heat-related health risk
2022-10-12,34.0,35.0,MODERATE,1.121,1.0,Elevated heat-related health risk
2022-10-13,34.1,35.0,MODERATE,1.123,1.0,Elevated heat-related health risk
2022-10-14,33.5,25.0,MODERATE,1.111,1.0,Elevated heat-related health risk
2022-10-15,34.1,25.0,MODERATE,1.123,1.0,Elevated heat-related health risk
2022-10-16,33.8,25.0,MODERATE,1.117,1.0,Elevated heat-related health risk
2022-10-17,34.1,25.0,MODERATE,1.123,1.0,Elevated heat-related health risk
2022-10-18,34.8,25.0,MODERATE,1.138,1.0,Elevated heat-related health risk
2022-10-19,34.2,35.0,MODERATE,1.125,1.0,Elevated heat-related health risk
2022-10-20,33.7,35.0,MODERATE,1.115,1.0,Elevated heat-related health risk
2022-10-21,34.6,25.0,MODERATE,1.134,1.0,Elevated heat-related health risk
2022-10-22,34.2,25.0,MODERATE,1.125,1.0,Elevated heat-related health risk
2022-10-23,34.1,25.0,MODERATE,1.123,1.0,Elevated heat-related health risk
2022-10-24,33.7,17.5,LOW,1.115,1.0,Elevated heat-related health risk
2022-10-25,34.0,25.0,MODERATE,1.121,1.0,Elevated heat-related health risk
2022-10-26,33.4,25.0,MODERATE,1.108,1.0,Elevated heat-related health risk
2022-10-27,33.8,25.0,MODERATE,1.117,1.0,Elevated heat-related health risk
2022-10-28,34.4,25.0,MODERATE,1.13,1.0,Elevated heat-related health risk
2022-10-29,34.1,35.0,MODERATE,1.123,1.0,Elevated heat-related health risk
2022-10-30,34.5,25.0,MODERATE,1.132,1.0,Elevated heat-related health risk
2022-10-31,33.2,7.5,LOW,1.104,1.0,Elevated heat-related health risk
2022-11-01,33.2,17.5,LOW,1.104,1.0,Elevated heat-related health risk
2022-11-02,34.3,25.0,MODERATE,1.128,1.0,Elevated heat-related health risk
2022-11-03,34.5,25.0,MODERATE,1.132,1.0,Elevated heat-related health risk
2022-11-04,34.9,25.0,MODERATE,1.141,1.0,Elevated heat-related health risk
2022-11-05,35.2,32.5,MODERATE,1.147,1.0,Elevated heat-related health risk
2022-11-06,35.0,32.5,MODERATE,1.143,1.0,Elevated heat-related health risk
2022-11-07,34.2,25.0,MODERATE,1.125,1.0,Elevated heat-related health risk
2022-11-08,34.0,25.0,MODERATE,1.121,1.0,Elevated heat-related health risk
2022-11-09,33.8,25.0,MODERATE,1.117,1.0,Elevated heat-related health risk
2022-11-10,33.2,17.5,LOW,1.104,1.0,Elevated heat-related health risk
2022-11-11,33.6,25.0,MODERATE,1.113,1.0,Elevated heat-related health risk
2022-11-12,32.5,17.5,LOW,1.09,1.0,Elevated heat-related health risk
2022-11-13,32.1,17.5,LOW,1.081,1.0,Elevated heat-related health risk
2022-11-14,32.1,17.5,LOW,1.081,1.0,Elevated heat-related health risk
2022-11-15,32.7,17.5,LOW,1.094,1.0,Elevated heat-related health risk
2022-11-16,32.8,17.5,LOW,1.096,1.0,Elevated heat-related health risk
2022-11-17,31.6,7.5,LOW,1.071,1.0,Elevated heat-related health risk
2022-11-18,31.0,7.5,LOW,1.059,1.0,Elevated heat-related health risk
2022-11-19,30.6,7.5,LOW,1.051,1.0,Elevated heat-related health risk
2022-11-20,31.0,7.5,LOW,1.059,1.0,Elevated heat-related health risk
2022-11-21,30.6,7.5,LOW,1.051,1.0,Elevated heat-related health risk
2022-11-22,31.3,7.5,LOW,1.065,1.0,Elevated heat-related health risk
2022-11-23,31.0,7.5,LOW,1.059,1.0,Elevated heat-related health risk
2022-11-24,30.9,7.5,LOW,1.057,1.0,Elevated heat-related health risk
2022-11-25,30.6,7.5,LOW,1.051,1.0,Elevated heat-related health risk
2022-11-26,30.8,7.5,LOW,1.055,1.0,Elevated heat-related health risk
2022-11-27,30.8,7.5,LOW,1.055,1.0,Elevated heat-related health risk
2022-11-28,30.9,7.5,LOW,1.057,1.0,Elevated heat-related health risk
2022-11-29,31.4,7.5,LOW,1.067,1.0,Elevated heat-related health risk
2022-11-30,31.3,7.5,LOW,1.065,1.0,Elevated heat-related health risk
2022-12-01,30.4,7.5,LOW,1.047,1.0,Elevated heat-related health risk
2022-12-02,30.0,7.5,LOW,1.039,1.0,Elevated heat-related health risk
2022-12-03,30.0,7.5,LOW,1.039,1.0,Elevated heat-related health risk
2022-12-04,30.9,7.5,LOW,1.057,1.0,Elevated heat-related health risk
2022-12-05,30.7,7.5,LOW,1.053,1.0,Elevated heat-related health risk
2022-12-06,31.3,17.5,LOW,1.065,1.0,Elevated heat-related health risk
2022-12-07,30.8,7.5,LOW,1.055,1.0,Elevated heat-related health risk
2022-12-08,29.9,0.0,LOW,1.037,1.0,Elevated heat-related health risk
2022-12-09,29.8,0.0,LOW,1.035,1.0,Elevated heat-related health risk
2022-12-10,30.4,7.5,LOW,1.047,1.0,Elevated heat-related health risk
2022-12-11,31.4,7.5,LOW,1.067,1.0,Elevated heat-related health risk
2022-12-12,32.9,25.0,MODERATE,1.098,1.0,Elevated heat-related health risk
2022-12-13,32.3,25.0,MODERATE,1.085,1.0,Elevated heat-related health risk
2022-12-14,30.3,17.5,LOW,1.045,1.0,Elevated heat-related health risk
2022-12-15,32.0,17.5,LOW,1.079,1.0,Elevated heat-related health risk
2022-12-16,32.8,25.0,MODERATE,1.096,1.0,Elevated heat-related health risk
2022-12-17,33.3,25.0,MODERATE,1.106,1.0,Elevated heat-related health risk
2022-12-18,33.1,17.5,LOW,1.102,1.0,Elevated heat-related health risk
2022-12-19,32.5,7.5,LOW,1.09,1.0,Elevated heat-related health risk
2022-12-20,32.0,17.5,LOW,1.079,1.0,Elevated heat-related health risk
2022-12-21,31.8,7.5,LOW,1.075,1.0,Elevated heat-related health risk
2022-12-22,30.9,7.5,LOW,1.057,1.0,Elevated heat-related health risk
2022-12-23,28.0,0.0,LOW,1.0,1.0,Baseline heat-related health risk
2022-12-24,26.5,0.0,LOW,1.0,1.0,Baseline heat-related health risk
2022-12-25,27.1,0.0,LOW,1.0,1.0,Baseline heat-related health risk
2022-12-26,28.1,0.0,LOW,1.002,1.0,Elevated heat-related health risk
2022-12-27,28.6,0.0,LOW,1.012,1.0,Elevated heat-related health risk
2022-12-28,29.4,0.0,LOW,1.027,1.0,Elevated heat-related health risk
2022-12-29,30.5,7.5,LOW,1.049,1.0,Elevated heat-related health risk
2022-12-30,30.0,7.5,LOW,1.039,1.0,Elevated heat-related health risk
2022-12-31,27.7,0.0,LOW,1.0,1.0,Baseline heat-related health risk
2023-01-01,27.7,0.0,LOW,1.0,1.0,Baseline heat-related health risk
2023-01-02,27.7,0.0,LOW,1.0,1.0,Baseline heat-related health risk
2023-01-03,27.4,0.0,LOW,1.0,1.0,Baseline heat-related health risk
2023-01-04,25.1,0.0,LOW,1.0,1.0,Baseline heat-related health risk
2023-01-05,25.9,7.5,LOW,1.0,1.0,Baseline heat-related health risk
2023-01-06,28.8,0.0,LOW,1.015,1.0,Elevated heat-related health risk
2023-01-07,30.0,7.5,LOW,1.039,1.0,Elevated heat-related health risk
2023-01-08,29.9,0.0,LOW,1.037,1.0,Elevated heat-related health risk
2023-01-09,29.9,0.0,LOW,1.037,1.0,Elevated heat-related health risk
2023-01-10,29.9,0.0,LOW,1.037,1.0,Elevated heat-related health risk
2023-01-11,29.9,0.0,LOW,1.037,1.0,Elevated heat-related health risk
2023-01-12,29.1,0.0,LOW,1.021,1.0,Elevated heat-related health risk
2023-01-13,26.2,0.0,LOW,1.0,1.0,Baseline heat-related health risk
2023-01-14,25.7,0.0,LOW,1.0,1.0,Baseline heat-related health risk
2023-01-15,25.2,7.5,LOW,1.0,1.0,Baseline heat-related health risk
2023-01-16,26.0,15.0,LOW,1.0,1.0,Baseline heat-related health risk
2023-01-17,27.1,7.5,LOW,1.0,1.0,Baseline heat-related health risk
2023-01-18,27.9,7.5,LOW,1.0,1.0,Baseline heat-related health risk
2023-01-19,29.2,0.0,LOW,1.023,1.0,Elevated heat-related health risk
2023-01-20,29.0,0.0,LOW,1.019,1.0,Elevated heat-related health risk
2023-01-21,27.8,7.5,LOW,1.0,1.0,Baseline heat-related health risk
2023-01-22,25.5,7.5,LOW,1.0,1.0,Baseline heat-related health risk
2023-01-23,25.9,7.5,LOW,1.0,1.0,Baseline heat-related health risk
2023-01-24,26.2,0.0,LOW,1.0,1.0,Baseline heat-related health risk
2023-01-25,26.4,7.5,LOW,1.0,1.0,Baseline heat-related health risk
2023-01-26,27.6,7.5,LOW,1.0,1.0,Baseline heat-related health risk
2023-01-27,28.9,0.0,LOW,1.017,1.0,Elevated heat-related health risk
2023-01-28,28.7,0.0,LOW,1.013,1.0,Elevated heat-related health risk
2023-01-29,28.0,0.0,LOW,1.0,1.0,Baseline heat-related health risk
2023-01-30,28.1,0.0,LOW,1.002,1.0,Elevated heat-related health risk
2023-01-31,27.9,0.0,LOW,1.0,1.0,Baseline heat-related health risk
2023-02-01,27.2,0.0,LOW,1.0,1.0,Baseline heat-related health risk
2023-02-02,29.2,0.0,LOW,1.023,1.0,Elevated heat-related health risk
2023-02-03,30.0,7.5,LOW,1.039,1.0,Elevated heat-related health risk
2023-02-04,30.6,7.5,LOW,1.051,1.0,Elevated heat-related health risk
2023-02-05,31.7,7.5,LOW,1.073,1.0,Elevated heat-related health risk
2023-02-06,30.2,7.5,LOW,1.043,1.0,Elevated heat-related health risk
2023-02-07,31.3,7.5,LOW,1.065,1.0,Elevated heat-related health risk
2023-02-08,31.6,7.5,LOW,1.071,1.0,Elevated heat-related health risk
2023-02-09,33.1,7.5,LOW,1.102,1.0,Elevated heat-related health risk
2023-02-10,32.8,7.5,LOW,1.096,1.0,Elevated heat-related health risk
2023-02-11,30.0,7.5,LOW,1.039,1.0,Elevated heat-related health risk
2023-02-12,32.9,7.5,LOW,1.098,1.0,Elevated heat-related health risk
2023-02-13,31.5,7.5,LOW,1.069,1.0,Elevated heat-related health risk
2023-02-14,33.0,7.5,LOW,1.1,1.0,Elevated heat-related health risk
2023-02-15,35.2,32.5,MODERATE,1.147,1.0,Elevated heat-related health risk
2023-02-16,36.9,32.5,MODERATE,1.185,1.0,Elevated heat-related health risk
2023-02-17,36.5,32.5,MODERATE,1.176,1.0,Elevated heat-related health risk
2023-02-18,36.5,32.5,MODERATE,1.176,1.0,Elevated heat-related health risk
2023-02-19,36.4,32.5,MODERATE,1.174,1.0,Elevated heat-related health risk
2023-02-20,36.5,32.5,MODERATE,1.176,1.0,Elevated heat-related health risk
2023-02-21,34.5,25.0,MODERATE,1.132,1.0,Elevated heat-related health risk
2023-02-22,33.9,17.5,LOW,1.119,1.0,Elevated heat-related health risk
2023-02-23,33.7,17.5,LOW,1.115,1.0,Elevated heat-related health risk
2023-02-24,34.7,25.0,MODERATE,1.136,1.0,Elevated heat-related health risk
2023-02-25,34.6,25.0,MODERATE,1.134,1.0,Elevated heat-related health risk
2023-02-26,34.9,25.0,MODERATE,1.141,1.0,Elevated heat-related health risk
2023-02-27,36.0,32.5,MODERATE,1.165,1.0,Elevated heat-related health risk
2023-02-28,35.9,32.5,MODERATE,1.163,1.0,Elevated heat-related health risk
2023-03-01,36.4,32.5,MODERATE,1.174,1.0,Elevated heat-related health risk
2023-03-02,37.1,32.5,MODERATE,1.189,1.0,Elevated heat-related health risk
2023-03-03,38.3,32.5,MODERATE,1.217,1.0,High heat-related health risk
2023-03-04,38.7,32.5,MODERATE,1.226,1.0,High heat-related health risk
2023-03-05,37.4,32.5,MODERATE,1.196,1.0,Elevated heat-related health risk
2023-03-06,36.4,32.5,MODERATE,1.174,1.0,Elevated heat-related health risk
2023-03-07,35.1,32.5,MODERATE,1.145,1.0,Elevated heat-related health risk
2023-03-08,36.0,32.5,MODERATE,1.165,1.0,Elevated heat-related health risk
2023-03-09,35.4,32.5,MODERATE,1.151,1.0,Elevated heat-related health risk
2023-03-10,35.5,32.5,MODERATE,1.154,1.0,Elevated heat-related health risk
2023-03-11,36.1,32.5,MODERATE,1.167,1.0,Elevated heat-related health risk
2023-03-12,37.4,32.5,MODERATE,1.196,1.0,Elevated heat-related health risk
2023-03-13,37.9,32.5,MODERATE,1.208,1.0,High heat-related health risk
2023-03-14,37.8,32.5,MODERATE,1.205,1.0,High heat-related health risk
2023-03-15,34.5,15.0,LOW,1.132,1.0,Elevated heat-related health risk
2023-03-16,36.0,32.5,MODERATE,1.165,1.0,Elevated heat-related health risk
2023-03-17,33.0,17.5,LOW,1.1,1.0,Elevated heat-related health risk
2023-03-18,33.9,25.0,MODERATE,1.119,1.0,Elevated heat-related health risk
2023-03-19,33.0,17.5,LOW,1.1,1.0,Elevated heat-related health risk
2023-03-20,32.7,17.5,LOW,1.094,1.0,Elevated heat-related health risk
2023-03-21,33.5,17.5,LOW,1.111,1.0,Elevated heat-related health risk
2023-03-22,32.7,17.5,LOW,1.094,1.0,Elevated heat-related health risk
2023-03-23,33.9,25.0,MODERATE,1.119,1.0,Elevated heat-related health risk
2023-03-24,33.5,17.5,LOW,1.111,1.0,Elevated heat-related health risk
2023-03-25,32.6,17.5,LOW,1.092,1.0,Elevated heat-related health risk
2023-03-26,33.8,17.5,LOW,1.117,1.0,Elevated heat-related health risk
2023-03-27,35.2,32.5,MODERATE,1.147,1.0,Elevated heat-related health risk
2023-03-28,35.0,32.5,MODERATE,1.143,1.0,Elevated heat-related health risk
2023-03-29,36.0,32.5,MODERATE,1.165,1.0,Elevated heat-related health risk
2023-03-30,32.4,25.0,MODERATE,1.087,1.0,Elevated heat-related health risk
2023-03-31,33.3,17.5,LOW,1.106,1.0,Elevated heat-related health risk
2023-04-01,35.0,32.5,MODERATE,1.143,1.0,Elevated heat-related health risk
2023-04-02,35.2,32.5,MODERATE,1.147,1.0,Elevated heat-related health risk
2023-04-03,36.6,32.5,MODERATE,1.178,1.0,Elevated heat-related health risk
2023-04-04,35.1,42.5,MODERATE,1.145,1.0,Elevated heat-related health risk
2023-04-05,36.7,42.5,MODERATE,1.18,1.0,Elevated heat-related health risk
2023-04-06,37.4,32.5,MODERATE,1.196,1.0,Elevated heat-related health risk
2023-04-07,36.7,32.5,MODERATE,1.18,1.0,Elevated heat-related health risk
2023-04-08,37.1,42.5,MODERATE,1.189,1.0,Elevated heat-related health risk
2023-04-09,38.7,42.5,MODERATE,1.226,1.0,High heat-related health risk
2023-04-10,39.5,42.5,MODERATE,1.245,1.0,High heat-related health risk
2023-04-11,40.0,57.5,HIGH,1.257,1.0,High heat-related health risk
2023-04-12,39.5,42.5,MODERATE,1.245,1.0,High heat-related health risk
2023-04-13,39.4,42.5,MODERATE,1.243,1.0,High heat-related health risk
2023-04-14,39.8,42.5,MODERATE,1.252,1.0,High heat-related health risk
2023-04-15,39.5,42.5,MODERATE,1.245,1.0,High heat-related health risk
2023-04-16,39.6,42.5,MODERATE,1.247,1.0,High heat-related health risk
2023-04-17,40.8,57.5,HIGH,1.276,1.0,High heat-related health risk
2023-04-18,40.4,57.5,HIGH,1.267,1.0,High heat-related health risk
2023-04-19,40.2,57.5,HIGH,1.262,1.0,High heat-related health risk
2023-04-20,38.0,42.5,MODERATE,1.21,1.0,High heat-related health risk
2023-04-21,38.5,42.5,MODERATE,1.222,1.0,High heat-related health risk
2023-04-22,38.9,32.5,MODERATE,1.231,1.0,High heat-related health risk
2023-04-23,40.4,40.0,MODERATE,1.267,1.0,High heat-related health risk
2023-04-24,39.5,32.5,MODERATE,1.245,1.0,High heat-related health risk
2023-04-25,40.0,40.0,MODERATE,1.257,1.0,High heat-related health risk
2023-04-26,39.7,50.0,HIGH,1.25,1.0,High heat-related health risk
2023-04-27,38.3,42.5,MODERATE,1.217,1.0,High heat-related health risk
2023-04-28,38.4,42.5,MODERATE,1.219,1.0,High heat-related health risk
2023-04-29,34.2,25.0,MODERATE,1.125,1.0,Elevated heat-related health risk
2023-04-30,32.6,35.0,MODERATE,1.092,1.0,Elevated heat-related health risk
2023-05-01,34.6,25.0,MODERATE,1.134,1.0,Elevated heat-related health risk
2023-05-02,35.0,42.5,MODERATE,1.143,1.0,Elevated heat-related health risk
2023-05-03,34.4,35.0,MODERATE,1.13,1.0,Elevated heat-related health risk
2023-05-04,37.5,42.5,MODERATE,1.198,1.0,Elevated heat-related health risk
2023-05-05,38.7,60.0,HIGH,1.226,1.0,High heat-related health risk
2023-05-06,37.6,42.5,MODERATE,1.201,1.0,High heat-related health risk
2023-05-07,40.0,57.5,HIGH,1.257,1.0,High heat-related health risk
2023-05-08,40.2,57.5,HIGH,1.262,1.0,High heat-related health risk
2023-05-09,42.7,67.5,HIGH,1.323,1.284,High heat-related health risk
2023-05-10,43.3,57.5,HIGH,1.339,1.592,High heat-related health risk
2023-05-11,43.1,57.5,HIGH,1.333,1.482,High heat-related health risk
2023-05-12,43.6,57.5,HIGH,1.346,1.772,High heat-related health risk
2023-05-13,43.7,57.5,HIGH,1.349,1.837,High heat-related health risk
2023-05-14,42.7,67.5,HIGH,1.323,1.284,High heat-related health risk
2023-05-15,41.9,67.5,HIGH,1.303,1.0,High heat-related health risk
2023-05-16,41.6,67.5,HIGH,1.296,1.0,High heat-related health risk
2023-05-17,41.3,67.5,HIGH,1.289,1.0,High heat-related health risk
2023-05-18,40.7,67.5,HIGH,1.274,1.0,High heat-related health risk
2023-05-19,42.0,75.0,EXTREME,1.306,1.0,High heat-related health risk
2023-05-20,42.1,67.5,HIGH,1.308,1.036,High heat-related health risk
2023-05-21,41.7,67.5,HIGH,1.298,1.0,High heat-related health risk
2023-05-22,41.5,67.5,HIGH,1.293,1.0,High heat-related health risk
2023-05-23,40.9,67.5,HIGH,1.279,1.0,High heat-related health risk
2023-05-24,42.6,75.0,EXTREME,1.321,1.239,High heat-related health risk
2023-05-25,41.6,57.5,HIGH,1.296,1.0,High heat-related health risk
2023-05-26,41.3,75.0,EXTREME,1.289,1.0,High heat-related health risk
2023-05-27,42.3,75.0,EXTREME,1.313,1.113,High heat-related health risk
2023-05-28,39.4,67.5,HIGH,1.243,1.0,High heat-related health risk
2023-05-29,36.9,50.0,HIGH,1.185,1.0,Elevated heat-related health risk
2023-05-30,37.7,60.0,HIGH,1.203,1.0,High heat-related health risk
2023-05-31,39.9,50.0,HIGH,1.255,1.0,High heat-related health risk
2023-06-01,41.7,57.5,HIGH,1.298,1.0,High heat-related health risk
2023-06-02,40.7,75.0,EXTREME,1.274,1.0,High heat-related health risk
2023-06-03,39.4,67.5,HIGH,1.243,1.0,High heat-related health risk
2023-06-04,40.6,75.0,EXTREME,1.271,1.0,High heat-related health risk
2023-06-05,41.6,75.0,EXTREME,1.296,1.0,High heat-related health risk
2023-06-06,41.6,75.0,EXTREME,1.296,1.0,High heat-related health risk
2023-06-07,42.4,75.0,EXTREME,1.316,1.154,High heat-related health risk
2023-06-08,41.5,75.0,EXTREME,1.293,1.0,High heat-related health risk
2023-06-09,41.8,75.0,EXTREME,1.301,1.0,High heat-related health risk
2023-06-10,41.0,75.0,EXTREME,1.281,1.0,High heat-related health risk
2023-06-11,39.3,67.5,HIGH,1.24,1.0,High heat-related health risk
2023-06-12,39.3,60.0,HIGH,1.24,1.0,High heat-related health risk
2023-06-13,36.8,50.0,HIGH,1.183,1.0,Elevated heat-related health risk
2023-06-14,36.7,50.0,HIGH,1.18,1.0,Elevated heat-related health risk
2023-06-15,34.3,32.5,MODERATE,1.128,1.0,Elevated heat-related health risk
2023-06-16,36.0,50.0,HIGH,1.165,1.0,Elevated heat-related health risk
2023-06-17,34.5,42.5,MODERATE,1.132,1.0,Elevated heat-related health risk
2023-06-18,36.6,50.0,HIGH,1.178,1.0,Elevated heat-related health risk
2023-06-19,37.6,60.0,HIGH,1.201,1.0,High heat-related health risk
2023-06-20,37.8,50.0,HIGH,1.205,1.0,High heat-related health risk
2023-06-21,39.0,60.0,HIGH,1.233,1.0,High heat-related health risk
2023-06-22,38.5,60.0,HIGH,1.222,1.0,High heat-related health risk
2023-06-23,38.8,60.0,HIGH,1.229,1.0,High heat-related health risk
2023-06-24,36.1,50.0,HIGH,1.167,1.0,Elevated heat-related health risk
2023-06-25,35.8,60.0,HIGH,1.16,1.0,Elevated heat-related health risk
2023-06-26,31.1,35.0,MODERATE,1.061,1.0,Elevated heat-related health risk
2023-06-27,29.9,17.5,LOW,1.037,1.0,Elevated heat-related health risk
2023-06-28,32.8,42.5,MODERATE,1.096,1.0,Elevated heat-related health risk
2023-06-29,29.4,17.5,LOW,1.027,1.0,Elevated heat-related health risk
2023-06-30,27.9,17.5,LOW,1.0,1.0,Baseline heat-related health risk
2023-07-01,29.8,27.5,MODERATE,1.035,1.0,Elevated heat-related health risk
2023-07-02,33.1,42.5,MODERATE,1.102,1.0,Elevated heat-related health risk
2023-07-03,33.9,60.0,HIGH,1.119,1.0,Elevated heat-related health risk
2023-07-04,33.8,60.0,HIGH,1.117,1.0,Elevated heat-related health risk
2023-07-05,33.6,52.5,HIGH,1.113,1.0,Elevated heat-related health risk
2023-07-06,31.4,42.5,MODERATE,1.067,1.0,Elevated heat-related health risk
2023-07-07,31.2,42.5,MODERATE,1.063,1.0,Elevated heat-related health risk
2023-07-08,32.1,42.5,MODERATE,1.081,1.0,Elevated heat-related health risk
2023-07-09,30.2,35.0,MODERATE,1.043,1.0,Elevated heat-related health risk
2023-07-10,31.0,42.5,MODERATE,1.059,1.0,Elevated heat-related health risk
2023-07-11,32.3,42.5,MODERATE,1.085,1.0,Elevated heat-related health risk
2023-07-12,32.7,52.5,HIGH,1.094,1.0,Elevated heat-related health risk
2023-07-13,32.4,42.5,MODERATE,1.087,1.0,Elevated heat-related health risk
2023-07-14,32.8,42.5,MODERATE,1.096,1.0,Elevated heat-related health risk
2023-07-15,29.7,27.5,MODERATE,1.033,1.0,Elevated heat-related health risk
2023-07-16,33.1,42.5,MODERATE,1.102,1.0,Elevated heat-related health risk
2023-07-17,32.6,52.5,HIGH,1.092,1.0,Elevated heat-related health risk
2023-07-18,31.0,42.5,MODERATE,1.059,1.0,Elevated heat-related health risk
2023-07-19,31.1,52.5,HIGH,1.061,1.0,Elevated heat-related health risk
2023-07-20,32.7,52.5,HIGH,1.094,1.0,Elevated heat-related health risk
2023-07-21,32.8,52.5,HIGH,1.096,1.0,Elevated heat-related health risk
2023-07-22,31.3,52.5,HIGH,1.065,1.0,Elevated heat-related health risk
2023-07-23,31.9,42.5,MODERATE,1.077,1.0,Elevated heat-related health risk
2023-07-24,31.4,42.5,MODERATE,1.067,1.0,Elevated heat-related health risk
2023-07-25,31.7,42.5,MODERATE,1.073,1.0,Elevated heat-related health risk
2023-07-26,32.1,42.5,MODERATE,1.081,1.0,Elevated heat-related health risk
2023-07-27,33.0,52.5,HIGH,1.1,1.0,Elevated heat-related health risk
2023-07-28,31.9,42.5,MODERATE,1.077,1.0,Elevated heat-related health risk
2023-07-29,31.7,42.5,MODERATE,1.073,1.0,Elevated heat-related health risk
2023-07-30,31.4,42.5,MODERATE,1.067,1.0,Elevated heat-related health risk
2023-07-31,31.3,42.5,MODERATE,1.065,1.0,Elevated heat-related health risk
2023-08-01,31.6,42.5,MODERATE,1.071,1.0,Elevated heat-related health risk
2023-08-02,32.8,42.5,MODERATE,1.096,1.0,Elevated heat-related health risk
2023-08-03,31.2,25.0,MODERATE,1.063,1.0,Elevated heat-related health risk
2023-08-04,31.7,42.5,MODERATE,1.073,1.0,Elevated heat-related health risk
2023-08-05,32.3,42.5,MODERATE,1.085,1.0,Elevated heat-related health risk
2023-08-06,32.6,42.5,MODERATE,1.092,1.0,Elevated heat-related health risk
2023-08-07,32.0,25.0,MODERATE,1.079,1.0,Elevated heat-related health risk
2023-08-08,32.0,25.0,MODERATE,1.079,1.0,Elevated heat-related health risk
2023-08-09,31.9,35.0,MODERATE,1.077,1.0,Elevated heat-related health risk
2023-08-10,32.0,42.5,MODERATE,1.079,1.0,Elevated heat-related health risk
2023-08-11,31.9,35.0,MODERATE,1.077,1.0,Elevated heat-related health risk
2023-08-12,31.7,35.0,MODERATE,1.073,1.0,Elevated heat-related health risk
2023-08-13,32.3,35.0,MODERATE,1.085,1.0,Elevated heat-related health risk
2023-08-14,32.5,35.0,MODERATE,1.09,1.0,Elevated heat-related health risk
2023-08-15,32.4,42.5,MODERATE,1.087,1.0,Elevated heat-related health risk
2023-08-16,33.2,35.0,MODERATE,1.104,1.0,Elevated heat-related health risk
2023-08-17,32.3,35.0,MODERATE,1.085,1.0,Elevated heat-related health risk
2023-08-18,32.9,35.0,MODERATE,1.098,1.0,Elevated heat-related health risk
2023-08-19,33.3,35.0,MODERATE,1.106,1.0,Elevated heat-related health risk
2023-08-20,31.5,35.0,MODERATE,1.069,1.0,Elevated heat-related health risk
2023-08-21,30.6,25.0,MODERATE,1.051,1.0,Elevated heat-related health risk
2023-08-22,32.8,42.5,MODERATE,1.096,1.0,Elevated heat-related health risk
2023-08-23,32.9,35.0,MODERATE,1.098,1.0,Elevated heat-related health risk
2023-08-24,33.6,42.5,MODERATE,1.113,1.0,Elevated heat-related health risk
2023-08-25,34.3,42.5,MODERATE,1.128,1.0,Elevated heat-related health risk
2023-08-26,33.7,35.0,MODERATE,1.115,1.0,Elevated heat-related health risk
2023-08-27,34.0,35.0,MODERATE,1.121,1.0,Elevated heat-related health risk
2023-08-28,34.7,35.0,MODERATE,1.136,1.0,Elevated heat-related health risk
2023-08-29,34.3,42.5,MODERATE,1.128,1.0,Elevated heat-related health risk
2023-08-30,34.1,35.0,MODERATE,1.123,1.0,Elevated heat-related health risk
2023-08-31,33.8,42.5,MODERATE,1.117,1.0,Elevated heat-related health risk
2023-09-01,34.8,52.5,HIGH,1.138,1.0,Elevated heat-related health risk
2023-09-02,34.9,42.5,MODERATE,1.141,1.0,Elevated heat-related health risk
2023-09-03,34.4,42.5,MODERATE,1.13,1.0,Elevated heat-related health risk
2023-09-04,34.5,35.0,MODERATE,1.132,1.0,Elevated heat-related health risk
2023-09-05,35.8,50.0,HIGH,1.16,1.0,Elevated heat-related health risk
2023-09-06,36.7,50.0,HIGH,1.18,1.0,Elevated heat-related health risk
2023-09-07,36.0,60.0,HIGH,1.165,1.0,Elevated heat-related health risk
2023-09-08,36.3,60.0,HIGH,1.171,1.0,Elevated heat-related health risk
2023-09-09,36.6,50.0,HIGH,1.178,1.0,Elevated heat-related health risk
2023-09-10,35.3,50.0,HIGH,1.149,1.0,Elevated heat-related health risk
2023-09-11,35.7,50.0,HIGH,1.158,1.0,Elevated heat-related health risk
2023-09-12,34.9,42.5,MODERATE,1.141,1.0,Elevated heat-related health risk
2023-09-13,33.9,42.5,MODERATE,1.119,1.0,Elevated heat-related health risk
2023-09-14,34.3,42.5,MODERATE,1.128,1.0,Elevated heat-related health risk
2023-09-15,32.5,42.5,MODERATE,1.09,1.0,Elevated heat-related health risk
2023-09-16,33.0,42.5,MODERATE,1.1,1.0,Elevated heat-related health risk
2023-09-17,28.0,17.5,LOW,1.0,1.0,Baseline heat-related health risk
2023-09-18,26.4,0.0,LOW,1.0,1.0,Baseline heat-related health risk
2023-09-19,29.1,17.5,LOW,1.021,1.0,Elevated heat-related health risk
2023-09-20,30.4,42.5,MODERATE,1.047,1.0,Elevated heat-related health risk
2023-09-21,32.5,42.5,MODERATE,1.09,1.0,Elevated heat-related health risk
2023-09-22,32.2,42.5,MODERATE,1.083,1.0,Elevated heat-related health risk
2023-09-23,31.3,42.5,MODERATE,1.065,1.0,Elevated heat-related health risk
2023-09-24,30.5,35.0,MODERATE,1.049,1.0,Elevated heat-related health risk
2023-09-25,31.0,42.5,MODERATE,1.059,1.0,Elevated heat-related health risk
2023-09-26,32.3,52.5,HIGH,1.085,1.0,Elevated heat-related health risk
2023-09-27,31.7,42.5,MODERATE,1.073,1.0,Elevated heat-related health risk
2023-09-28,33.1,60.0,HIGH,1.102,1.0,Elevated heat-related health risk
2023-09-29,34.0,52.5,HIGH,1.121,1.0,Elevated heat-related health risk
2023-09-30,35.6,60.0,HIGH,1.156,1.0,Elevated heat-related health risk
2023-10-01,35.7,60.0,HIGH,1.158,1.0,Elevated heat-related health risk
2023-10-02,33.6,42.5,MODERATE,1.113,1.0,Elevated heat-related health risk
2023-10-03,33.6,42.5,MODERATE,1.113,1.0,Elevated heat-related health risk
2023-10-04,33.2,42.5,MODERATE,1.104,1.0,Elevated heat-related health risk
2023-10-05,33.0,42.5,MODERATE,1.1,1.0,Elevated heat-related health risk
2023-10-06,32.3,42.5,MODERATE,1.085,1.0,Elevated heat-related health risk
2023-10-07,32.5,35.0,MODERATE,1.09,1.0,Elevated heat-related health risk
2023-10-08,33.4,42.5,MODERATE,1.108,1.0,Elevated heat-related health risk
2023-10-09,33.6,42.5,MODERATE,1.113,1.0,Elevated heat-related health risk
2023-10-10,32.3,42.5,MODERATE,1.085,1.0,Elevated heat-related health risk
2023-10-11,33.9,35.0,MODERATE,1.119,1.0,Elevated heat-related health risk
2023-10-12,34.5,35.0,MODERATE,1.132,1.0,Elevated heat-related health risk
2023-10-13,35.5,50.0,HIGH,1.154,1.0,Elevated heat-related health risk
2023-10-14,35.3,52.5,HIGH,1.149,1.0,Elevated heat-related health risk
2023-10-15,33.3,42.5,MODERATE,1.106,1.0,Elevated heat-related health risk
2023-10-16,34.0,35.0,MODERATE,1.121,1.0,Elevated heat-related health risk
2023-10-17,33.6,35.0,MODERATE,1.113,1.0,Elevated heat-related health risk
2023-10-18,33.3,35.0,MODERATE,1.106,1.0,Elevated heat-related health risk
2023-10-19,33.9,35.0,MODERATE,1.119,1.0,Elevated heat-related health risk
2023-10-20,35.2,42.5,MODERATE,1.147,1.0,Elevated heat-related health risk
2023-10-21,34.5,35.0,MODERATE,1.132,1.0,Elevated heat-related health risk
2023-10-22,35.0,42.5,MODERATE,1.143,1.0,Elevated heat-related health risk
2023-10-23,34.0,35.0,MODERATE,1.121,1.0,Elevated heat-related health risk
2023-10-24,34.5,35.0,MODERATE,1.132,1.0,Elevated heat-related health risk
2023-10-25,34.0,35.0,MODERATE,1.121,1.0,Elevated heat-related health risk
2023-10-26,34.5,25.0,MODERATE,1.132,1.0,Elevated heat-related health risk
2023-10-27,34.0,25.0,MODERATE,1.121,1.0,Elevated heat-related health risk
2023-10-28,33.3,25.0,MODERATE,1.106,1.0,Elevated heat-related health risk
2023-10-29,34.6,25.0,MODERATE,1.134,1.0,Elevated heat-related health risk
2023-10-30,34.5,25.0,MODERATE,1.132,1.0,Elevated heat-related health risk
2023-10-31,34.2,25.0,MODERATE,1.125,1.0,Elevated heat-related health risk
2023-11-01,34.1,25.0,MODERATE,1.123,1.0,Elevated heat-related health risk
2023-11-02,33.8,25.0,MODERATE,1.117,1.0,Elevated heat-related health risk
2023-11-03,34.4,25.0,MODERATE,1.13,1.0,Elevated heat-related health risk
2023-11-04,34.4,25.0,MODERATE,1.13,1.0,Elevated heat-related health risk
2023-11-05,34.8,25.0,MODERATE,1.138,1.0,Elevated heat-related health risk
2023-11-06,34.2,25.0,MODERATE,1.125,1.0,Elevated heat-related health risk
2023-11-07,34.2,25.0,MODERATE,1.125,1.0,Elevated heat-related health risk
2023-11-08,34.5,25.0,MODERATE,1.132,1.0,Elevated heat-related health risk
2023-11-09,34.7,25.0,MODERATE,1.136,1.0,Elevated heat-related health risk
2023-11-10,34.7,25.0,MODERATE,1.136,1.0,Elevated heat-related health risk
2023-11-11,33.5,17.5,LOW,1.111,1.0,Elevated heat-related health risk
2023-11-12,33.0,7.5,LOW,1.1,1.0,Elevated heat-related health risk
2023-11-13,31.8,17.5,LOW,1.075,1.0,Elevated heat-related health risk
2023-11-14,32.1,17.5,LOW,1.081,1.0,Elevated heat-related health risk
2023-11-15,32.0,7.5,LOW,1.079,1.0,Elevated heat-related health risk
2023-11-16,31.8,7.5,LOW,1.075,1.0,Elevated heat-related health risk
2023-11-17,31.4,17.5,LOW,1.067,1.0,Elevated heat-related health risk
2023-11-18,31.2,17.5,LOW,1.063,1.0,Elevated heat-related health risk
2023-11-19,32.5,17.5,LOW,1.09,1.0,Elevated heat-related health risk
2023-11-20,33.4,25.0,MODERATE,1.108,1.0,Elevated heat-related health risk
2023-11-21,32.8,25.0,MODERATE,1.096,1.0,Elevated heat-related health risk
2023-11-22,31.8,17.5,LOW,1.075,1.0,Elevated heat-related health risk
2023-11-23,30.8,7.5,LOW,1.055,1.0,Elevated heat-related health risk
2023-11-24,32.5,7.5,LOW,1.09,1.0,Elevated heat-related health risk
2023-11-25,32.6,25.0,MODERATE,1.092,1.0,Elevated heat-related health risk
2023-11-26,30.7,17.5,LOW,1.053,1.0,Elevated heat-related health risk
2023-11-27,26.8,0.0,LOW,1.0,1.0,Baseline heat-related health risk
2023-11-28,26.5,0.0,LOW,1.0,1.0,Baseline heat-related health risk
2023-11-29,27.4,0.0,LOW,1.0,1.0,Baseline heat-related health risk
2023-11-30,28.3,0.0,LOW,1.006,1.0,Elevated heat-related health risk
2023-12-01,27.6,0.0,LOW,1.0,1.0,Baseline heat-related health risk
2023-12-02,28.3,0.0,LOW,1.006,1.0,Elevated heat-related health risk
2023-12-03,28.4,10.0,LOW,1.008,1.0,Elevated heat-related health risk
2023-12-04,27.9,0.0,LOW,1.0,1.0,Baseline heat-related health risk
2023-12-05,27.7,0.0,LOW,1.0,1.0,Baseline heat-related health risk
2023-12-06,27.5,0.0,LOW,1.0,1.0,Baseline heat-related health risk
2023-12-07,27.8,0.0,LOW,1.0,1.0,Baseline heat-related health risk
2023-12-08,28.3,0.0,LOW,1.006,1.0,Elevated heat-related health risk
2023-12-09,28.5,0.0,LOW,1.01,1.0,Elevated heat-related health risk
2023-12-10,28.8,0.0,LOW,1.015,1.0,Elevated heat-related health risk
2023-12-11,28.7,0.0,LOW,1.013,1.0,Elevated heat-related health risk
2023-12-12,28.6,0.0,LOW,1.012,1.0,Elevated heat-related health risk
2023-12-13,28.9,0.0,LOW,1.017,1.0,Elevated heat-related health risk
2023-12-14,29.5,0.0,LOW,1.029,1.0,Elevated heat-related health risk
2023-12-15,30.4,7.5,LOW,1.047,1.0,Elevated heat-related health risk
2023-12-16,29.5,0.0,LOW,1.029,1.0,Elevated heat-related health risk
2023-12-17,28.4,0.0,LOW,1.008,1.0,Elevated heat-related health risk
2023-12-18,27.4,0.0,LOW,1.0,1.0,Baseline heat-related health risk
2023-12-19,26.2,0.0,LOW,1.0,1.0,Baseline heat-related health risk
2023-12-20,26.2,0.0,LOW,1.0,1.0,Baseline heat-related health risk
2023-12-21,27.8,0.0,LOW,1.0,1.0,Baseline heat-related health risk
2023-12-22,28.8,0.0,LOW,1.015,1.0,Elevated heat-related health risk
2023-12-23,29.8,0.0,LOW,1.035,1.0,Elevated heat-related health risk
2023-12-24,30.2,7.5,LOW,1.043,1.0,Elevated heat-related health risk
2023-12-25,30.1,7.5,LOW,1.041,1.0,Elevated heat-related health risk
2023-12-26,30.3,17.5,LOW,1.045,1.0,Elevated heat-related health risk
2023-12-27,29.9,0.0,LOW,1.037,1.0,Elevated heat-related health risk
2023-12-28,29.9,0.0,LOW,1.037,1.0,Elevated heat-related health risk
2023-12-29,29.7,0.0,LOW,1.033,1.0,Elevated heat-related health risk
2023-12-30,29.8,0.0,LOW,1.035,1.0,Elevated heat-related health risk
2023-12-31,28.9,0.0,LOW,1.017,1.0,Elevated heat-related health risk
2024-01-01,28.3,0.0,LOW,1.006,1.0,Elevated heat-related health risk
2024-01-02,27.9,0.0,LOW,1.0,1.0,Baseline heat-related health risk
2024-01-03,26.9,0.0,LOW,1.0,1.0,Baseline heat-related health risk
2024-01-04,26.4,0.0,LOW,1.0,1.0,Baseline heat-related health risk
2024-01-05,25.9,0.0,LOW,1.0,1.0,Baseline heat-related health risk
2024-01-06,26.1,0.0,LOW,1.0,1.0,Baseline heat-related health risk
2024-01-07,26.5,0.0,LOW,1.0,1.0,Baseline heat-related health risk
2024-01-08,27.5,0.0,LOW,1.0,1.0,Baseline heat-related health risk
2024-01-09,27.9,0.0,LOW,1.0,1.0,Baseline heat-related health risk
2024-01-10,27.9,0.0,LOW,1.0,1.0,Baseline heat-related health risk
2024-01-11,28.6,0.0,LOW,1.012,1.0,Elevated heat-related health risk
2024-01-12,28.9,10.0,LOW,1.017,1.0,Elevated heat-related health risk
2024-01-13,28.8,0.0,LOW,1.015,1.0,Elevated heat-related health risk
2024-01-14,27.7,0.0,LOW,1.0,1.0,Baseline heat-related health risk
2024-01-15,26.7,7.5,LOW,1.0,1.0,Baseline heat-related health risk
2024-01-16,26.5,0.0,LOW,1.0,1.0,Baseline heat-related health risk
2024-01-17,26.5,0.0,LOW,1.0,1.0,Baseline heat-related health risk
2024-01-18,27.7,0.0,LOW,1.0,1.0,Baseline heat-related health risk
2024-01-19,27.3,0.0,LOW,1.0,1.0,Baseline heat-related health risk
2024-01-20,26.8,0.0,LOW,1.0,1.0,Baseline heat-related health risk
2024-01-21,26.7,0.0,LOW,1.0,1.0,Baseline heat-related health risk
2024-01-22,27.0,0.0,LOW,1.0,1.0,Baseline heat-related health risk
2024-01-23,27.3,7.5,LOW,1.0,1.0,Baseline heat-related health risk
2024-01-24,27.1,0.0,LOW,1.0,1.0,Baseline heat-related health risk
2024-01-25,27.5,0.0,LOW,1.0,1.0,Baseline heat-related health risk
2024-01-26,27.9,0.0,LOW,1.0,1.0,Baseline heat-related health risk
2024-01-27,29.2,0.0,LOW,1.023,1.0,Elevated heat-related health risk
2024-01-28,29.6,0.0,LOW,1.031,1.0,Elevated heat-related health risk
2024-01-29,27.9,0.0,LOW,1.0,1.0,Baseline heat-related health risk
2024-01-30,29.1,0.0,LOW,1.021,1.0,Elevated heat-related health risk
2024-01-31,29.1,0.0,LOW,1.021,1.0,Elevated heat-related health risk
2024-02-01,29.0,0.0,LOW,1.019,1.0,Elevated heat-related health risk
2024-02-02,29.7,0.0,LOW,1.033,1.0,Elevated heat-related health risk
2024-02-03,31.9,17.5,LOW,1.077,1.0,Elevated heat-related health risk
2024-02-04,32.8,17.5,LOW,1.096,1.0,Elevated heat-related health risk
2024-02-05,30.0,17.5,LOW,1.039,1.0,Elevated heat-related health risk
2024-02-06,30.6,17.5,LOW,1.051,1.0,Elevated heat-related health risk
2024-02-07,30.3,7.5,LOW,1.045,1.0,Elevated heat-related health risk
2024-02-08,28.0,0.0,LOW,1.0,1.0,Baseline heat-related health risk
2024-02-09,28.5,0.0,LOW,1.01,1.0,Elevated heat-related health risk
2024-02-10,29.5,0.0,LOW,1.029,1.0,Elevated heat-related health risk
2024-02-11,29.5,0.0,LOW,1.029,1.0,Elevated heat-related health risk
2024-02-12,29.4,0.0,LOW,1.027,1.0,Elevated heat-related health risk
2024-02-13,29.6,0.0,LOW,1.031,1.0,Elevated heat-related health risk
2024-02-14,30.1,7.5,LOW,1.041,1.0,Elevated heat-related health risk
2024-02-15,32.0,7.5,LOW,1.079,1.0,Elevated heat-related health risk
2024-02-16,33.9,25.0,MODERATE,1.119,1.0,Elevated heat-related health risk
2024-02-17,34.7,25.0,MODERATE,1.136,1.0,Elevated heat-related health risk
2024-02-18,34.3,17.5,LOW,1.128,1.0,Elevated heat-related health risk
2024-02-19,34.3,15.0,LOW,1.128,1.0,Elevated heat-related health risk
2024-02-20,32.4,17.5,LOW,1.087,1.0,Elevated heat-related health risk
2024-02-21,30.4,7.5,LOW,1.047,1.0,Elevated heat-related health risk
2024-02-22,29.9,0.0,LOW,1.037,1.0,Elevated heat-related health risk
2024-02-23,29.8,0.0,LOW,1.035,1.0,Elevated heat-related health risk
2024-02-24,30.6,7.5,LOW,1.051,1.0,Elevated heat-related health risk
2024-02-25,31.4,7.5,LOW,1.067,1.0,Elevated heat-related health risk
2024-02-26,33.1,7.5,LOW,1.102,1.0,Elevated heat-related health risk
2024-02-27,34.7,35.0,MODERATE,1.136,1.0,Elevated heat-related health risk
2024-02-28,34.1,25.0,MODERATE,1.123,1.0,Elevated heat-related health risk
2024-02-29,37.0,42.5,MODERATE,1.187,1.0,Elevated heat-related health risk
2024-03-01,36.9,32.5,MODERATE,1.185,1.0,Elevated heat-related health risk
2024-03-02,30.1,17.5,LOW,1.041,1.0,Elevated heat-related health risk
2024-03-03,25.3,0.0,LOW,1.0,1.0,Baseline heat-related health risk
2024-03-04,27.6,0.0,LOW,1.0,1.0,Baseline heat-related health risk
2024-03-05,30.4,7.5,LOW,1.047,1.0,Elevated heat-related health risk
2024-03-06,31.8,7.5,LOW,1.075,1.0,Elevated heat-related health risk
2024-03-07,32.3,7.5,LOW,1.085,1.0,Elevated heat-related health risk
2024-03-08,32.5,7.5,LOW,1.09,1.0,Elevated heat-related health risk
2024-03-09,32.4,7.5,LOW,1.087,1.0,Elevated heat-related health risk
2024-03-10,33.9,17.5,LOW,1.119,1.0,Elevated heat-related health risk
2024-03-11,35.1,32.5,MODERATE,1.145,1.0,Elevated heat-related health risk
2024-03-12,34.9,25.0,MODERATE,1.141,1.0,Elevated heat-related health risk
2024-03-13,34.4,25.0,MODERATE,1.13,1.0,Elevated heat-related health risk
2024-03-14,33.5,17.5,LOW,1.111,1.0,Elevated heat-related health risk
2024-03-15,34.1,17.5,LOW,1.123,1.0,Elevated heat-related health risk
2024-03-16,35.1,32.5,MODERATE,1.145,1.0,Elevated heat-related health risk
2024-03-17,35.8,32.5,MODERATE,1.16,1.0,Elevated heat-related health risk
2024-03-18,36.2,32.5,MODERATE,1.169,1.0,Elevated heat-related health risk
2024-03-19,36.9,32.5,MODERATE,1.185,1.0,Elevated heat-related health risk
2024-03-20,38.2,32.5,MODERATE,1.215,1.0,High heat-related health risk
2024-03-21,38.0,32.5,MODERATE,1.21,1.0,High heat-related health risk
2024-03-22,38.3,32.5,MODERATE,1.217,1.0,High heat-related health risk
2024-03-23,38.5,42.5,MODERATE,1.222,1.0,High heat-related health risk
2024-03-24,37.3,42.5,MODERATE,1.194,1.0,Elevated heat-related health risk
2024-03-25,38.8,42.5,MODERATE,1.229,1.0,High heat-related health risk
2024-03-26,40.0,57.5,HIGH,1.257,1.0,High heat-related health risk
2024-03-27,40.8,57.5,HIGH,1.276,1.0,High heat-related health risk
2024-03-28,40.4,57.5,HIGH,1.267,1.0,High heat-related health risk
2024-03-29,39.8,50.0,HIGH,1.252,1.0,High heat-related health risk
2024-03-30,37.9,32.5,MODERATE,1.208,1.0,High heat-related health risk
2024-03-31,37.1,32.5,MODERATE,1.189,1.0,Elevated heat-related health risk
2024-04-01,38.1,32.5,MODERATE,1.212,1.0,High heat-related health risk
2024-04-02,37.5,32.5,MODERATE,1.198,1.0,Elevated heat-related health risk
2024-04-03,37.3,32.5,MODERATE,1.194,1.0,Elevated heat-related health risk
2024-04-04,37.5,32.5,MODERATE,1.198,1.0,Elevated heat-related health risk
2024-04-05,37.5,32.5,MODERATE,1.198,1.0,Elevated heat-related health risk
2024-04-06,37.9,32.5,MODERATE,1.208,1.0,High heat-related health risk
2024-04-07,38.8,32.5,MODERATE,1.229,1.0,High heat-related health risk
2024-04-08,40.1,50.0,HIGH,1.259,1.0,High heat-related health risk
2024-04-09,41.0,57.5,HIGH,1.281,1.0,High heat-related health risk
2024-04-10,40.0,50.0,HIGH,1.257,1.0,High heat-related health risk
2024-04-11,40.5,57.5,HIGH,1.269,1.0,High heat-related health risk
2024-04-12,38.9,42.5,MODERATE,1.231,1.0,High heat-related health risk
2024-04-13,38.7,50.0,HIGH,1.226,1.0,High heat-related health risk
2024-04-14,39.5,60.0,HIGH,1.245,1.0,High heat-related health risk
2024-04-15,40.8,67.5,HIGH,1.276,1.0,High heat-related health risk
2024-04-16,41.3,57.5,HIGH,1.289,1.0,High heat-related health risk
2024-04-17,42.9,67.5,HIGH,1.328,1.38,High heat-related health risk
2024-04-18,41.6,57.5,HIGH,1.296,1.0,High heat-related health risk
2024-04-19,39.7,50.0,HIGH,1.25,1.0,High heat-related health risk
2024-04-20,37.9,42.5,MODERATE,1.208,1.0,High heat-related health risk
2024-04-21,38.3,42.5,MODERATE,1.217,1.0,High heat-related health risk
2024-04-22,38.5,42.5,MODERATE,1.222,1.0,High heat-related health risk
2024-04-23,39.4,42.5,MODERATE,1.243,1.0,High heat-related health risk
2024-04-24,40.9,57.5,HIGH,1.279,1.0,High heat-related health risk
2024-04-25,40.8,67.5,HIGH,1.276,1.0,High heat-related health risk
2024-04-26,40.3,50.0,HIGH,1.264,1.0,High heat-related health risk
2024-04-27,39.8,42.5,MODERATE,1.252,1.0,High heat-related health risk
2024-04-28,40.8,40.0,MODERATE,1.276,1.0,High heat-related health risk
2024-04-29,40.7,57.5,HIGH,1.274,1.0,High heat-related health risk
2024-04-30,40.6,40.0,MODERATE,1.271,1.0,High heat-related health risk
2024-05-01,40.8,40.0,MODERATE,1.276,1.0,High heat-related health risk
2024-05-02,40.3,40.0,MODERATE,1.264,1.0,High heat-related health risk
2024-05-03,42.1,57.5,HIGH,1.308,1.036,High heat-related health risk
2024-05-04,41.4,57.5,HIGH,1.291,1.0,High heat-related health risk
2024-05-05,39.5,50.0,HIGH,1.245,1.0,High heat-related health risk
2024-05-06,41.0,57.5,HIGH,1.281,1.0,High heat-related health risk
2024-05-07,43.1,75.0,EXTREME,1.333,1.482,High heat-related health risk
2024-05-08,42.7,67.5,HIGH,1.323,1.284,High heat-related health risk
2024-05-09,42.4,67.5,HIGH,1.316,1.154,High heat-related health risk
2024-05-10,42.2,75.0,EXTREME,1.311,1.074,High heat-related health risk
2024-05-11,41.0,75.0,EXTREME,1.281,1.0,High heat-related health risk
2024-05-12,41.7,75.0,EXTREME,1.298,1.0,High heat-related health risk
2024-05-13,39.5,60.0,HIGH,1.245,1.0,High heat-related health risk
2024-05-14,40.0,67.5,HIGH,1.257,1.0,High heat-related health risk
2024-05-15,41.0,67.5,HIGH,1.281,1.0,High heat-related health risk
2024-05-16,42.7,67.5,HIGH,1.323,1.284,High heat-related health risk
2024-05-17,45.0,79.5,EXTREME,1.383,2.924,High heat-related health risk
2024-05-18,45.4,79.5,EXTREME,1.393,3.374,Very high heat-related health risk
2024-05-19,45.5,69.5,HIGH,1.396,3.497,Very high heat-related health risk
2024-05-20,44.7,57.5,HIGH,1.375,2.627,High heat-related health risk
2024-05-21,45.2,79.5,EXTREME,1.388,3.141,Very high heat-related health risk
2024-05-22,45.9,79.5,EXTREME,1.407,4.035,Very high heat-related health risk
2024-05-23,46.5,79.5,EXTREME,1.423,5.0,Very high heat-related health risk
2024-05-24,45.8,79.5,EXTREME,1.404,3.893,Very high heat-related health risk
2024-05-25,44.6,75.0,EXTREME,1.372,2.534,High heat-related health risk
2024-05-26,43.9,75.0,EXTREME,1.354,1.973,High heat-related health risk
2024-05-27,44.3,75.0,EXTREME,1.364,2.277,High heat-related health risk
2024-05-28,44.2,75.0,EXTREME,1.362,2.197,High heat-related health risk
2024-05-29,42.9,75.0,EXTREME,1.328,1.38,High heat-related health risk
2024-05-30,42.5,75.0,EXTREME,1.318,1.196,High heat-related health risk
2024-05-31,41.9,75.0,EXTREME,1.303,1.0,High heat-related health risk
2024-06-01,41.9,67.5,HIGH,1.303,1.0,High heat-related health risk
2024-06-02,41.6,67.5,HIGH,1.296,1.0,High heat-related health risk
2024-06-03,41.3,75.0,EXTREME,1.289,1.0,High heat-related health risk
2024-06-04,40.9,75.0,EXTREME,1.279,1.0,High heat-related health risk
2024-06-05,41.3,67.5,HIGH,1.289,1.0,High heat-related health risk
2024-06-06,41.6,75.0,EXTREME,1.296,1.0,High heat-related health risk
2024-06-07,41.6,75.0,EXTREME,1.296,1.0,High heat-related health risk
2024-06-08,40.9,75.0,EXTREME,1.279,1.0,High heat-related health risk
2024-06-09,42.2,75.0,EXTREME,1.311,1.074,High heat-related health risk
2024-06-10,40.9,75.0,EXTREME,1.279,1.0,High heat-related health risk
2024-06-11,41.3,75.0,EXTREME,1.289,1.0,High heat-related health risk
2024-06-12,40.8,75.0,EXTREME,1.276,1.0,High heat-related health risk
2024-06-13,41.2,67.5,HIGH,1.286,1.0,High heat-related health risk
2024-06-14,40.7,67.5,HIGH,1.274,1.0,High heat-related health risk
2024-06-15,39.9,60.0,HIGH,1.255,1.0,High heat-related health risk
2024-06-16,41.0,75.0,EXTREME,1.281,1.0,High heat-related health risk
2024-06-17,40.9,75.0,EXTREME,1.279,1.0,High heat-related health risk
2024-06-18,40.0,75.0,EXTREME,1.257,1.0,High heat-related health risk
2024-06-19,40.5,75.0,EXTREME,1.269,1.0,High heat-related health risk
2024-06-20,41.9,75.0,EXTREME,1.303,1.0,High heat-related health risk
2024-06-21,41.3,75.0,EXTREME,1.289,1.0,High heat-related health risk
2024-06-22,40.2,75.0,EXTREME,1.262,1.0,High heat-related health risk
2024-06-23,41.7,75.0,EXTREME,1.298,1.0,High heat-related health risk
2024-06-24,40.0,81.0,EXTREME,1.257,1.0,High heat-related health risk
2024-06-25,35.1,67.5,HIGH,1.145,1.0,Elevated heat-related health risk
2024-06-26,37.3,67.5,HIGH,1.194,1.0,Elevated heat-related health risk
2024-06-27,35.1,57.5,HIGH,1.145,1.0,Elevated heat-related health risk
2024-06-28,32.5,42.5,MODERATE,1.09,1.0,Elevated heat-related health risk
2024-06-29,31.6,42.5,MODERATE,1.071,1.0,Elevated heat-related health risk
2024-06-30,31.2,42.5,MODERATE,1.063,1.0,Elevated heat-related health risk
2024-07-01,28.6,17.5,LOW,1.012,1.0,Elevated heat-related health risk
2024-07-02,29.4,17.5,LOW,1.027,1.0,Elevated heat-related health risk
2024-07-03,33.6,60.0,HIGH,1.113,1.0,Elevated heat-related health risk
2024-07-04,33.4,52.5,HIGH,1.108,1.0,Elevated heat-related health risk
2024-07-05,30.6,35.0,MODERATE,1.051,1.0,Elevated heat-related health risk
2024-07-06,32.8,42.5,MODERATE,1.096,1.0,Elevated heat-related health risk
2024-07-07,33.3,42.5,MODERATE,1.106,1.0,Elevated heat-related health risk
2024-07-08,33.2,52.5,HIGH,1.104,1.0,Elevated heat-related health risk
2024-07-09,32.7,52.5,HIGH,1.094,1.0,Elevated heat-related health risk
2024-07-10,32.7,42.5,MODERATE,1.094,1.0,Elevated heat-related health risk
2024-07-11,32.9,52.5,HIGH,1.098,1.0,Elevated heat-related health risk
2024-07-12,32.7,42.5,MODERATE,1.094,1.0,Elevated heat-related health risk
2024-07-13,33.1,42.5,MODERATE,1.102,1.0,Elevated heat-related health risk
2024-07-14,33.1,52.5,HIGH,1.102,1.0,Elevated heat-related health risk
2024-07-15,30.7,42.5,MODERATE,1.053,1.0,Elevated heat-related health risk
2024-07-16,32.8,60.0,HIGH,1.096,1.0,Elevated heat-related health risk
2024-07-17,32.8,42.5,MODERATE,1.096,1.0,Elevated heat-related health risk
2024-07-18,33.6,52.5,HIGH,1.113,1.0,Elevated heat-related health risk
2024-07-19,31.7,42.5,MODERATE,1.073,1.0,Elevated heat-related health risk
2024-07-20,32.4,42.5,MODERATE,1.087,1.0,Elevated heat-related health risk
2024-07-21,33.1,42.5,MODERATE,1.102,1.0,Elevated heat-related health risk
2024-07-22,30.8,42.5,MODERATE,1.055,1.0,Elevated heat-related health risk
2024-07-23,31.7,42.5,MODERATE,1.073,1.0,Elevated heat-related health risk
2024-07-24,29.3,17.5,LOW,1.025,1.0,Elevated heat-related health risk
2024-07-25,30.4,25.0,MODERATE,1.047,1.0,Elevated heat-related health risk
2024-07-26,31.1,42.5,MODERATE,1.061,1.0,Elevated heat-related health risk
2024-07-27,30.3,25.0,MODERATE,1.045,1.0,Elevated heat-related health risk
2024-07-28,31.4,42.5,MODERATE,1.067,1.0,Elevated heat-related health risk
2024-07-29,28.1,17.5,LOW,1.002,1.0,Elevated heat-related health risk
2024-07-30,31.5,42.5,MODERATE,1.069,1.0,Elevated heat-related health risk
2024-07-31,32.4,42.5,MODERATE,1.087,1.0,Elevated heat-related health risk
2024-08-01,30.8,35.0,MODERATE,1.055,1.0,Elevated heat-related health risk
2024-08-02,29.1,17.5,LOW,1.021,1.0,Elevated heat-related health risk
2024-08-03,29.0,17.5,LOW,1.019,1.0,Elevated heat-related health risk
2024-08-04,30.1,35.0,MODERATE,1.041,1.0,Elevated heat-related health risk
2024-08-05,29.3,17.5,LOW,1.025,1.0,Elevated heat-related health risk
2024-08-06,31.3,35.0,MODERATE,1.065,1.0,Elevated heat-related health risk
2024-08-07,31.7,35.0,MODERATE,1.073,1.0,Elevated heat-related health risk
2024-08-08,31.1,35.0,MODERATE,1.061,1.0,Elevated heat-related health risk
2024-08-09,29.9,27.5,MODERATE,1.037,1.0,Elevated heat-related health risk
2024-08-10,29.6,17.5,LOW,1.031,1.0,Elevated heat-related health risk
2024-08-11,29.0,17.5,LOW,1.019,1.0,Elevated heat-related health risk
2024-08-12,30.5,35.0,MODERATE,1.049,1.0,Elevated heat-related health risk
2024-08-13,31.1,35.0,MODERATE,1.061,1.0,Elevated heat-related health risk
2024-08-14,31.4,42.5,MODERATE,1.067,1.0,Elevated heat-related health risk
2024-08-15,31.1,42.5,MODERATE,1.061,1.0,Elevated heat-related health risk
2024-08-16,31.7,42.5,MODERATE,1.073,1.0,Elevated heat-related health risk
2024-08-17,32.3,42.5,MODERATE,1.085,1.0,Elevated heat-related health risk
2024-08-18,32.7,42.5,MODERATE,1.094,1.0,Elevated heat-related health risk
2024-08-19,32.6,52.5,HIGH,1.092,1.0,Elevated heat-related health risk
2024-08-20,31.1,42.5,MODERATE,1.061,1.0,Elevated heat-related health risk
2024-08-21,31.9,42.5,MODERATE,1.077,1.0,Elevated heat-related health risk
2024-08-22,32.0,42.5,MODERATE,1.079,1.0,Elevated heat-related health risk
2024-08-23,30.6,42.5,MODERATE,1.051,1.0,Elevated heat-related health risk
2024-08-24,26.9,10.0,LOW,1.0,1.0,Baseline heat-related health risk
2024-08-25,29.6,17.5,LOW,1.031,1.0,Elevated heat-related health risk
2024-08-26,29.3,17.5,LOW,1.025,1.0,Elevated heat-related health risk
2024-08-27,26.3,0.0,LOW,1.0,1.0,Baseline heat-related health risk
2024-08-28,29.6,17.5,LOW,1.031,1.0,Elevated heat-related health risk
2024-08-29,31.1,25.0,MODERATE,1.061,1.0,Elevated heat-related health risk
2024-08-30,30.5,35.0,MODERATE,1.049,1.0,Elevated heat-related health risk
2024-08-31,32.2,35.0,MODERATE,1.083,1.0,Elevated heat-related health risk
2024-09-01,32.1,35.0,MODERATE,1.081,1.0,Elevated heat-related health risk
2024-09-02,30.8,42.5,MODERATE,1.055,1.0,Elevated heat-related health risk
2024-09-03,29.1,27.5,MODERATE,1.021,1.0,Elevated heat-related health risk
2024-09-04,29.4,17.5,LOW,1.027,1.0,Elevated heat-related health risk
2024-09-05,30.5,35.0,MODERATE,1.049,1.0,Elevated heat-related health risk
2024-09-06,30.8,35.0,MODERATE,1.055,1.0,Elevated heat-related health risk
2024-09-07,31.2,35.0,MODERATE,1.063,1.0,Elevated heat-related health risk
2024-09-08,30.9,35.0,MODERATE,1.057,1.0,Elevated heat-related health risk
2024-09-09,31.7,42.5,MODERATE,1.073,1.0,Elevated heat-related health risk
2024-09-10,31.4,42.5,MODERATE,1.067,1.0,Elevated heat-related health risk
2024-09-11,30.6,35.0,MODERATE,1.051,1.0,Elevated heat-related health risk
2024-09-12,32.0,35.0,MODERATE,1.079,1.0,Elevated heat-related health risk
2024-09-13,31.1,35.0,MODERATE,1.061,1.0,Elevated heat-related health risk
2024-09-14,30.5,35.0,MODERATE,1.049,1.0,Elevated heat-related health risk
2024-09-15,30.8,35.0,MODERATE,1.055,1.0,Elevated heat-related health risk
2024-09-16,31.2,35.0,MODERATE,1.063,1.0,Elevated heat-related health risk
2024-09-17,31.3,35.0,MODERATE,1.065,1.0,Elevated heat-related health risk
2024-09-18,32.1,35.0,MODERATE,1.081,1.0,Elevated heat-related health risk
2024-09-19,32.6,42.5,MODERATE,1.092,1.0,Elevated heat-related health risk
2024-09-20,32.9,42.5,MODERATE,1.098,1.0,Elevated heat-related health risk
2024-09-21,31.8,35.0,MODERATE,1.075,1.0,Elevated heat-related health risk
2024-09-22,33.1,52.5,HIGH,1.102,1.0,Elevated heat-related health risk
2024-09-23,33.6,42.5,MODERATE,1.113,1.0,Elevated heat-related health risk
2024-09-24,33.5,52.5,HIGH,1.111,1.0,Elevated heat-related health risk
2024-09-25,33.0,52.5,HIGH,1.1,1.0,Elevated heat-related health risk
2024-09-26,31.5,42.5,MODERATE,1.069,1.0,Elevated heat-related health risk
2024-09-27,30.2,35.0,MODERATE,1.043,1.0,Elevated heat-related health risk
2024-09-28,30.1,35.0,MODERATE,1.041,1.0,Elevated heat-related health risk
2024-09-29,29.7,27.5,MODERATE,1.033,1.0,Elevated heat-related health risk
2024-09-30,32.0,52.5,HIGH,1.079,1.0,Elevated heat-related health risk
2024-10-01,33.4,52.5,HIGH,1.108,1.0,Elevated heat-related health risk
2024-10-02,33.5,52.5,HIGH,1.111,1.0,Elevated heat-related health risk
2024-10-03,32.5,42.5,MODERATE,1.09,1.0,Elevated heat-related health risk
2024-10-04,31.7,35.0,MODERATE,1.073,1.0,Elevated heat-related health risk
2024-10-05,31.9,35.0,MODERATE,1.077,1.0,Elevated heat-related health risk
2024-10-06,32.2,35.0,MODERATE,1.083,1.0,Elevated heat-related health risk
2024-10-07,34.4,42.5,MODERATE,1.13,1.0,Elevated heat-related health risk
2024-10-08,34.4,42.5,MODERATE,1.13,1.0,Elevated heat-related health risk
2024-10-09,34.3,35.0,MODERATE,1.128,1.0,Elevated heat-related health risk
2024-10-10,29.4,17.5,LOW,1.027,1.0,Elevated heat-related health risk
2024-10-11,30.6,25.0,MODERATE,1.051,1.0,Elevated heat-related health risk
2024-10-12,31.8,35.0,MODERATE,1.075,1.0,Elevated heat-related health risk
2024-10-13,31.4,42.5,MODERATE,1.067,1.0,Elevated heat-related health risk
2024-10-14,31.4,35.0,MODERATE,1.067,1.0,Elevated heat-related health risk
2024-10-15,32.9,42.5,MODERATE,1.098,1.0,Elevated heat-related health risk
2024-10-16,33.0,42.5,MODERATE,1.1,1.0,Elevated heat-related health risk
2024-10-17,33.6,35.0,MODERATE,1.113,1.0,Elevated heat-related health risk
2024-10-18,33.8,42.5,MODERATE,1.117,1.0,Elevated heat-related health risk
2024-10-19,32.4,52.5,HIGH,1.087,1.0,Elevated heat-related health risk
2024-10-20,31.9,35.0,MODERATE,1.077,1.0,Elevated heat-related health risk
2024-10-21,30.9,35.0,MODERATE,1.057,1.0,Elevated heat-related health risk
2024-10-22,32.4,35.0,MODERATE,1.087,1.0,Elevated heat-related health risk
2024-10-23,33.4,35.0,MODERATE,1.108,1.0,Elevated heat-related health risk
2024-10-24,33.8,35.0,MODERATE,1.117,1.0,Elevated heat-related health risk
2024-10-25,33.6,35.0,MODERATE,1.113,1.0,Elevated heat-related health risk
2024-10-26,34.3,35.0,MODERATE,1.128,1.0,Elevated heat-related health risk
2024-10-27,35.7,42.5,MODERATE,1.158,1.0,Elevated heat-related health risk
2024-10-28,36.0,50.0,HIGH,1.165,1.0,Elevated heat-related health risk
2024-10-29,36.8,42.5,MODERATE,1.183,1.0,Elevated heat-related health risk
2024-10-30,36.3,42.5,MODERATE,1.171,1.0,Elevated heat-related health risk
2024-10-31,35.9,42.5,MODERATE,1.163,1.0,Elevated heat-related health risk
2024-11-01,35.8,42.5,MODERATE,1.16,1.0,Elevated heat-related health risk
2024-11-02,34.8,25.0,MODERATE,1.138,1.0,Elevated heat-related health risk
2024-11-03,35.0,32.5,MODERATE,1.143,1.0,Elevated heat-related health risk
2024-11-04,34.9,25.0,MODERATE,1.141,1.0,Elevated heat-related health risk
2024-11-05,35.0,42.5,MODERATE,1.143,1.0,Elevated heat-related health risk
2024-11-06,34.5,35.0,MODERATE,1.132,1.0,Elevated heat-related health risk
2024-11-07,34.4,35.0,MODERATE,1.13,1.0,Elevated heat-related health risk
2024-11-08,34.3,35.0,MODERATE,1.128,1.0,Elevated heat-related health risk
2024-11-09,34.2,35.0,MODERATE,1.125,1.0,Elevated heat-related health risk
2024-11-10,34.3,25.0,MODERATE,1.128,1.0,Elevated heat-related health risk
2024-11-11,33.5,25.0,MODERATE,1.111,1.0,Elevated heat-related health risk
2024-11-12,33.4,25.0,MODERATE,1.108,1.0,Elevated heat-related health risk
2024-11-13,33.1,17.5,LOW,1.102,1.0,Elevated heat-related health risk
2024-11-14,33.0,17.5,LOW,1.1,1.0,Elevated heat-related health risk
2024-11-15,32.6,17.5,LOW,1.092,1.0,Elevated heat-related health risk
2024-11-16,32.6,7.5,LOW,1.092,1.0,Elevated heat-related health risk
2024-11-17,32.8,7.5,LOW,1.096,1.0,Elevated heat-related health risk
2024-11-18,32.1,7.5,LOW,1.081,1.0,Elevated heat-related health risk
2024-11-19,31.4,7.5,LOW,1.067,1.0,Elevated heat-related health risk
2024-11-20,30.7,7.5,LOW,1.053,1.0,Elevated heat-related health risk
2024-11-21,30.0,7.5,LOW,1.039,1.0,Elevated heat-related health risk
2024-11-22,29.3,0.0,LOW,1.025,1.0,Elevated heat-related health risk
2024-11-23,29.7,0.0,LOW,1.033,1.0,Elevated heat-related health risk
2024-11-24,30.1,7.5,LOW,1.041,1.0,Elevated heat-related health risk
2024-11-25,30.0,7.5,LOW,1.039,1.0,Elevated heat-related health risk
2024-11-26,30.5,7.5,LOW,1.049,1.0,Elevated heat-related health risk
2024-11-27,30.5,7.5,LOW,1.049,1.0,Elevated heat-related health risk
2024-11-28,30.4,7.5,LOW,1.047,1.0,Elevated heat-related health risk
2024-11-29,28.7,0.0,LOW,1.013,1.0,Elevated heat-related health risk
2024-11-30,27.9,0.0,LOW,1.0,1.0,Baseline heat-related health risk
2024-12-01,28.2,0.0,LOW,1.004,1.0,Elevated heat-related health risk
2024-12-02,29.3,0.0,LOW,1.025,1.0,Elevated heat-related health risk
2024-12-03,31.1,7.5,LOW,1.061,1.0,Elevated heat-related health risk
2024-12-04,31.3,7.5,LOW,1.065,1.0,Elevated heat-related health risk
2024-12-05,31.3,17.5,LOW,1.065,1.0,Elevated heat-related health risk
2024-12-06,30.3,7.5,LOW,1.045,1.0,Elevated heat-related health risk
2024-12-07,28.9,0.0,LOW,1.017,1.0,Elevated heat-related health risk
2024-12-08,28.5,0.0,LOW,1.01,1.0,Elevated heat-related health risk
2024-12-09,26.7,0.0,LOW,1.0,1.0,Baseline heat-related health risk
2024-12-10,25.4,0.0,LOW,1.0,1.0,Baseline heat-related health risk
2024-12-11,26.6,0.0,LOW,1.0,1.0,Baseline heat-related health risk
2024-12-12,26.9,0.0,LOW,1.0,1.0,Baseline heat-related health risk
2024-12-13,25.7,0.0,LOW,1.0,1.0,Baseline heat-related health risk
2024-12-14,26.3,0.0,LOW,1.0,1.0,Baseline heat-related health risk
2024-12-15,27.9,0.0,LOW,1.0,1.0,Baseline heat-related health risk
2024-12-16,28.6,0.0,LOW,1.012,1.0,Elevated heat-related health risk
2024-12-17,28.4,0.0,LOW,1.008,1.0,Elevated heat-related health risk
2024-12-18,29.1,0.0,LOW,1.021,1.0,Elevated heat-related health risk
2024-12-19,28.9,0.0,LOW,1.017,1.0,Elevated heat-related health risk
2024-12-20,27.4,0.0,LOW,1.0,1.0,Baseline heat-related health risk
2024-12-21,29.6,0.0,LOW,1.031,1.0,Elevated heat-related health risk
2024-12-22,27.7,0.0,LOW,1.0,1.0,Baseline heat-related health risk
2024-12-23,26.4,0.0,LOW,1.0,1.0,Baseline heat-related health risk
2024-12-24,25.9,0.0,LOW,1.0,1.0,Baseline heat-related health risk
2024-12-25,28.2,0.0,LOW,1.004,1.0,Elevated heat-related health risk
2024-12-26,29.5,10.0,LOW,1.029,1.0,Elevated heat-related health risk
2024-12-27,28.2,0.0,LOW,1.004,1.0,Elevated heat-related health risk
2024-12-28,26.7,0.0,LOW,1.0,1.0,Baseline heat-related health risk
2024-12-29,27.0,0.0,LOW,1.0,1.0,Baseline heat-related health risk
2024-12-30,27.0,0.0,LOW,1.0,1.0,Baseline heat-related health risk
2024-12-31,28.3,0.0,LOW,1.006,1.0,Elevated heat-related health risk
2025-01-01,28.5,0.0,LOW,1.01,1.0,Elevated heat-related health risk
2025-01-02,29.7,0.0,LOW,1.033,1.0,Elevated heat-related health risk
2025-01-03,30.4,7.5,LOW,1.047,1.0,Elevated heat-related health risk
2025-01-04,30.3,7.5,LOW,1.045,1.0,Elevated heat-related health risk
2025-01-05,28.0,0.0,LOW,1.0,1.0,Baseline heat-related health risk
2025-01-06,26.4,0.0,LOW,1.0,1.0,Baseline heat-related health risk
2025-01-07,25.5,0.0,LOW,1.0,1.0,Baseline heat-related health risk
2025-01-08,25.6,0.0,LOW,1.0,1.0,Baseline heat-related health risk
2025-01-09,27.4,0.0,LOW,1.0,1.0,Baseline heat-related health risk
2025-01-10,28.6,0.0,LOW,1.012,1.0,Elevated heat-related health risk
2025-01-11,27.7,0.0,LOW,1.0,1.0,Baseline heat-related health risk
2025-01-12,27.1,0.0,LOW,1.0,1.0,Baseline heat-related health risk
2025-01-13,25.1,0.0,LOW,1.0,1.0,Baseline heat-related health risk
2025-01-14,26.7,0.0,LOW,1.0,1.0,Baseline heat-related health risk
2025-01-15,27.1,0.0,LOW,1.0,1.0,Baseline heat-related health risk
2025-01-16,27.6,0.0,LOW,1.0,1.0,Baseline heat-related health risk
2025-01-17,27.0,0.0,LOW,1.0,1.0,Baseline heat-related health risk
2025-01-18,30.2,7.5,LOW,1.043,1.0,Elevated heat-related health risk
2025-01-19,31.1,7.5,LOW,1.061,1.0,Elevated heat-related health risk
2025-01-20,31.2,7.5,LOW,1.063,1.0,Elevated heat-related health risk
2025-01-21,30.7,7.5,LOW,1.053,1.0,Elevated heat-related health risk
2025-01-22,29.2,0.0,LOW,1.023,1.0,Elevated heat-related health risk
2025-01-23,28.4,0.0,LOW,1.008,1.0,Elevated heat-related health risk
2025-01-24,28.1,0.0,LOW,1.002,1.0,Elevated heat-related health risk
2025-01-25,28.8,0.0,LOW,1.015,1.0,Elevated heat-related health risk
2025-01-26,29.8,0.0,LOW,1.035,1.0,Elevated heat-related health risk
2025-01-27,29.8,0.0,LOW,1.035,1.0,Elevated heat-related health risk
2025-01-28,31.3,17.5,LOW,1.065,1.0,Elevated heat-related health risk
2025-01-29,31.4,7.5,LOW,1.067,1.0,Elevated heat-related health risk
2025-01-30,30.1,7.5,LOW,1.041,1.0,Elevated heat-related health risk
2025-01-31,29.1,0.0,LOW,1.021,1.0,Elevated heat-related health risk
2025-02-01,27.7,0.0,LOW,1.0,1.0,Baseline heat-related health risk
2025-02-02,28.6,0.0,LOW,1.012,1.0,Elevated heat-related health risk
2025-02-03,30.3,7.5,LOW,1.045,1.0,Elevated heat-related health risk
2025-02-04,28.7,0.0,LOW,1.013,1.0,Elevated heat-related health risk
2025-02-05,28.0,0.0,LOW,1.0,1.0,Baseline heat-related health risk
2025-02-06,28.3,0.0,LOW,1.006,1.0,Elevated heat-related health risk
2025-02-07,29.5,0.0,LOW,1.029,1.0,Elevated heat-related health risk
2025-02-08,30.9,7.5,LOW,1.057,1.0,Elevated heat-related health risk
2025-02-09,32.5,7.5,LOW,1.09,1.0,Elevated heat-related health risk
2025-02-10,32.2,7.5,LOW,1.083,1.0,Elevated heat-related health risk
2025-02-11,30.7,7.5,LOW,1.053,1.0,Elevated heat-related health risk
2025-02-12,31.6,7.5,LOW,1.071,1.0,Elevated heat-related health risk
2025-02-13,31.7,7.5,LOW,1.073,1.0,Elevated heat-related health risk
2025-02-14,33.1,7.5,LOW,1.102,1.0,Elevated heat-related health risk
2025-02-15,34.0,17.5,LOW,1.121,1.0,Elevated heat-related health risk
2025-02-16,32.7,17.5,LOW,1.094,1.0,Elevated heat-related health risk
2025-02-17,33.2,17.5,LOW,1.104,1.0,Elevated heat-related health risk
2025-02-18,33.4,17.5,LOW,1.108,1.0,Elevated heat-related health risk
2025-02-19,33.4,17.5,LOW,1.108,1.0,Elevated heat-related health risk
2025-02-20,33.3,17.5,LOW,1.106,1.0,Elevated heat-related health risk
2025-02-21,33.2,17.5,LOW,1.104,1.0,Elevated heat-related health risk
2025-02-22,33.8,17.5,LOW,1.117,1.0,Elevated heat-related health risk
2025-02-23,34.1,17.5,LOW,1.123,1.0,Elevated heat-related health risk
2025-02-24,34.0,17.5,LOW,1.121,1.0,Elevated heat-related health risk
2025-02-25,34.7,25.0,MODERATE,1.136,1.0,Elevated heat-related health risk
2025-02-26,35.9,32.5,MODERATE,1.163,1.0,Elevated heat-related health risk
2025-02-27,36.1,32.5,MODERATE,1.167,1.0,Elevated heat-related health risk
2025-02-28,35.3,32.5,MODERATE,1.149,1.0,Elevated heat-related health risk
2025-03-01,34.0,17.5,LOW,1.121,1.0,Elevated heat-related health risk
2025-03-02,33.3,17.5,LOW,1.106,1.0,Elevated heat-related health risk
2025-03-03,34.3,25.0,MODERATE,1.128,1.0,Elevated heat-related health risk
2025-03-04,32.4,7.5,LOW,1.087,1.0,Elevated heat-related health risk
2025-03-05,32.6,7.5,LOW,1.092,1.0,Elevated heat-related health risk
2025-03-06,33.1,7.5,LOW,1.102,1.0,Elevated heat-related health risk
2025-03-07,35.9,32.5,MODERATE,1.163,1.0,Elevated heat-related health risk
2025-03-08,37.2,32.5,MODERATE,1.192,1.0,Elevated heat-related health risk
2025-03-09,38.0,32.5,MODERATE,1.21,1.0,High heat-related health risk
2025-03-10,39.4,42.5,MODERATE,1.243,1.0,High heat-related health risk
2025-03-11,40.1,50.0,HIGH,1.259,1.0,High heat-related health risk
2025-03-12,39.5,32.5,MODERATE,1.245,1.0,High heat-related health risk
2025-03-13,39.0,32.5,MODERATE,1.233,1.0,High heat-related health risk
2025-03-14,38.3,32.5,MODERATE,1.217,1.0,High heat-related health risk
2025-03-15,37.4,32.5,MODERATE,1.196,1.0,Elevated heat-related health risk
2025-03-16,36.2,32.5,MODERATE,1.169,1.0,Elevated heat-related health risk
2025-03-17,35.5,32.5,MODERATE,1.154,1.0,Elevated heat-related health risk
2025-03-18,36.3,32.5,MODERATE,1.171,1.0,Elevated heat-related health risk
2025-03-19,36.1,32.5,MODERATE,1.167,1.0,Elevated heat-related health risk
2025-03-20,35.0,32.5,MODERATE,1.143,1.0,Elevated heat-related health risk
2025-03-21,35.3,32.5,MODERATE,1.149,1.0,Elevated heat-related health risk
2025-03-22,37.4,32.5,MODERATE,1.196,1.0,Elevated heat-related health risk
2025-03-23,38.7,32.5,MODERATE,1.226,1.0,High heat-related health risk
2025-03-24,39.6,32.5,MODERATE,1.247,1.0,High heat-related health risk
2025-03-25,39.3,32.5,MODERATE,1.24,1.0,High heat-related health risk
2025-03-26,37.8,42.5,MODERATE,1.205,1.0,High heat-related health risk
2025-03-27,36.1,32.5,MODERATE,1.167,1.0,Elevated heat-related health risk
2025-03-28,36.2,22.5,LOW,1.169,1.0,Elevated heat-related health risk
2025-03-29,36.8,22.5,LOW,1.183,1.0,Elevated heat-related health risk
2025-03-30,38.4,32.5,MODERATE,1.219,1.0,High heat-related health risk
2025-03-31,39.4,32.5,MODERATE,1.243,1.0,High heat-related health risk
2025-04-01,40.0,40.0,MODERATE,1.257,1.0,High heat-related health risk
2025-04-02,40.1,40.0,MODERATE,1.259,1.0,High heat-related health risk
2025-04-03,40.2,40.0,MODERATE,1.262,1.0,High heat-related health risk
2025-04-04,40.5,40.0,MODERATE,1.269,1.0,High heat-related health risk
2025-04-05,41.3,50.0,HIGH,1.289,1.0,High heat-related health risk
2025-04-06,42.4,47.5,MODERATE,1.316,1.154,High heat-related health risk
2025-04-07,42.5,57.5,HIGH,1.318,1.196,High heat-related health risk
2025-04-08,42.8,57.5,HIGH,1.326,1.331,High heat-related health risk
2025-04-09,43.2,57.5,HIGH,1.336,1.536,High heat-related health risk
2025-04-10,42.4,57.5,HIGH,1.316,1.154,High heat-related health risk
2025-04-11,38.1,42.5,MODERATE,1.212,1.0,High heat-related health risk
2025-04-12,40.3,57.5,HIGH,1.264,1.0,High heat-related health risk
2025-04-13,41.4,57.5,HIGH,1.291,1.0,High heat-related health risk
2025-04-14,41.9,57.5,HIGH,1.303,1.0,High heat-related health risk
2025-04-15,42.7,67.5,HIGH,1.323,1.284,High heat-related health risk
2025-04-16,42.9,67.5,HIGH,1.328,1.38,High heat-related health risk
2025-04-17,42.3,67.5,HIGH,1.313,1.113,High heat-related health risk
2025-04-18,42.7,57.5,HIGH,1.323,1.284,High heat-related health risk
2025-04-19,40.6,57.5,HIGH,1.271,1.0,High heat-related health risk
2025-04-20,40.2,57.5,HIGH,1.262,1.0,High heat-related health risk
2025-04-21,40.8,57.5,HIGH,1.276,1.0,High heat-related health risk
2025-04-22,41.5,40.0,MODERATE,1.293,1.0,High heat-related health risk
2025-04-23,42.0,40.0,MODERATE,1.306,1.0,High heat-related health risk
2025-04-24,41.5,57.5,HIGH,1.293,1.0,High heat-related health risk
2025-04-25,40.8,57.5,HIGH,1.276,1.0,High heat-related health risk
2025-04-26,42.0,67.5,HIGH,1.306,1.0,High heat-related health risk
2025-04-27,42.8,67.5,HIGH,1.326,1.331,High heat-related health risk
2025-04-28,43.9,67.5,HIGH,1.354,1.973,High heat-related health risk
2025-04-29,43.8,67.5,HIGH,1.351,1.904,High heat-related health risk
2025-04-30,44.1,57.5,HIGH,1.359,2.119,High heat-related health risk
2025-05-01,43.8,57.5,HIGH,1.351,1.904,High heat-related health risk
2025-05-02,43.4,57.5,HIGH,1.341,1.65,High heat-related health risk
2025-05-03,41.4,57.5,HIGH,1.291,1.0,High heat-related health risk
2025-05-04,37.6,60.0,HIGH,1.201,1.0,High heat-related health risk
2025-05-05,37.4,60.0,HIGH,1.196,1.0,Elevated heat-related health risk
2025-05-06,32.3,35.0,MODERATE,1.085,1.0,Elevated heat-related health risk
2025-05-07,30.9,35.0,MODERATE,1.057,1.0,Elevated heat-related health risk
2025-05-08,32.3,35.0,MODERATE,1.085,1.0,Elevated heat-related health risk
2025-05-09,33.8,35.0,MODERATE,1.117,1.0,Elevated heat-related health risk
2025-05-10,34.8,42.5,MODERATE,1.138,1.0,Elevated heat-related health risk
2025-05-11,35.4,50.0,HIGH,1.151,1.0,Elevated heat-related health risk
2025-05-12,37.0,60.0,HIGH,1.187,1.0,Elevated heat-related health risk
2025-05-13,37.7,60.0,HIGH,1.203,1.0,High heat-related health risk
2025-05-14,39.5,60.0,HIGH,1.245,1.0,High heat-related health risk
2025-05-15,40.1,67.5,HIGH,1.259,1.0,High heat-related health risk
2025-05-16,38.2,60.0,HIGH,1.215,1.0,High heat-related health risk
2025-05-17,39.1,67.5,HIGH,1.236,1.0,High heat-related health risk
2025-05-18,40.4,75.0,EXTREME,1.267,1.0,High heat-related health risk
2025-05-19,40.9,81.0,EXTREME,1.279,1.0,High heat-related health risk
2025-05-20,41.1,75.0,EXTREME,1.284,1.0,High heat-related health risk
2025-05-21,40.9,75.0,EXTREME,1.279,1.0,High heat-related health risk
2025-05-22,40.5,75.0,EXTREME,1.269,1.0,High heat-related health risk
2025-05-23,42.1,75.0,EXTREME,1.308,1.036,High heat-related health risk
2025-05-24,43.0,67.5,HIGH,1.331,1.43,High heat-related health risk
2025-05-25,42.3,81.0,EXTREME,1.313,1.113,High heat-related health risk
2025-05-26,42.4,81.0,EXTREME,1.316,1.154,High heat-related health risk
2025-05-27,42.3,85.5,EXTREME,1.313,1.113,High heat-related health risk
2025-05-28,40.6,75.0,EXTREME,1.271,1.0,High heat-related health risk
2025-05-29,39.5,67.5,HIGH,1.245,1.0,High heat-related health risk
2025-05-30,40.8,75.0,EXTREME,1.276,1.0,High heat-related health risk
2025-05-31,39.8,60.0,HIGH,1.252,1.0,High heat-related health risk
2025-06-01,39.5,50.0,HIGH,1.245,1.0,High heat-related health risk
2025-06-02,39.0,50.0,HIGH,1.233,1.0,High heat-related health risk
2025-06-03,38.7,50.0,HIGH,1.226,1.0,High heat-related health risk
2025-06-04,38.5,60.0,HIGH,1.222,1.0,High heat-related health risk
2025-06-05,39.4,60.0,HIGH,1.243,1.0,High heat-related health risk
2025-06-06,41.0,67.5,HIGH,1.281,1.0,High heat-related health risk
2025-06-07,41.2,67.5,HIGH,1.286,1.0,High heat-related health risk
2025-06-08,40.8,75.0,EXTREME,1.276,1.0,High heat-related health risk
2025-06-09,41.0,75.0,EXTREME,1.281,1.0,High heat-related health risk
2025-06-10,40.5,75.0,EXTREME,1.269,1.0,High heat-related health risk
2025-06-11,41.5,67.5,HIGH,1.293,1.0,High heat-related health risk
2025-06-12,42.1,75.0,EXTREME,1.308,1.036,High heat-related health risk
2025-06-13,40.8,75.0,EXTREME,1.276,1.0,High heat-related health risk
2025-06-14,36.3,67.5,HIGH,1.171,1.0,Elevated heat-related health risk
2025-06-15,36.1,60.0,HIGH,1.167,1.0,Elevated heat-related health risk
2025-06-16,34.5,60.0,HIGH,1.132,1.0,Elevated heat-related health risk
2025-06-17,31.6,35.0,MODERATE,1.071,1.0,Elevated heat-related health risk
2025-06-18,33.3,42.5,MODERATE,1.106,1.0,Elevated heat-related health risk
2025-06-19,33.9,42.5,MODERATE,1.119,1.0,Elevated heat-related health risk
2025-06-20,34.7,42.5,MODERATE,1.136,1.0,Elevated heat-related health risk
2025-06-21,32.6,42.5,MODERATE,1.092,1.0,Elevated heat-related health risk
2025-06-22,33.1,42.5,MODERATE,1.102,1.0,Elevated heat-related health risk
2025-06-23,31.3,42.5,MODERATE,1.065,1.0,Elevated heat-related health risk
2025-06-24,31.6,42.5,MODERATE,1.071,1.0,Elevated heat-related health risk
2025-06-25,31.7,42.5,MODERATE,1.073,1.0,Elevated heat-related health risk
2025-06-26,31.4,52.5,HIGH,1.067,1.0,Elevated heat-related health risk
2025-06-27,32.4,42.5,MODERATE,1.087,1.0,Elevated heat-related health risk
2025-06-28,31.8,42.5,MODERATE,1.075,1.0,Elevated heat-related health risk
2025-06-29,33.0,42.5,MODERATE,1.1,1.0,Elevated heat-related health risk
2025-06-30,32.5,42.5,MODERATE,1.09,1.0,Elevated heat-related health risk
2025-07-01,34.4,52.5,HIGH,1.13,1.0,Elevated heat-related health risk
2025-07-02,30.9,35.0,MODERATE,1.057,1.0,Elevated heat-related health risk
2025-07-03,31.3,42.5,MODERATE,1.065,1.0,Elevated heat-related health risk
2025-07-04,31.9,42.5,MODERATE,1.077,1.0,Elevated heat-related health risk
2025-07-05,30.4,35.0,MODERATE,1.047,1.0,Elevated heat-related health risk
2025-07-06,29.9,27.5,MODERATE,1.037,1.0,Elevated heat-related health risk
2025-07-07,32.5,35.0,MODERATE,1.09,1.0,Elevated heat-related health risk
2025-07-08,31.8,42.5,MODERATE,1.075,1.0,Elevated heat-related health risk
2025-07-09,33.7,42.5,MODERATE,1.115,1.0,Elevated heat-related health risk
2025-07-10,32.5,42.5,MODERATE,1.09,1.0,Elevated heat-related health risk
2025-07-11,32.2,42.5,MODERATE,1.083,1.0,Elevated heat-related health risk
2025-07-12,30.8,35.0,MODERATE,1.055,1.0,Elevated heat-related health risk
2025-07-13,31.3,42.5,MODERATE,1.065,1.0,Elevated heat-related health risk
2025-07-14,32.5,42.5,MODERATE,1.09,1.0,Elevated heat-related health risk
2025-07-15,34.1,52.5,HIGH,1.123,1.0,Elevated heat-related health risk
2025-07-16,34.3,52.5,HIGH,1.128,1.0,Elevated heat-related health risk
2025-07-17,33.6,52.5,HIGH,1.113,1.0,Elevated heat-related health risk
2025-07-18,32.3,42.5,MODERATE,1.085,1.0,Elevated heat-related health risk
2025-07-19,31.9,35.0,MODERATE,1.077,1.0,Elevated heat-related health risk
2025-07-20,31.1,42.5,MODERATE,1.061,1.0,Elevated heat-related health risk
2025-07-21,32.4,42.5,MODERATE,1.087,1.0,Elevated heat-related health risk
2025-07-22,33.1,52.5,HIGH,1.102,1.0,Elevated heat-related health risk
2025-07-23,32.3,35.0,MODERATE,1.085,1.0,Elevated heat-related health risk
2025-07-24,32.4,42.5,MODERATE,1.087,1.0,Elevated heat-related health risk
2025-07-25,33.1,52.5,HIGH,1.102,1.0,Elevated heat-related health risk
2025-07-26,32.9,42.5,MODERATE,1.098,1.0,Elevated heat-related health risk
2025-07-27,28.1,17.5,LOW,1.002,1.0,Elevated heat-related health risk
2025-07-28,30.6,25.0,MODERATE,1.051,1.0,Elevated heat-related health risk
2025-07-29,30.7,35.0,MODERATE,1.053,1.0,Elevated heat-related health risk
2025-07-30,31.8,42.5,MODERATE,1.075,1.0,Elevated heat-related health risk
2025-07-31,31.2,25.0,MODERATE,1.063,1.0,Elevated heat-related health risk
2025-08-01,32.4,35.0,MODERATE,1.087,1.0,Elevated heat-related health risk
2025-08-02,32.5,35.0,MODERATE,1.09,1.0,Elevated heat-related health risk
2025-08-03,31.6,35.0,MODERATE,1.071,1.0,Elevated heat-related health risk
2025-08-04,31.7,35.0,MODERATE,1.073,1.0,Elevated heat-related health risk
2025-08-05,32.2,35.0,MODERATE,1.083,1.0,Elevated heat-related health risk
2025-08-06,32.2,35.0,MODERATE,1.083,1.0,Elevated heat-related health risk
2025-08-07,33.3,35.0,MODERATE,1.106,1.0,Elevated heat-related health risk
2025-08-08,34.2,35.0,MODERATE,1.125,1.0,Elevated heat-related health risk
2025-08-09,33.9,35.0,MODERATE,1.119,1.0,Elevated heat-related health risk
2025-08-10,33.8,35.0,MODERATE,1.117,1.0,Elevated heat-related health risk
2025-08-11,34.4,35.0,MODERATE,1.13,1.0,Elevated heat-related health risk
2025-08-12,34.1,35.0,MODERATE,1.123,1.0,Elevated heat-related health risk
2025-08-13,33.1,35.0,MODERATE,1.102,1.0,Elevated heat-related health risk
2025-08-14,32.6,52.5,HIGH,1.092,1.0,Elevated heat-related health risk
2025-08-15,33.0,42.5,MODERATE,1.1,1.0,Elevated heat-related health risk
2025-08-16,31.7,42.5,MODERATE,1.073,1.0,Elevated heat-related health risk
2025-08-17,32.5,42.5,MODERATE,1.09,1.0,Elevated heat-related health risk
2025-08-18,32.6,52.5,HIGH,1.092,1.0,Elevated heat-related health risk
2025-08-19,33.1,52.5,HIGH,1.102,1.0,Elevated heat-related health risk
2025-08-20,30.5,35.0,MODERATE,1.049,1.0,Elevated heat-related health risk
2025-08-21,31.2,42.5,MODERATE,1.063,1.0,Elevated heat-related health risk
2025-08-22,29.2,17.5,LOW,1.023,1.0,Elevated heat-related health risk
2025-08-23,30.0,35.0,MODERATE,1.039,1.0,Elevated heat-related health risk
2025-08-24,29.1,27.5,MODERATE,1.021,1.0,Elevated heat-related health risk
2025-08-25,31.2,35.0,MODERATE,1.063,1.0,Elevated heat-related health risk
2025-08-26,31.9,42.5,MODERATE,1.077,1.0,Elevated heat-related health risk
2025-08-27,32.6,42.5,MODERATE,1.092,1.0,Elevated heat-related health risk
2025-08-28,31.5,42.5,MODERATE,1.069,1.0,Elevated heat-related health risk
2025-08-29,31.7,42.5,MODERATE,1.073,1.0,Elevated heat-related health risk
2025-08-30,30.1,42.5,MODERATE,1.041,1.0,Elevated heat-related health risk
2025-08-31,30.2,35.0,MODERATE,1.043,1.0,Elevated heat-related health risk
2025-09-01,31.5,42.5,MODERATE,1.069,1.0,Elevated heat-related health risk
2025-09-02,32.4,35.0,MODERATE,1.087,1.0,Elevated heat-related health risk
2025-09-03,31.9,42.5,MODERATE,1.077,1.0,Elevated heat-related health risk
2025-09-04,29.3,17.5,LOW,1.025,1.0,Elevated heat-related health risk
2025-09-05,31.7,42.5,MODERATE,1.073,1.0,Elevated heat-related health risk
2025-09-06,28.6,17.5,LOW,1.012,1.0,Elevated heat-related health risk
2025-09-07,26.2,0.0,LOW,1.0,1.0,Baseline heat-related health risk
2025-09-08,29.1,17.5,LOW,1.021,1.0,Elevated heat-related health risk
2025-09-09,30.9,35.0,MODERATE,1.057,1.0,Elevated heat-related health risk
2025-09-10,30.9,35.0,MODERATE,1.057,1.0,Elevated heat-related health risk
2025-09-11,31.6,35.0,MODERATE,1.071,1.0,Elevated heat-related health risk
2025-09-12,31.9,35.0,MODERATE,1.077,1.0,Elevated heat-related health risk
2025-09-13,32.7,35.0,MODERATE,1.094,1.0,Elevated heat-related health risk
2025-09-14,33.9,35.0,MODERATE,1.119,1.0,Elevated heat-related health risk
2025-09-15,33.8,35.0,MODERATE,1.117,1.0,Elevated heat-related health risk
2025-09-16,32.9,35.0,MODERATE,1.098,1.0,Elevated heat-related health risk
2025-09-17,33.4,35.0,MODERATE,1.108,1.0,Elevated heat-related health risk
2025-09-18,34.4,35.0,MODERATE,1.13,1.0,Elevated heat-related health risk
2025-09-19,33.8,35.0,MODERATE,1.117,1.0,Elevated heat-related health risk
2025-09-20,34.1,42.5,MODERATE,1.123,1.0,Elevated heat-related health risk
2025-09-21,33.3,35.0,MODERATE,1.106,1.0,Elevated heat-related health risk
2025-09-22,34.1,35.0,MODERATE,1.123,1.0,Elevated heat-related health risk
2025-09-23,34.0,35.0,MODERATE,1.121,1.0,Elevated heat-related health risk
2025-09-24,32.6,35.0,MODERATE,1.092,1.0,Elevated heat-related health risk
2025-09-25,32.4,35.0,MODERATE,1.087,1.0,Elevated heat-related health risk
2025-09-26,34.9,42.5,MODERATE,1.141,1.0,Elevated heat-related health risk
2025-09-27,37.5,50.0,HIGH,1.198,1.0,Elevated heat-related health risk
2025-09-28,32.9,42.5,MODERATE,1.098,1.0,Elevated heat-related health risk
2025-09-29,31.1,25.0,MODERATE,1.061,1.0,Elevated heat-related health risk
2025-09-30,30.1,25.0,MODERATE,1.041,1.0,Elevated heat-related health risk
2025-10-01,30.9,35.0,MODERATE,1.057,1.0,Elevated heat-related health risk
2025-10-02,31.1,35.0,MODERATE,1.061,1.0,Elevated heat-related health risk
2025-10-03,32.3,35.0,MODERATE,1.085,1.0,Elevated heat-related health risk
2025-10-04,32.9,35.0,MODERATE,1.098,1.0,Elevated heat-related health risk
2025-10-05,32.5,35.0,MODERATE,1.09,1.0,Elevated heat-related health risk
2025-10-06,31.4,25.0,MODERATE,1.067,1.0,Elevated heat-related health risk
2025-10-07,32.1,35.0,MODERATE,1.081,1.0,Elevated heat-related health risk
2025-10-08,33.3,35.0,MODERATE,1.106,1.0,Elevated heat-related health risk
2025-10-09,33.7,25.0,MODERATE,1.115,1.0,Elevated heat-related health risk
2025-10-10,34.0,25.0,MODERATE,1.121,1.0,Elevated heat-related health risk
2025-10-11,33.3,17.5,LOW,1.106,1.0,Elevated heat-related health risk
2025-10-12,33.9,25.0,MODERATE,1.119,1.0,Elevated heat-related health risk
2025-10-13,34.2,25.0,MODERATE,1.125,1.0,Elevated heat-related health risk
2025-10-14,34.1,25.0,MODERATE,1.123,1.0,Elevated heat-related health risk
2025-10-15,34.8,25.0,MODERATE,1.138,1.0,Elevated heat-related health risk
2025-10-16,35.8,42.5,MODERATE,1.16,1.0,Elevated heat-related health risk
2025-10-17,36.6,42.5,MODERATE,1.178,1.0,Elevated heat-related health risk
2025-10-18,36.1,42.5,MODERATE,1.167,1.0,Elevated heat-related health risk
2025-10-19,35.7,42.5,MODERATE,1.158,1.0,Elevated heat-related health risk
2025-10-20,36.1,42.5,MODERATE,1.167,1.0,Elevated heat-related health risk
2025-10-21,35.6,42.5,MODERATE,1.156,1.0,Elevated heat-related health risk
2025-10-22,35.7,42.5,MODERATE,1.158,1.0,Elevated heat-related health risk
2025-10-23,35.5,42.5,MODERATE,1.154,1.0,Elevated heat-related health risk
2025-10-24,35.1,42.5,MODERATE,1.145,1.0,Elevated heat-related health risk
2025-10-25,34.2,35.0,MODERATE,1.125,1.0,Elevated heat-related health risk
2025-10-26,28.2,0.0,LOW,1.004,1.0,Elevated heat-related health risk
2025-10-27,25.7,0.0,LOW,1.0,1.0,Baseline heat-related health risk
2025-10-28,27.6,10.0,LOW,1.0,1.0,Baseline heat-related health risk
2025-10-29,30.0,25.0,MODERATE,1.039,1.0,Elevated heat-related health risk
2025-10-30,26.6,0.0,LOW,1.0,1.0,Baseline heat-related health risk
2025-10-31,27.4,10.0,LOW,1.0,1.0,Baseline heat-related health risk
2025-11-01,28.6,17.5,LOW,1.012,1.0,Elevated heat-related health risk
2025-11-02,30.8,35.0,MODERATE,1.055,1.0,Elevated heat-related health risk
2025-11-03,30.8,35.0,MODERATE,1.055,1.0,Elevated heat-related health risk
2025-11-04,30.3,25.0,MODERATE,1.045,1.0,Elevated heat-related health risk
2025-11-05,30.6,27.5,MODERATE,1.051,1.0,Elevated heat-related health risk
2025-11-06,30.8,17.5,LOW,1.055,1.0,Elevated heat-related health risk
2025-11-07,29.9,0.0,LOW,1.037,1.0,Elevated heat-related health risk
2025-11-08,29.7,0.0,LOW,1.033,1.0,Elevated heat-related health risk
2025-11-09,29.8,0.0,LOW,1.035,1.0,Elevated heat-related health risk
2025-11-10,30.0,7.5,LOW,1.039,1.0,Elevated heat-related health risk
2025-11-11,30.2,7.5,LOW,1.043,1.0,Elevated heat-related health risk
2025-11-12,30.4,7.5,LOW,1.047,1.0,Elevated heat-related health risk
2025-11-13,30.4,7.5,LOW,1.047,1.0,Elevated heat-related health risk
2025-11-14,30.3,7.5,LOW,1.045,1.0,Elevated heat-related health risk
2025-11-15,30.1,7.5,LOW,1.041,1.0,Elevated heat-related health risk
2025-11-16,29.6,0.0,LOW,1.031,1.0,Elevated heat-related health risk
2025-11-17,29.3,0.0,LOW,1.025,1.0,Elevated heat-related health risk
2025-11-18,29.2,0.0,LOW,1.023,1.0,Elevated heat-related health risk
2025-11-19,29.5,0.0,LOW,1.029,1.0,Elevated heat-related health risk
2025-11-20,29.6,0.0,LOW,1.031,1.0,Elevated heat-related health risk
2025-11-21,30.4,7.5,LOW,1.047,1.0,Elevated heat-related health risk
2025-11-22,31.0,7.5,LOW,1.059,1.0,Elevated heat-related health risk
2025-11-23,31.2,7.5,LOW,1.063,1.0,Elevated heat-related health risk
2025-11-24,31.1,17.5,LOW,1.061,1.0,Elevated heat-related health risk
2025-11-25,31.0,17.5,LOW,1.059,1.0,Elevated heat-related health risk
2025-11-26,31.4,17.5,LOW,1.067,1.0,Elevated heat-related health risk
2025-11-27,31.1,17.5,LOW,1.061,1.0,Elevated heat-related health risk
2025-11-28,31.5,17.5,LOW,1.069,1.0,Elevated heat-related health risk
2025-11-29,31.2,17.5,LOW,1.063,1.0,Elevated heat-related health risk
2025-11-30,30.7,7.5,LOW,1.053,1.0,Elevated heat-related health risk
2025-12-01,30.2,7.5,LOW,1.043,1.0,Elevated heat-related health risk
2025-12-02,29.5,0.0,LOW,1.029,1.0,Elevated heat-related health risk
2025-12-03,29.6,0.0,LOW,1.031,1.0,Elevated heat-related health risk
2025-12-04,29.0,0.0,LOW,1.019,1.0,Elevated heat-related health risk
2025-12-05,29.0,0.0,LOW,1.019,1.0,Elevated heat-related health risk
2025-12-06,28.2,0.0,LOW,1.004,1.0,Elevated heat-related health risk
2025-12-07,29.7,0.0,LOW,1.033,1.0,Elevated heat-related health risk
2025-12-08,30.7,7.5,LOW,1.053,1.0,Elevated heat-related health risk
2025-12-09,30.6,7.5,LOW,1.051,1.0,Elevated heat-related health risk
2025-12-10,30.9,7.5,LOW,1.057,1.0,Elevated heat-related health risk
2025-12-11,30.3,7.5,LOW,1.045,1.0,Elevated heat-related health risk
2025-12-12,30.2,7.5,LOW,1.043,1.0,Elevated heat-related health risk
2025-12-13,30.6,7.5,LOW,1.051,1.0,Elevated heat-related health risk
2025-12-14,30.2,7.5,LOW,1.043,1.0,Elevated heat-related health risk
2025-12-15,30.2,7.5,LOW,1.043,1.0,Elevated heat-related health risk
2025-12-16,28.7,0.0,LOW,1.013,1.0,Elevated heat-related health risk
2025-12-17,30.2,7.5,LOW,1.043,1.0,Elevated heat-related health risk
2025-12-18,30.4,7.5,LOW,1.047,1.0,Elevated heat-related health risk
2025-12-19,30.7,7.5,LOW,1.053,1.0,Elevated heat-related health risk
2025-12-20,31.6,7.5,LOW,1.071,1.0,Elevated heat-related health risk
2025-12-21,30.1,7.5,LOW,1.041,1.0,Elevated heat-related health risk
2025-12-22,30.7,7.5,LOW,1.053,1.0,Elevated heat-related health risk
2025-12-23,30.6,7.5,LOW,1.051,1.0,Elevated heat-related health risk
2025-12-24,29.6,0.0,LOW,1.031,1.0,Elevated heat-related health risk
2025-12-25,28.8,0.0,LOW,1.015,1.0,Elevated heat-related health risk
2025-12-26,28.6,0.0,LOW,1.012,1.0,Elevated heat-related health risk
2025-12-27,28.3,0.0,LOW,1.006,1.0,Elevated heat-related health risk
2025-12-28,28.9,0.0,LOW,1.017,1.0,Elevated heat-related health risk
2025-12-29,29.0,0.0,LOW,1.019,1.0,Elevated heat-related health risk
2025-12-30,28.8,0.0,LOW,1.015,1.0,Elevated heat-related health risk
2025-12-31,28.0,0.0,LOW,1.0,1.0,Baseline heat-related health risk
2026-01-01,21.7,0.0,LOW,1.0,1.0,Baseline heat-related health risk
