date,Tmax,Tmean,RH_mean,HI_max,WBGT_max,heat_severity,temperature_score,heat_index_score,wbgt_score,heat_risk_score,risk_category,heat_streak,mortality_RR
2018-01-01,27.1,20.81578947368421,47.578947368421055,28.94307188711107,22.05105046824696,24.807859035792603,0,0,0,0.0,LOW,0,1.0
2018-01-02,27.1,19.79583333333333,47.375,28.48240690299552,20.657765463034654,23.787622039019,0,0,0,0.0,LOW,0,1.0
2018-01-03,27.0,19.508333333333333,43.75,29.9074829880711,20.538298079185303,24.285972042739623,0,0,0,0.0,LOW,0,1.0
2018-01-04,27.2,19.258333333333333,51.583333333333336,30.484956058737744,22.326738227253703,25.590025359847324,0,0,0,0.0,LOW,0,1.0
2018-01-05,26.1,18.425,55.91666666666666,29.419011171277816,20.007253581313183,23.77195661729904,0,0,0,0.0,LOW,0,1.0
2018-01-06,25.7,18.60833333333333,58.208333333333336,26.51023803682448,20.72076563451237,23.036554595437217,0,0,0,0.0,LOW,0,1.0
2018-01-07,25.9,18.995833333333334,44.66666666666666,31.67155846943784,20.028844287279824,24.68592996014303,0,0,0,0.0,LOW,0,1.0
2018-01-08,27.1,19.225,47.5,32.011698269315524,20.74720911275633,25.253004775380013,0,25,0,7.5,LOW,0,1.0
2018-01-09,28.0,21.05,46.125,27.63876735183117,21.567005365343864,23.99571015993879,0,0,0,0.0,LOW,0,1.0
2018-01-10,28.7,21.6875,46.04166666666666,27.62912928165112,21.97811249759603,24.238519211218065,0,0,0,0.0,LOW,0,1.013
2018-01-11,28.8,21.941666666666663,46.875,27.656177130791125,21.82661701322853,24.158441060253573,0,0,0,0.0,LOW,0,1.015
2018-01-12,29.9,23.65416666666667,46.458333333333336,28.73268675051561,23.496124687301663,25.590749512587244,0,0,0,0.0,LOW,0,1.037
2018-01-13,28.9,23.98333333333333,49.16666666666666,28.25872694427555,22.401902855357505,24.74463249092472,0,0,0,0.0,LOW,0,1.017
2018-01-14,30.9,24.5125,55.79166666666666,31.07249054955561,25.53184616636329,27.74810391964022,25,0,25,17.5,LOW,0,1.057
2018-01-15,31.1,23.808333333333334,53.75,30.373094376737843,25.428326979164456,27.40623393819381,25,0,25,17.5,LOW,0,1.061
2018-01-16,30.5,22.9125,52.625,29.31401876955556,24.266500711662168,26.285507934819528,25,0,0,7.5,LOW,0,1.049
2018-01-17,28.7,22.2625,54.958333333333336,27.781509353475567,23.27920123716113,25.08012448368691,0,0,0,0.0,LOW,0,1.013
2018-01-18,28.8,21.1125,55.375,27.765672245795567,23.06759574165688,24.946826343312352,0,0,0,0.0,LOW,0,1.015
2018-01-19,28.3,20.35833333333333,52.125,27.06843281415785,21.655843420412538,23.820879177910665,0,0,0,0.0,LOW,0,1.006
2018-01-20,29.1,20.75,49.208333333333336,29.93825400660442,22.78181606632434,25.64439124243637,0,0,0,0.0,LOW,0,1.021
2018-01-21,29.9,21.95833333333333,48.833333333333336,28.6597882547711,24.076837842709985,25.910018007534436,0,0,0,0.0,LOW,0,1.037
2018-01-22,28.8,21.683333333333334,46.708333333333336,27.95237541043558,23.735118533961963,25.42202128455141,0,0,0,0.0,LOW,0,1.015
2018-01-23,26.7,20.216666666666665,55.708333333333336,26.1994950162312,20.78463987283825,22.950581930195437,0,0,0,0.0,LOW,0,1.0
2018-01-24,26.8,19.566666666666663,49.833333333333336,29.47723348011556,20.645415048649635,24.178142421236004,0,0,0,0.0,LOW,0,1.0
2018-01-25,26.7,18.53333333333333,47.79166666666666,31.93012809047112,20.699267322619587,25.1916116297602,0,0,0,0.0,LOW,0,1.0
2018-01-26,27.2,18.9625,46.66666666666666,32.5525521194578,20.67592077980731,25.426573315667504,0,25,0,7.5,LOW,0,1.0
2018-01-27,28.2,19.641666666666666,45.79166666666666,32.23940900508444,21.93854807460856,26.058892446798914,0,25,0,7.5,LOW,0,1.004
2018-01-28,28.4,19.6875,48.41666666666666,30.08116649335779,22.02051856190952,25.244777734488828,0,0,0,0.0,LOW,0,1.008
2018-01-29,29.2,19.9875,48.958333333333336,30.62432095923558,22.1689271343028,25.551084664275912,0,0,0,0.0,LOW,0,1.023
2018-01-30,30.5,20.975,52.41666666666666,29.12877022961773,24.137880060750284,26.13423612829726,25,0,0,7.5,LOW,0,1.049
2018-01-31,31.6,22.52916666666667,50.875,30.471727980675634,25.109136798737914,27.254173271513004,25,0,25,17.5,LOW,0,1.071
2018-02-01,31.0,22.46666666666667,51.54166666666666,29.40807361377784,24.464995406781696,26.442226689580156,25,0,0,7.5,LOW,0,1.059
2018-02-02,29.9,22.916666666666668,47.0,28.59101792383114,23.51887172948116,25.547730207221157,0,0,0,0.0,LOW,0,1.037
2018-02-03,29.7,21.6,47.708333333333336,28.23903433431787,23.17365026456584,25.19980389246665,0,0,0,0.0,LOW,0,1.033
2018-02-04,29.9,21.995833333333334,43.41666666666666,28.40947591983784,23.56315995213632,25.501686339216928,0,0,0,0.0,LOW,0,1.037
2018-02-05,30.4,22.820833333333336,48.54166666666666,29.05500129463114,24.255955655211984,26.175573910979644,25,0,0,7.5,LOW,0,1.047
2018-02-06,26.1,22.308333333333334,63.75,26.640949287704505,21.57550752262094,23.601684228654364,0,0,0,0.0,LOW,0,1.0
2018-02-07,30.2,23.4125,54.333333333333336,29.10131137292449,24.86487092306546,26.55944710300907,25,0,0,7.5,LOW,0,1.043
2018-02-08,29.1,21.575,38.0,27.89152640259552,21.91791024839045,24.30735671007248,0,0,0,0.0,LOW,0,1.021
2018-02-09,28.5,20.866666666666667,34.625,31.172084880764423,21.11814013372562,25.139718032541143,0,0,0,0.0,LOW,0,1.01
2018-02-10,28.4,20.929166666666667,44.75,29.60625284977784,22.13214807460856,25.12178998467627,0,0,0,0.0,LOW,0,1.008
2018-02-11,27.4,21.25,63.875,27.00399695187552,23.005913806859425,24.60514706486586,0,0,0,0.0,LOW,0,1.0
2018-02-12,28.0,21.275,49.41666666666666,26.966970572444488,22.357007693742663,24.200992845223396,0,0,0,0.0,LOW,0,1.0
2018-02-13,29.3,21.683333333333334,41.625,28.507760487695595,22.26436002548943,24.761720210371895,0,0,0,0.0,LOW,0,1.025
2018-02-14,28.9,22.570833333333336,39.5,27.54942127531563,21.320409499407592,23.81201420977081,0,0,0,0.0,LOW,0,1.017
2018-02-15,30.2,22.433333333333334,41.91666666666666,28.563776565457843,23.154920311690127,25.31846281319721,25,0,0,7.5,LOW,0,1.043
2018-02-16,31.3,22.72083333333333,46.625,29.69838415191777,25.178252389038946,26.98630509419048,25,0,25,17.5,LOW,0,1.065
2018-02-17,31.7,23.429166666666664,42.91666666666666,29.80980657513561,24.49140416446861,26.61876512873541,25,0,0,7.5,LOW,0,1.073
2018-02-18,31.9,23.758333333333336,48.79166666666666,30.21729092971561,24.955971551322907,27.060499302679982,25,0,0,7.5,LOW,0,1.077
2018-02-19,32.4,24.766666666666666,51.625,31.039625888195587,26.3767726561442,28.241913948964758,25,0,25,17.5,LOW,0,1.087
2018-02-20,33.2,24.9375,47.125,31.640587061075607,26.220402500025852,28.388476324445755,25,0,25,17.5,LOW,0,1.104
2018-02-21,33.6,25.016666666666666,45.958333333333336,31.72578458067556,26.42019297246061,28.54242961574659,25,0,25,17.5,LOW,0,1.113
2018-02-22,33.4,25.3875,46.29166666666666,31.71400140129783,26.41191628358197,28.532750330668318,25,0,25,17.5,LOW,0,1.108
2018-02-23,33.0,25.441666666666663,47.5,31.729876451555533,26.562471329081536,28.62943337807113,25,0,25,17.5,LOW,0,1.1
2018-02-24,32.8,25.508333333333336,41.41666666666666,31.503723487991167,26.549799224932627,28.53136893015604,25,0,25,17.5,LOW,0,1.096
2018-02-25,34.4,26.616666666666664,40.5,32.61451366180447,26.24719033084452,28.7941196632285,25,25,25,25.0,MODERATE,0,1.13
2018-02-26,34.9,26.8875,37.54166666666666,33.317617835084455,26.948512180972664,29.49615444261738,25,25,25,25.0,MODERATE,0,1.141
2018-02-27,34.9,27.191666666666663,40.04166666666666,33.317617835084455,27.289061192877107,29.700483849760047,25,25,25,25.0,MODERATE,0,1.141
2018-02-28,35.8,27.77916666666667,36.875,33.98210396095111,27.62662016443791,30.16881368304319,50,25,25,32.5,MODERATE,0,1.16
2018-03-01,35.3,28.05,33.75,33.512285298551134,27.18985475914373,29.71882697490669,50,25,25,32.5,MODERATE,0,1.149
2018-03-02,35.0,27.71666666666667,34.375,33.052885393271126,26.777871025693333,29.28787677272445,50,25,25,32.5,MODERATE,0,1.143
2018-03-03,34.0,26.604166666666668,37.0,31.874596907555592,24.916408367489858,27.69968378351615,25,0,0,7.5,LOW,0,1.121
2018-03-04,32.9,26.21666666666667,41.708333333333336,30.9908202365756,25.268042231839107,27.557153433733703,25,0,25,17.5,LOW,0,1.098
2018-03-05,33.7,26.29583333333333,39.41666666666666,31.83354879273561,26.520014173969088,28.64542802147569,25,0,25,17.5,LOW,0,1.115
2018-03-06,34.3,26.366666666666664,34.708333333333336,32.186081852435564,26.065496571263218,28.51373068373216,25,25,25,25.0,MODERATE,0,1.128
2018-03-07,34.8,26.77916666666667,33.875,32.93966334775118,26.077347415202183,28.822273788221786,25,25,25,25.0,MODERATE,0,1.138
2018-03-08,35.7,27.5625,37.91666666666666,34.46791006335781,27.66834549084075,30.38817131984757,50,25,25,32.5,MODERATE,0,1.158
2018-03-09,35.2,27.2125,41.41666666666666,33.53309114643562,27.417898083030003,29.86397530839225,50,25,25,32.5,MODERATE,0,1.147
2018-03-10,34.8,26.808333333333334,41.16666666666666,33.19860046300449,27.645722804607423,29.866873867966248,25,25,25,25.0,MODERATE,0,1.138
2018-03-11,35.0,26.616666666666664,42.125,33.297485255555564,27.40581233693953,29.762481504385946,50,25,25,32.5,MODERATE,0,1.143
2018-03-12,35.2,26.54583333333333,37.333333333333336,32.70172536972448,26.579247921428745,29.02823890074704,50,25,25,32.5,MODERATE,0,1.147
2018-03-13,34.1,26.65416666666667,35.083333333333336,32.38601230228451,26.51992151363524,28.866357829094948,25,25,25,25.0,MODERATE,0,1.123
2018-03-14,33.7,26.741666666666664,35.458333333333336,31.737198220151136,25.340854662433784,27.899392085520724,25,0,25,17.5,LOW,0,1.115
2018-03-15,34.6,26.775,41.54166666666666,32.2497655197156,25.9367046002875,28.46192896805874,25,25,25,25.0,MODERATE,0,1.134
2018-03-16,34.7,27.2875,36.25,32.513790301704454,26.35621883842592,28.81924742373733,25,25,25,25.0,MODERATE,0,1.136
2018-03-17,35.6,28.558333333333334,29.95833333333333,33.17424100273779,26.38509040630331,29.100750644877103,50,25,25,32.5,MODERATE,0,1.156
2018-03-18,35.0,27.73333333333333,30.041666666666668,33.04518861111118,26.21644625619874,28.94794319816372,50,25,25,32.5,MODERATE,0,1.143
2018-03-19,34.2,27.979166666666668,34.875,32.62543038465787,25.97413854379508,28.634655280140198,25,25,25,25.0,MODERATE,0,1.125
2018-03-20,34.5,27.575,36.333333333333336,32.3965806535556,25.731711448831263,28.397659130721,25,25,25,25.0,MODERATE,0,1.132
2018-03-21,33.5,26.491666666666664,36.125,31.44307054461113,26.249846166363287,28.327135917662424,25,0,25,17.5,LOW,0,1.111
2018-03-22,33.7,27.0,37.25,31.49560809410445,25.45708310832557,27.87249310263712,25,0,25,17.5,LOW,0,1.115
2018-03-23,34.9,27.1375,31.916666666666668,32.54963279281558,25.7797366847168,28.48769512795631,25,25,25,25.0,MODERATE,0,1.141
2018-03-24,36.3,28.85,28.291666666666668,34.00176045049556,26.52997035663353,29.518686394178346,50,25,25,32.5,MODERATE,0,1.171
2018-03-25,37.6,30.175,24.58333333333333,35.137765544764484,26.88603820112609,30.18672913858145,50,25,25,32.5,MODERATE,0,1.201
2018-03-26,38.3,30.016666666666666,24.166666666666668,35.88723762042444,27.672534339094497,30.958415651626478,50,25,25,32.5,MODERATE,0,1.217
2018-03-27,38.3,29.416666666666668,25.291666666666668,35.596387973091126,27.711653785765463,30.865547460695726,50,25,25,32.5,MODERATE,0,1.217
2018-03-28,38.8,29.391666666666666,28.83333333333333,36.275707823777765,28.8612717962057,31.827046207234524,50,25,50,42.5,MODERATE,0,1.229
2018-03-29,39.9,30.616666666666664,31.83333333333333,37.76837511571561,29.856495961422336,33.021247623139644,50,25,50,42.5,MODERATE,0,1.255
2018-03-30,40.1,31.354166666666668,26.0,37.08911753481558,28.42217462788695,31.888951790658403,75,25,50,50.0,HIGH,0,1.259
2018-03-31,39.7,30.433333333333334,24.70833333333333,36.40877458303783,26.562015719085885,30.50071926466666,50,25,25,32.5,MODERATE,0,1.25
2018-04-01,37.9,30.0875,29.5,36.12601675418447,28.79012917233059,31.72448420507214,50,25,50,42.5,MODERATE,0,1.208
2018-04-02,39.0,30.566666666666663,31.70833333333333,37.04763263155558,29.334796285193065,32.41993082373807,50,25,50,42.5,MODERATE,0,1.233
2018-04-03,38.7,31.3625,26.875,36.32340717402448,27.70374452452024,31.15160958432193,50,25,25,32.5,MODERATE,0,1.226
2018-04-04,39.0,31.27083333333333,28.041666666666668,37.04763263155558,28.57383935065081,31.96335666301272,50,25,50,42.5,MODERATE,0,1.233
2018-04-05,37.9,30.6125,33.75,36.12601675418447,28.42772935466462,31.50704431447256,50,25,50,42.5,MODERATE,0,1.208
2018-04-06,37.7,30.125,37.333333333333336,37.54075361836448,29.30711080023917,32.600567927489294,50,25,50,42.5,MODERATE,0,1.203
2018-04-07,37.8,30.14583333333333,39.208333333333336,36.61958467255111,29.601189693804063,32.40854768530288,50,25,50,42.5,MODERATE,0,1.205
2018-04-08,37.7,30.012500000000003,41.29166666666666,37.34865807129558,30.56629908948098,33.27924268220682,50,25,50,42.5,MODERATE,0,1.203
2018-04-09,38.4,30.07083333333333,42.458333333333336,37.30808019103112,30.29953475228395,33.102952927782816,50,25,50,42.5,MODERATE,0,1.219
2018-04-10,38.7,30.3125,41.54166666666666,37.83784181215117,30.04788403615393,33.163867146552825,50,25,50,42.5,MODERATE,0,1.226
2018-04-11,38.8,31.0625,42.16666666666666,38.30292895761558,30.818934011358056,33.812531989861064,50,50,50,50.0,HIGH,0,1.229
2018-04-12,37.7,31.44583333333333,43.16666666666666,37.42641083895121,30.44982366839947,33.24045853662017,50,25,50,42.5,MODERATE,0,1.203
2018-04-13,38.3,31.679166666666664,41.04166666666666,38.277874661111184,31.02669942571567,33.92716951987387,50,50,75,60.0,HIGH,0,1.217
2018-04-14,39.5,32.24166666666667,35.458333333333336,38.67545768775785,31.099989267691345,34.130176635717945,50,50,75,60.0,HIGH,0,1.245
2018-04-15,39.4,32.891666666666666,30.83333333333333,38.004962627484495,29.67320544809097,33.00590831984839,50,50,50,50.0,HIGH,0,1.243
2018-04-16,39.6,32.59166666666667,33.791666666666664,38.6748739526111,30.04315066811856,33.49583998191557,50,50,50,50.0,HIGH,0,1.247
2018-04-17,39.8,32.520833333333336,29.83333333333333,37.77555870721781,28.69180433699595,32.32530608508469,50,25,50,42.5,MODERATE,0,1.252
2018-04-18,40.3,32.875,27.45833333333333,38.38118329681559,29.62401978752256,33.12688519123977,75,50,50,57.5,HIGH,0,1.264
2018-04-19,40.8,33.666666666666664,25.375,39.005072790915584,29.679800355985805,33.40990932995771,75,50,50,57.5,HIGH,0,1.276
2018-04-20,38.8,32.425000000000004,35.791666666666664,38.24754846723561,29.41716753991928,32.94931991084581,50,50,50,50.0,HIGH,0,1.229
2018-04-21,36.8,30.46666666666667,36.458333333333336,34.3109368188178,26.950638142847623,29.894757613235694,50,25,25,32.5,MODERATE,0,1.183
2018-04-22,38.2,30.65,23.166666666666668,35.3943004661312,27.69000432202631,30.771722779668263,50,25,25,32.5,MODERATE,0,1.215
2018-04-23,39.2,31.016666666666666,18.125,36.08099038572448,27.0262617063916,30.648153178124755,50,25,25,32.5,MODERATE,0,1.238
2018-04-24,39.5,30.854166666666668,18.20833333333333,36.22931637127781,27.21638219424119,30.821555865055835,50,25,25,32.5,MODERATE,0,1.245
2018-04-25,39.5,31.53333333333333,22.791666666666668,36.907408726595605,28.106574499604672,31.626908190401046,50,25,50,42.5,MODERATE,0,1.245
2018-04-26,39.9,31.64583333333333,38.5,38.26444519868447,29.89700813701934,33.24398296168539,50,50,50,50.0,HIGH,0,1.255
2018-04-27,40.1,32.87916666666667,43.958333333333336,41.68565237236445,32.21709014407578,36.00451503539125,75,50,75,67.5,HIGH,0,1.259
2018-04-28,41.3,33.675000000000004,39.91666666666666,42.27320415555557,32.28191049768517,36.278427960833326,75,50,75,67.5,HIGH,0,1.289
2018-04-29,42.0,33.17916666666667,42.04166666666666,40.81091595955557,30.81948986530105,34.816060303002864,75,50,50,57.5,HIGH,0,1.306
2018-04-30,42.6,33.704166666666666,38.25,41.93163956355555,30.90875069401877,35.317906241833484,75,50,50,57.5,HIGH,0,1.321
2018-05-01,42.1,33.416666666666664,37.708333333333336,40.90641338283555,30.63885584172448,34.74587885816891,75,50,50,57.5,HIGH,0,1.308
2018-05-02,42.3,32.795833333333334,46.16666666666666,40.48780485977782,31.278953869051996,34.96249426534233,75,50,75,67.5,HIGH,0,1.313
2018-05-03,41.3,32.6625,44.0,40.19116199523555,30.25155913499405,34.227400279090645,75,50,50,57.5,HIGH,0,1.289
2018-05-04,40.7,33.233333333333334,51.5,41.86716616793787,32.35934471595714,36.16247329674943,75,50,75,67.5,HIGH,0,1.274
2018-05-05,41.7,34.02916666666667,43.5,40.75884306905783,30.858698994139974,34.81875662410712,75,50,50,57.5,HIGH,0,1.298
2018-05-06,41.2,34.12083333333333,30.666666666666668,39.46661685361779,29.667510509010032,33.58715304685313,75,50,50,57.5,HIGH,0,1.286
2018-05-07,39.5,32.2875,38.75,38.004962627484495,29.99470459676804,33.19880780905462,50,50,50,50.0,HIGH,0,1.245
2018-05-08,40.1,32.737500000000004,42.708333333333336,39.58515455044447,30.821318384622558,34.32685285095132,75,50,50,57.5,HIGH,0,1.259
2018-05-09,41.2,33.75833333333333,40.083333333333336,39.86559604940445,30.768873324181868,34.4075624142709,75,50,50,57.5,HIGH,0,1.286
2018-05-10,42.2,34.80833333333333,31.916666666666668,41.07598559539559,31.263271067316808,35.18835687854832,75,50,75,67.5,HIGH,0,1.311
2018-05-11,42.5,35.17916666666667,34.458333333333336,42.20893756059554,31.52137073580292,35.79639746571996,75,50,75,67.5,HIGH,0,1.318
2018-05-12,41.8,34.4625,34.583333333333336,40.35301343969785,30.404471561043785,34.383888312505405,75,50,50,57.5,HIGH,0,1.301
2018-05-13,41.9,34.62916666666667,38.208333333333336,41.50910504812445,31.787427435901265,35.67609848079054,75,50,75,67.5,HIGH,0,1.303
2018-05-14,41.4,34.354166666666664,40.5,41.05116896307556,31.69882547064124,35.43976286761496,75,50,75,67.5,HIGH,0,1.291
2018-05-15,42.4,34.7,35.125,41.3067409640978,31.375723653046958,35.34813057746729,75,50,75,67.5,HIGH,0,1.316
2018-05-16,42.1,34.44583333333333,40.25,42.27963475135112,31.74111270853753,35.956521525662964,75,50,75,67.5,HIGH,0,1.308
2018-05-17,43.1,35.59166666666667,38.75,42.01769177521558,31.73735907466206,35.849492154883464,75,50,75,67.5,HIGH,0,1.333
2018-05-18,42.5,35.329166666666666,35.5,41.58360064985784,31.119327808375857,35.30503694496865,75,50,75,67.5,HIGH,0,1.318
2018-05-19,41.7,34.275,40.375,40.67820995637115,30.56642278804965,34.61113765537825,75,50,50,57.5,HIGH,0,1.298
2018-05-20,42.9,35.420833333333334,36.91666666666666,41.1253979113245,30.959618096959844,35.02593002270571,75,50,50,57.5,HIGH,0,1.328
2018-05-21,42.3,34.704166666666666,34.625,41.3067409640978,31.62395391901846,35.4970687370502,75,50,75,67.5,HIGH,0,1.313
2018-05-22,42.5,34.545833333333334,36.91666666666666,41.72275817729782,31.689807015049787,35.702987479949,75,50,75,67.5,HIGH,0,1.318
2018-05-23,44.0,35.608333333333334,32.041666666666664,40.70379169644446,30.38476114864519,34.512373367764894,75,50,50,57.5,HIGH,0,1.357
2018-05-24,42.6,35.5,25.541666666666668,40.20669103943115,29.76575598763999,33.94213000835646,75,50,50,57.5,HIGH,0,1.321
2018-05-25,41.1,33.954166666666666,36.875,39.34321893433778,30.571104950348424,34.07995054394417,75,50,50,57.5,HIGH,0,1.284
2018-05-26,43.0,35.300000000000004,41.083333333333336,43.56309106111113,32.5694193959457,36.96688806201188,75,75,75,75.0,EXTREME,1,1.331
2018-05-27,43.8,36.12916666666667,39.625,44.05513152055115,32.553997641702715,37.15445119324209,75,75,75,75.0,EXTREME,2,1.351
2018-05-28,43.0,35.775,42.583333333333336,44.50868299444448,33.03755720058906,37.62600751813123,75,75,75,75.0,EXTREME,3,1.331
2018-05-29,42.2,33.74166666666667,55.66666666666666,44.02427313810449,32.477705329640635,37.09633245302618,75,75,75,75.0,EXTREME,4,1.311
2018-05-30,41.2,33.733333333333334,54.66666666666666,44.8044543225756,32.68851800950533,37.53489253473344,75,75,75,75.0,EXTREME,5,1.286
2018-05-31,41.2,34.3125,53.583333333333336,45.5434945741511,33.373222120629414,38.24133110203809,75,75,75,75.0,EXTREME,6,1.286
2018-06-01,41.2,34.7125,48.0,45.5434945741511,32.91077245348194,37.9638613017496,75,75,75,75.0,EXTREME,7,1.286
2018-06-02,41.4,35.354166666666664,46.833333333333336,45.01457578059559,33.73188893066485,38.24496367063715,75,75,75,75.0,EXTREME,8,1.291
2018-06-03,41.5,35.06666666666667,46.208333333333336,45.12934311705564,32.848142453432345,37.76062271888166,75,75,75,75.0,EXTREME,9,1.293
2018-06-04,41.5,34.608333333333334,50.5,44.73635343921555,32.5980681775388,37.4533822822095,75,75,75,75.0,EXTREME,10,1.293
2018-06-05,42.2,35.541666666666664,45.833333333333336,44.95883375059559,32.93566552027393,37.7449328124026,75,75,75,75.0,EXTREME,11,1.311
2018-06-06,42.4,35.858333333333334,43.458333333333336,44.10854600577781,32.249092192203484,36.992873717633216,75,75,75,75.0,EXTREME,12,1.316
2018-06-07,42.5,34.862500000000004,49.54166666666666,44.95883375059559,32.42782175111555,37.44022655090757,75,75,75,75.0,EXTREME,13,1.318
2018-06-08,41.4,34.391666666666666,52.375,45.52148768882451,32.75642925771699,37.86245263015999,75,75,75,75.0,EXTREME,14,1.291
2018-06-09,40.9,34.45,53.75,44.32954539383124,31.3569959011163,36.54601569820228,75,75,75,75.0,EXTREME,15,1.279
2018-06-10,41.2,34.704166666666666,53.75,45.5434945741511,32.44071344681938,37.68182589775206,75,75,75,75.0,EXTREME,16,1.286
2018-06-11,41.3,34.90833333333334,51.583333333333336,45.5434945741511,32.475916733789674,37.70294786993424,75,75,75,75.0,EXTREME,17,1.289
2018-06-12,41.2,34.045833333333334,52.75,44.72426576535117,32.059629257716985,37.12548386077066,75,75,75,75.0,EXTREME,18,1.286
2018-06-13,41.7,34.40416666666667,47.04166666666666,43.05800117409783,31.29827103258897,36.002163089192514,75,75,75,75.0,EXTREME,19,1.298
2018-06-14,41.1,33.62916666666667,50.04166666666666,42.12890261188448,30.267767779787675,35.0122217126264,75,50,50,57.5,HIGH,0,1.284
2018-06-15,40.6,33.47083333333333,51.333333333333336,42.94657018156443,30.79529410147032,35.65580453350796,75,50,50,57.5,HIGH,0,1.271
2018-06-16,38.3,32.475,56.66666666666666,41.08820973577559,29.494567779787676,34.13202456218284,50,50,50,50.0,HIGH,0,1.217
2018-06-17,38.4,32.75416666666667,56.458333333333336,41.81343176599774,29.34058799630172,34.32972550418013,50,50,50,50.0,HIGH,0,1.219
2018-06-18,40.0,33.550000000000004,54.25,43.55856713833779,31.57877948483459,36.37069454623588,75,75,75,75.0,EXTREME,1,1.257
2018-06-19,40.3,33.920833333333334,51.125,43.68996179201781,32.07528694612738,36.72115688448355,75,75,75,75.0,EXTREME,2,1.264
2018-06-20,41.4,34.5625,45.958333333333336,42.69505165071784,31.437950302400697,35.94079084172755,75,50,75,67.5,HIGH,0,1.291
2018-06-21,41.3,33.795833333333334,51.708333333333336,43.654099469111216,32.66014448824707,37.05772648059273,75,75,75,75.0,EXTREME,1,1.289
2018-06-22,40.4,33.575,53.208333333333336,44.39593920291559,33.21964338703588,37.690161713387766,75,75,75,75.0,EXTREME,2,1.267
2018-06-23,39.7,33.85,53.583333333333336,44.860764807617855,33.034422734338364,37.76495956365016,50,75,75,67.5,HIGH,0,1.25
2018-06-24,34.0,30.7125,67.5,39.441867661777856,29.035373442125604,33.197971129986506,25,50,50,42.5,MODERATE,0,1.121
2018-06-25,37.7,31.625,62.41666666666666,42.74527090449549,30.80442407645021,35.58076280766832,50,50,50,50.0,HIGH,0,1.203
2018-06-26,37.3,31.375,63.29166666666666,39.55874547913564,28.360311122938803,32.83968486541754,50,50,50,50.0,HIGH,0,1.194
2018-06-27,37.5,31.725,60.583333333333336,40.676934581944494,30.82806664973752,34.76761382262031,50,50,50,50.0,HIGH,0,1.198
2018-06-28,35.3,31.179166666666664,64.33333333333333,40.2883162555556,30.32444267607974,34.30999210787009,50,50,50,50.0,HIGH,0,1.149
2018-06-29,37.2,30.854166666666668,68.20833333333333,41.02679127023115,31.2040133721846,35.13312453140322,50,50,75,60.0,HIGH,0,1.192
2018-06-30,36.5,31.079166666666666,64.75,39.5468747913956,30.4888067923383,34.11203399196122,50,50,50,50.0,HIGH,0,1.176
2018-07-01,37.7,31.52916666666667,62.66666666666666,41.47716867483555,30.702878880976105,35.012594798519885,50,50,50,50.0,HIGH,0,1.203
2018-07-02,36.9,30.370833333333334,72.66666666666667,41.81343176599774,30.87694798665859,35.251541498394246,50,50,50,50.0,HIGH,0,1.185
2018-07-03,32.0,28.15,84.29166666666667,38.33335376355572,27.69741329200986,31.951789480628204,25,50,25,32.5,MODERATE,0,1.079
2018-07-04,31.0,28.3375,80.29166666666667,36.804242374095615,26.843819631254284,30.827988728390817,25,25,25,25.0,MODERATE,0,1.059
2018-07-05,36.0,30.425,68.41666666666667,40.620089649777896,30.07708707492506,34.2942881048662,50,50,50,50.0,HIGH,0,1.165
2018-07-06,35.7,30.7,67.45833333333333,40.43800889463115,30.275527694898827,34.34052017479176,50,50,50,50.0,HIGH,0,1.158
2018-07-07,35.0,30.9125,65.5,39.9103602111111,29.559937716939352,33.70010671460805,50,50,50,50.0,HIGH,0,1.143
2018-07-08,35.5,31.025,66.08333333333333,40.666307449111166,30.489676859875736,34.56032909556991,50,50,50,50.0,HIGH,0,1.154
2018-07-09,35.5,31.15416666666667,64.25,40.666307449111166,30.201650260570265,34.38751313598662,50,50,50,50.0,HIGH,0,1.154
2018-07-10,33.3,29.53333333333333,77.58333333333333,39.55443845001568,29.14679385643015,33.30985169386436,25,50,50,42.5,MODERATE,0,1.106
2018-07-11,30.4,27.691666666666663,87.70833333333333,36.30769416242455,26.88345704500955,30.653151891975547,25,25,25,25.0,MODERATE,0,1.047
2018-07-12,29.4,27.1875,90.66666666666669,36.3722031758758,28.13482354502832,31.429775397367315,0,25,50,27.5,MODERATE,0,1.027
2018-07-13,29.8,27.46666666666667,88.20833333333333,36.20765677507556,27.89014354019201,31.217148834145423,0,25,25,17.5,LOW,0,1.035
2018-07-14,30.2,27.425,90.70833333333331,37.9906273624357,29.20183376787397,32.71735120569866,25,25,50,35.0,MODERATE,0,1.043
2018-07-15,29.0,27.0875,92.79166666666669,35.40801243511108,27.065345162826095,30.40241207174009,0,25,25,17.5,LOW,0,1.019
2018-07-16,29.3,26.854166666666668,92.33333333333331,36.56565233109106,28.693082819173814,31.842110623940712,0,25,50,27.5,MODERATE,0,1.025
2018-07-17,30.1,27.370833333333334,86.25,36.574860963671206,28.301605634608983,31.61090776623388,25,25,50,35.0,MODERATE,0,1.041
2018-07-18,29.8,27.4,83.66666666666667,35.02433855132435,26.29315250680948,29.785626924615425,0,25,25,17.5,LOW,0,1.035
2018-07-19,31.8,27.35,86.16666666666667,38.46829974935109,29.035423718959237,32.808574131115975,25,50,50,42.5,MODERATE,0,1.075
2018-07-20,28.3,26.191666666666663,94.0,34.13166611225802,26.81575855436076,29.742121577519665,0,25,25,17.5,LOW,0,1.006
2018-07-21,27.6,26.241666666666664,93.66666666666669,32.80229348663137,26.401478544629008,28.961804521429958,0,25,25,17.5,LOW,0,1.0
2018-07-22,31.2,27.866666666666664,82.625,36.639429006951175,27.52368089427028,31.169980139342638,25,25,25,25.0,MODERATE,0,1.063
2018-07-23,28.6,27.1,85.91666666666667,33.27263947521791,25.922717298985688,28.86268616947858,0,25,25,17.5,LOW,0,1.012
2018-07-24,27.2,26.20833333333333,93.54166666666669,31.552786918791096,25.875344004322333,28.14632117010984,0,0,25,10.0,LOW,0,1.0
2018-07-25,28.2,26.883333333333336,86.625,33.28968426759109,25.575077815429974,28.660920396294426,0,25,25,17.5,LOW,0,1.004
2018-07-26,31.0,27.725,77.95833333333333,35.6165008484444,26.336595222078863,30.04855747262508,25,25,25,25.0,MODERATE,0,1.059
2018-07-27,31.2,28.15833333333333,77.75,36.0769945446045,27.04651536241998,30.658707035293787,25,25,25,25.0,MODERATE,0,1.063
2018-07-28,32.7,28.52083333333333,76.0,37.54580958161787,27.760149626679453,31.67441360865482,25,25,25,25.0,MODERATE,0,1.094
2018-07-29,31.5,28.116666666666664,78.33333333333333,36.43454246711112,28.238092370336737,31.516672409046485,25,25,50,35.0,MODERATE,0,1.069
2018-07-30,32.3,28.729166666666668,74.375,36.41412876303109,28.670818896195808,31.76814284292992,25,25,50,35.0,MODERATE,0,1.085
2018-07-31,32.3,28.625,74.125,37.004347798764535,28.32014739410921,31.793827555971337,25,25,50,35.0,MODERATE,0,1.085
2018-08-01,32.9,29.008333333333336,72.66666666666667,37.512626383804495,28.517225099974915,32.115385613506746,25,25,50,35.0,MODERATE,0,1.098
2018-08-02,32.5,28.820833333333336,73.45833333333333,36.7808248200712,27.99085255037173,31.50684145825152,25,25,25,25.0,MODERATE,0,1.09
2018-08-03,33.3,28.8875,74.41666666666667,37.90810286197111,28.646411608234008,32.35108810972885,25,25,50,35.0,MODERATE,0,1.106
2018-08-04,32.9,28.945833333333336,71.16666666666667,37.273004613464565,28.120280105932046,31.78136990894505,25,25,50,35.0,MODERATE,0,1.098
2018-08-05,32.5,28.8875,69.5,36.70237470555564,27.32734545021082,31.07735715234875,25,25,25,25.0,MODERATE,0,1.09
2018-08-06,32.1,28.7125,69.70833333333333,35.66073354644448,26.94905448413592,30.433726109059343,25,25,25,25.0,MODERATE,0,1.081
2018-08-07,32.4,28.4625,73.08333333333333,35.84928180411557,27.806753595821107,31.02376487913889,25,25,25,25.0,MODERATE,0,1.087
2018-08-08,30.7,27.766666666666666,78.625,34.45528245019576,26.88915359582111,29.91560513757097,25,25,25,25.0,MODERATE,0,1.053
2018-08-09,29.7,27.079166666666666,86.25,34.54499928521792,27.387867707468374,30.250720338568197,0,25,25,17.5,LOW,0,1.033
2018-08-10,32.6,28.758333333333336,74.83333333333333,37.39010061219566,29.368716986160667,32.577270436574665,25,25,50,35.0,MODERATE,0,1.092
2018-08-11,31.9,28.679166666666664,73.83333333333333,36.90573619219542,28.09490787122732,31.61923919961456,25,25,50,35.0,MODERATE,0,1.077
2018-08-12,31.6,28.629166666666663,73.83333333333333,37.17949199405116,27.440048461903903,31.335825874762808,25,25,25,25.0,MODERATE,0,1.071
2018-08-13,32.6,28.90833333333333,74.0,37.53769789623125,27.947687228182616,31.78369149540207,25,25,25,25.0,MODERATE,0,1.092
2018-08-14,32.7,28.766666666666666,74.45833333333333,37.45117270045119,28.29176430642326,31.95552766403443,25,25,50,35.0,MODERATE,0,1.094
2018-08-15,31.3,28.65833333333333,74.95833333333333,36.31062581460455,27.900049111898323,31.26427979298081,25,25,25,25.0,MODERATE,0,1.065
2018-08-16,32.4,29.183333333333334,71.79166666666667,37.632968615271146,28.04025217758774,31.877338752661103,25,25,50,35.0,MODERATE,0,1.087
2018-08-17,28.3,25.945833333333336,89.625,33.3912979260712,26.32058952885749,29.14887288774297,0,25,25,17.5,LOW,0,1.006
2018-08-18,29.9,26.6125,86.08333333333333,34.33203095058457,26.91926972979113,29.884374218108505,0,25,25,17.5,LOW,0,1.037
2018-08-19,29.8,26.525,88.375,35.75722778935101,27.806486080557622,30.98678276407498,0,25,25,17.5,LOW,0,1.035
2018-08-20,30.1,27.058333333333334,86.125,35.53257759593781,27.949949173049838,30.983000542205023,25,25,25,25.0,MODERATE,0,1.041
2018-08-21,26.5,25.5375,93.83333333333331,29.56228420511126,25.21978460293453,26.956784443805223,0,0,25,10.0,LOW,0,1.0
2018-08-22,28.5,25.8125,92.33333333333331,33.76080746505568,27.057095226156484,29.73858012171616,0,25,25,17.5,LOW,0,1.01
2018-08-23,29.2,26.441666666666663,87.75,34.1940098909512,26.756646643163137,29.73159194227836,0,25,25,17.5,LOW,0,1.023
2018-08-24,30.5,26.98333333333333,82.70833333333333,37.12206514155554,28.957538040601428,32.22334888098307,25,25,50,35.0,MODERATE,0,1.049
2018-08-25,29.6,26.84166666666667,82.5,35.22548131207107,28.24400631710992,31.03659631509438,0,25,50,27.5,MODERATE,0,1.031
2018-08-26,29.3,26.25,86.125,34.15187225241564,27.2583344505479,30.015749571295,0,25,25,17.5,LOW,0,1.025
2018-08-27,30.4,26.929166666666664,79.70833333333333,33.611682245937764,27.942273893452263,30.210037234446464,25,25,25,25.0,MODERATE,0,1.047
2018-08-28,30.0,27.120833333333334,78.66666666666667,33.88214561111116,27.895003054727653,30.289860077281052,25,25,25,25.0,MODERATE,0,1.039
2018-08-29,25.7,24.754166666666663,92.0,27.30816340779545,24.91296329796569,25.8710433418976,0,0,0,0.0,LOW,0,1.0
2018-08-30,29.8,26.058333333333334,86.16666666666667,34.103514687004505,27.37034704772094,30.063614103434368,0,25,25,17.5,LOW,0,1.035
2018-08-31,29.1,26.35833333333333,84.70833333333333,33.29787407955561,26.86454509704723,29.437876690050583,0,25,25,17.5,LOW,0,1.021
2018-09-01,27.3,25.5625,90.45833333333331,30.644267293535577,25.258776126440537,27.412972593278557,0,0,25,10.0,LOW,0,1.0
2018-09-02,29.3,26.35833333333333,85.33333333333333,34.44787505455117,27.471361110464468,30.26196668809915,0,25,25,17.5,LOW,0,1.025
2018-09-03,29.5,26.325,83.91666666666667,33.85140520705555,27.77212822242752,30.20383901627873,0,25,25,17.5,LOW,0,1.029
2018-09-04,30.3,26.679166666666664,80.5,33.44088429559791,26.98451247666049,29.56706120423546,25,25,25,25.0,MODERATE,0,1.045
2018-09-05,30.6,26.5375,76.20833333333333,33.39425485609563,26.464871146060943,29.236624630074814,25,25,25,25.0,MODERATE,0,1.051
2018-09-06,30.9,26.21666666666667,75.08333333333333,33.444527163875655,26.92143501970307,29.530671877372104,25,25,25,25.0,MODERATE,0,1.057
2018-09-07,30.0,25.883333333333336,77.75,32.64574847868452,26.811844862768453,29.14540630913488,25,25,25,25.0,MODERATE,0,1.039
2018-09-08,27.8,25.48333333333333,83.375,30.1629650678577,24.947100333811665,27.03344622743008,0,0,0,0.0,LOW,0,1.0
2018-09-09,28.0,25.191666666666663,85.70833333333333,30.03112471511116,24.97814823071868,26.99933882447567,0,0,0,0.0,LOW,0,1.0
2018-09-10,29.5,26.508333333333336,81.75,32.83214998511109,26.514210625340635,29.041386369248816,0,25,25,17.5,LOW,0,1.029
2018-09-11,31.0,26.96666666666667,78.25,34.35798335955565,27.394700115586765,30.18001341317432,25,25,25,25.0,MODERATE,0,1.059
2018-09-12,29.8,26.725,78.83333333333333,33.45516812855104,26.808021796955472,29.4668803295937,0,25,25,17.5,LOW,0,1.035
2018-09-13,30.6,26.7875,77.16666666666667,33.566488354595585,26.818396605084377,29.51763330488886,25,25,25,25.0,MODERATE,0,1.051
2018-09-14,31.0,27.195833333333336,76.45833333333333,34.18938437372444,27.603797890576804,30.238032483835852,25,25,25,25.0,MODERATE,0,1.059
2018-09-15,30.6,27.254166666666663,78.375,34.3129170017778,28.23696720098019,30.66734712129923,25,25,50,35.0,MODERATE,0,1.051
2018-09-16,30.2,26.870833333333334,81.375,35.27894286625789,29.30255560198202,31.69311050769237,25,25,50,35.0,MODERATE,0,1.043
2018-09-17,30.8,27.183333333333334,78.45833333333333,35.44984873775124,29.1876891776096,31.69255300166625,25,25,50,35.0,MODERATE,0,1.055
2018-09-18,32.0,27.8125,74.91666666666667,36.784657198444485,29.69597909020853,32.53145033350291,25,25,50,35.0,MODERATE,0,1.079
2018-09-19,32.4,28.120833333333334,72.54166666666667,36.7808248200712,29.3945122961935,32.34903730574458,25,25,50,35.0,MODERATE,0,1.087
2018-09-20,32.7,28.09166666666667,69.95833333333333,37.004347798764535,29.51580600611813,32.51122272317669,25,25,50,35.0,MODERATE,0,1.094
2018-09-21,34.1,29.254166666666663,59.66666666666666,38.61308265730455,29.46948734792241,33.126925471675264,25,50,50,42.5,MODERATE,0,1.123
2018-09-22,32.3,28.058333333333334,72.29166666666667,38.107001950995496,30.69752827949168,33.661317748093204,25,50,50,42.5,MODERATE,0,1.085
2018-09-23,30.0,26.8875,86.29166666666667,36.027103719671146,27.34592594402269,30.818397054282077,25,25,25,25.0,MODERATE,0,1.039
2018-09-24,32.8,28.10833333333333,79.0,39.01198626161779,30.589842578850416,33.958700051957365,25,50,50,42.5,MODERATE,0,1.096
2018-09-25,32.6,27.77083333333333,76.20833333333333,35.978998289431225,29.883183873177725,32.32150963967912,25,25,50,35.0,MODERATE,0,1.092
2018-09-26,33.2,27.304166666666664,69.79166666666667,35.04958400977563,29.385376144962077,31.651059290887492,25,25,50,35.0,MODERATE,0,1.104
2018-09-27,34.1,27.75,65.33333333333333,40.09279065287127,29.352748573793168,33.64876540542441,25,50,50,42.5,MODERATE,0,1.123
2018-09-28,34.6,28.1375,60.375,37.225717092071214,29.87634795666569,32.8160956108279,25,25,50,35.0,MODERATE,0,1.134
2018-09-29,35.1,28.479166666666668,57.208333333333336,36.3835562039912,30.37986574632573,32.78134192939192,50,25,50,42.5,MODERATE,0,1.145
2018-09-30,35.1,28.354166666666668,59.66666666666666,38.23634882703121,30.071065746325736,33.33717897860792,50,50,50,50.0,HIGH,0,1.145
2018-10-01,35.4,28.9125,59.79166666666666,36.811692907251135,30.61449332739736,33.09337315933887,50,25,50,42.5,MODERATE,0,1.151
2018-10-02,35.5,29.266666666666666,60.833333333333336,37.47038363999116,30.795091631472456,33.46520843487994,50,25,50,42.5,MODERATE,0,1.154
2018-10-03,35.9,30.066666666666663,61.125,38.09898897828451,31.28222149725188,34.00892848966493,50,50,75,60.0,HIGH,0,1.163
2018-10-04,35.5,30.48333333333333,62.458333333333336,39.74096589340445,31.662876997078065,34.894112555608615,50,50,75,60.0,HIGH,0,1.154
2018-10-05,35.8,30.070833333333336,61.208333333333336,38.903608174257855,30.973526409697676,34.14555911552174,50,50,50,50.0,HIGH,0,1.16
2018-10-06,36.2,29.975,57.5,38.68994729580454,31.41881903763392,34.32727034090216,50,50,75,60.0,HIGH,0,1.169
2018-10-07,36.3,29.975,55.083333333333336,39.93642393291563,30.94929843885895,34.54414863648162,50,50,50,50.0,HIGH,0,1.171
2018-10-08,35.9,29.28333333333333,54.79166666666666,39.441867661777856,30.23033271391441,33.91494669305979,50,50,50,50.0,HIGH,0,1.163
2018-10-09,36.0,29.3,54.375,40.15690053513796,30.57547877830155,34.408047481036114,50,50,50,50.0,HIGH,0,1.165
2018-10-10,36.6,29.875,47.66666666666666,36.57346191771559,29.72315763611361,32.4632793487544,50,25,50,42.5,MODERATE,0,1.178
2018-10-11,36.2,29.40833333333333,47.75,36.31648424397118,29.697835484735062,32.345294988429515,50,25,50,42.5,MODERATE,0,1.169
2018-10-12,35.7,28.975,51.583333333333336,35.94507860859557,29.250454619226343,31.928304214974037,50,25,50,42.5,MODERATE,0,1.158
2018-10-13,35.6,28.79583333333333,53.91666666666666,36.288948908444574,29.794627574489837,32.39235610807173,50,25,50,42.5,MODERATE,0,1.156
2018-10-14,36.3,29.079166666666666,50.708333333333336,37.95720036505558,29.737889739390884,33.02561398965676,50,25,50,42.5,MODERATE,0,1.171
2018-10-15,35.7,28.541666666666668,46.625,35.7704469332978,29.10602021628237,31.771790903088544,50,25,50,42.5,MODERATE,0,1.158
2018-10-16,35.3,28.691666666666663,47.333333333333336,39.19647776079115,28.86215443047327,32.99588376260042,50,50,50,50.0,HIGH,0,1.149
2018-10-17,35.4,28.7125,48.708333333333336,35.256361313671114,29.2965075584784,31.68044906055548,50,25,50,42.5,MODERATE,0,1.151
2018-10-18,35.3,28.679166666666664,49.708333333333336,35.56765115402451,29.535496645007587,31.94835844861436,50,25,50,42.5,MODERATE,0,1.149
2018-10-19,35.6,29.058333333333334,51.833333333333336,38.13957741511104,29.45205097027117,32.927061548207114,50,50,50,50.0,HIGH,0,1.156
2018-10-20,36.1,29.1,46.0,35.18448127531566,28.88421112870936,31.40431918735188,50,25,50,42.5,MODERATE,0,1.167
2018-10-21,35.8,27.775,42.5,33.820245199235586,26.838226118443025,29.63103375076005,50,25,25,32.5,MODERATE,0,1.16
2018-10-22,34.7,27.10833333333333,37.91666666666666,32.949268867535594,27.344612890221992,29.586475281147436,25,25,25,25.0,MODERATE,0,1.136
2018-10-23,34.7,26.866666666666664,47.54166666666666,33.57033428108447,27.9990409519776,30.227558283620347,25,25,25,25.0,MODERATE,0,1.136
2018-10-24,35.1,27.77916666666667,50.41666666666666,34.4588067515556,28.622131509729883,30.956801606460168,50,25,50,42.5,MODERATE,0,1.145
2018-10-25,35.2,28.0125,49.708333333333336,34.27413465555555,28.79311198804489,30.985521055049155,50,25,50,42.5,MODERATE,0,1.147
2018-10-26,35.2,27.425,47.0,33.999066369795585,28.01831460947485,30.41061531360314,50,25,50,42.5,MODERATE,0,1.147
2018-10-27,35.5,27.441666666666663,47.875,34.41117810969559,28.2744479200549,30.729139995911176,50,25,50,42.5,MODERATE,0,1.154
2018-10-28,34.8,27.204166666666666,48.458333333333336,34.00285647411561,28.0322677455644,30.42050323698488,25,25,50,35.0,MODERATE,0,1.138
2018-10-29,34.2,27.166666666666668,44.54166666666666,32.77924056663783,26.773047811386363,29.17552491348695,25,25,25,25.0,MODERATE,0,1.125
2018-10-30,33.3,26.354166666666668,41.29166666666666,31.60578063244448,26.037827322608823,28.265008646543087,25,0,25,17.5,LOW,0,1.106
2018-10-31,33.2,26.54583333333333,44.0,32.458792173777816,26.537100638650355,28.90577725270134,25,25,25,25.0,MODERATE,0,1.104
2018-11-01,34.0,27.275,48.083333333333336,34.10400561673782,27.81574150923997,30.331047152239112,25,25,25,25.0,MODERATE,0,1.121
2018-11-02,34.7,27.479166666666668,50.25,34.10577632967112,27.94255893023232,30.40784589000784,25,25,25,25.0,MODERATE,0,1.136
2018-11-03,34.4,27.454166666666666,49.833333333333336,34.00006314988447,27.58820779402048,30.152949936366078,25,25,25,25.0,MODERATE,0,1.13
2018-11-04,34.6,28.0875,47.958333333333336,34.511332286364514,28.570158346024503,30.946627922160506,25,25,50,35.0,MODERATE,0,1.134
2018-11-05,33.7,26.875,45.54166666666666,32.729490228791114,26.94468703669612,29.25860831353412,25,25,25,25.0,MODERATE,0,1.115
2018-11-06,32.5,25.46666666666667,47.5,31.04075580799108,25.69208533448311,27.8315535238863,25,0,25,17.5,LOW,0,1.09
2018-11-07,32.1,23.8875,49.083333333333336,30.421226638515577,25.141303428106223,27.253272712269965,25,0,25,17.5,LOW,0,1.081
2018-11-08,32.1,23.60833333333333,50.375,30.60549244516446,25.371361588478543,27.46501393115291,25,0,25,17.5,LOW,0,1.081
2018-11-09,32.5,23.804166666666664,50.958333333333336,31.04110549444445,25.785349635726263,27.88765197921354,25,0,25,17.5,LOW,0,1.09
2018-11-10,32.9,24.191666666666663,53.375,31.37674456023784,26.030180934867538,28.168806385015657,25,0,25,17.5,LOW,0,1.098
2018-11-11,33.4,25.0125,50.208333333333336,32.073647803964484,26.540919182190173,28.7540106308999,25,25,25,25.0,MODERATE,0,1.108
2018-11-12,33.3,24.73333333333333,51.833333333333336,31.713294937395624,26.273746493420205,28.44956587101037,25,0,25,17.5,LOW,0,1.106
2018-11-13,32.8,25.1875,53.333333333333336,31.62190639159108,26.540587079719685,28.573114804468247,25,0,25,17.5,LOW,0,1.096
2018-11-14,32.8,25.741666666666664,54.958333333333336,31.754798024551103,26.784294608258904,28.772495974775783,25,0,25,17.5,LOW,0,1.096
2018-11-15,33.1,25.566666666666663,58.16666666666666,32.66225107993781,27.01184479366542,29.272007308174377,25,25,25,25.0,MODERATE,0,1.102
2018-11-16,32.0,24.870833333333334,45.833333333333336,30.838000224675536,26.036540559637604,27.95712442565278,25,0,25,17.5,LOW,0,1.079
2018-11-17,32.0,24.65416666666667,49.54166666666666,30.405718261777807,25.178913206015,27.26963522832012,25,0,25,17.5,LOW,0,1.079
2018-11-18,32.3,23.85833333333333,55.208333333333336,31.04075580799108,26.002239131136516,28.017645801878334,25,0,25,17.5,LOW,0,1.085
2018-11-19,33.1,24.35833333333333,53.958333333333336,31.721403503564478,26.192013367098745,28.40376942168504,25,0,25,17.5,LOW,0,1.102
2018-11-20,32.8,24.17083333333333,54.333333333333336,31.648132224515606,26.520332819485745,28.571452581497688,25,0,25,17.5,LOW,0,1.096
2018-11-21,33.3,25.60833333333333,58.458333333333336,33.41899921823119,27.948798004787648,30.136878490165067,25,25,25,25.0,MODERATE,0,1.106
2018-11-22,33.2,26.5,58.16666666666666,33.62601432081564,28.10842308714578,30.315459580613727,25,25,50,35.0,MODERATE,0,1.104
2018-11-23,33.4,26.2875,51.958333333333336,33.22438139641779,26.98434129642469,29.48035733642193,25,25,25,25.0,MODERATE,0,1.108
2018-11-24,32.2,24.925,48.91666666666666,31.2165717600178,25.900533970758783,28.026949086462388,25,0,25,17.5,LOW,0,1.083
2018-11-25,31.8,24.34166666666667,53.75,30.590995150951105,25.3195523533429,27.428129472386185,25,0,25,17.5,LOW,0,1.075
2018-11-26,31.4,23.5875,50.66666666666666,29.877663600764468,24.057352647876744,26.385477029031836,25,0,0,7.5,LOW,0,1.067
2018-11-27,30.2,23.2875,47.5,29.10131137292449,23.715114727432496,25.86959338562929,25,0,0,7.5,LOW,0,1.043
2018-11-28,30.2,23.52916666666667,50.16666666666666,29.28003781363562,23.572651595126672,25.85560608253025,25,0,0,7.5,LOW,0,1.043
2018-11-29,30.4,22.766666666666666,55.5,29.30118995036452,24.12731116542875,26.19686267940305,25,0,0,7.5,LOW,0,1.047
2018-11-30,29.9,22.554166666666664,55.458333333333336,28.864640463617857,24.032705795471685,25.965479662730157,0,0,0,0.0,LOW,0,1.037
2018-12-01,29.2,22.09583333333333,56.54166666666666,28.383585770417803,23.39013135783468,25.38751312286793,0,0,0,0.0,LOW,0,1.023
2018-12-02,29.5,21.77083333333333,54.333333333333336,28.50998052377775,23.658293654009466,25.59896840191678,0,0,0,0.0,LOW,0,1.029
2018-12-03,29.7,22.2,52.75,28.953769134184515,23.93471376225672,25.94233591102784,0,0,0,0.0,LOW,0,1.033
2018-12-04,29.8,22.72083333333333,57.375,29.46132480099555,24.77262077165999,26.64810238339421,0,0,0,0.0,LOW,0,1.035
2018-12-05,29.2,22.379166666666663,62.458333333333336,28.544568948035632,24.278577367837222,25.984973999916587,0,0,0,0.0,LOW,0,1.023
2018-12-06,29.1,21.816666666666663,57.29166666666666,28.531443254451183,24.53991505578892,26.136526335253823,0,0,0,0.0,LOW,0,1.021
2018-12-07,28.6,20.808333333333334,58.54166666666666,27.66010491596449,23.181671838184883,24.973045069296724,0,0,0,0.0,LOW,0,1.012
2018-12-08,28.6,21.566666666666663,55.79166666666666,28.05775972055115,23.664240965844428,25.42164846772712,0,0,0,0.0,LOW,0,1.012
2018-12-09,28.7,21.2125,51.16666666666666,27.74196041522446,22.936954563931813,24.858956904448878,0,0,0,0.0,LOW,0,1.013
2018-12-10,28.0,20.9125,49.625,27.531519853277835,21.76022170848892,24.068740966404484,0,0,0,0.0,LOW,0,1.0
2018-12-11,28.5,22.53333333333333,55.833333333333336,27.98958259825781,24.03467193223276,25.61663619864278,0,0,0,0.0,LOW,0,1.01
2018-12-12,27.4,22.14583333333333,55.208333333333336,27.11095511543113,22.422886218069745,24.2981137770143,0,0,0,0.0,LOW,0,1.0
2018-12-13,25.8,19.495833333333334,41.79166666666666,28.69664985507557,18.643751302120428,22.664910723302484,0,0,0,0.0,LOW,0,1.0
2018-12-14,24.9,18.825,41.0,30.43132523737565,18.57703631666865,23.31875188495145,0,0,0,0.0,LOW,0,1.0
2018-12-15,25.7,19.4875,45.875,29.137705192515597,19.34634082842112,23.262886574058907,0,0,0,0.0,LOW,0,1.0
2018-12-16,24.2,18.866666666666667,44.41666666666666,30.266307987324478,17.058942430095488,22.341888652987084,0,0,0,0.0,LOW,0,1.0
2018-12-17,24.9,19.366666666666667,42.41666666666666,27.460690322204407,18.59561362667086,22.14164430488428,0,0,0,0.0,LOW,0,1.0
2018-12-18,25.6,17.925,51.458333333333336,31.557008039075576,19.578605000422144,24.369966215883515,0,0,0,0.0,LOW,0,1.0
2018-12-19,25.6,17.691666666666666,50.75,33.553638311271115,19.880047909106104,25.349484069972107,0,25,0,7.5,LOW,0,1.0
2018-12-20,26.5,18.491666666666667,51.625,31.49230939809556,21.37718286910448,25.423233480700908,0,0,0,0.0,LOW,0,1.0
2018-12-21,27.6,18.73333333333333,50.333333333333336,32.39691726527782,22.07123573079931,26.201508344590717,0,25,0,7.5,LOW,0,1.0
2018-12-22,28.1,18.72083333333333,51.75,32.72327191511115,21.89721831788884,26.22763975677776,0,25,0,7.5,LOW,0,1.002
2018-12-23,28.8,19.54583333333333,51.16666666666666,30.35570445985773,22.562135997720524,25.67956338257541,0,0,0,0.0,LOW,0,1.015
2018-12-24,28.5,19.8625,44.79166666666666,31.17164153907556,21.239006817026983,25.21206070584641,0,0,0,0.0,LOW,0,1.01
2018-12-25,26.5,19.025,40.458333333333336,32.48455494771561,20.31263847289904,25.181405062825668,0,25,0,7.5,LOW,0,1.0
2018-12-26,25.8,17.733333333333334,43.54166666666666,33.64062846721558,18.279374261461125,24.42387594376291,0,25,0,7.5,LOW,0,1.0
2018-12-27,25.2,17.3875,44.0,36.18198232923559,18.592097760390796,25.62805158792871,0,25,0,7.5,LOW,0,1.0
2018-12-28,24.4,16.625,38.25,36.69286032801784,16.6966751616465,24.695149228195035,0,25,0,7.5,LOW,0,1.0
2018-12-29,24.4,16.579166666666666,35.666666666666664,35.677203195084445,16.93293245761967,24.43064075260558,0,25,0,7.5,LOW,0,1.0
2018-12-30,25.6,17.641666666666666,40.16666666666666,34.42104708505563,18.92534615665152,25.123626528013165,0,25,0,7.5,LOW,0,1.0
2018-12-31,27.3,18.325,45.458333333333336,33.15667626143782,20.041423720626423,25.287524736950985,0,25,0,7.5,LOW,0,1.0
2019-01-01,27.7,18.23333333333333,52.91666666666666,33.64062846721558,21.59958901634784,26.41600479669493,0,25,0,7.5,LOW,0,1.0
2019-01-02,28.0,18.97083333333333,51.708333333333336,30.34430884420442,20.53162789045758,24.456700271956315,0,0,0,0.0,LOW,0,1.0
2019-01-03,28.2,19.179166666666667,47.29166666666666,31.67452901700447,20.68485925084313,25.080727157307667,0,0,0,0.0,LOW,0,1.004
2019-01-04,28.5,19.0625,52.708333333333336,31.993533646097774,22.238197811751043,26.140332145489737,0,0,0,0.0,LOW,0,1.01
2019-01-05,27.7,19.304166666666667,58.41666666666666,26.75986982212445,21.541320074244076,23.628739973396225,0,0,0,0.0,LOW,0,1.0
2019-01-06,26.2,19.445833333333333,52.04166666666666,28.083859972895574,18.367039095133595,22.25376744623839,0,0,0,0.0,LOW,0,1.0
2019-01-07,24.9,17.7,48.875,31.414580281164515,18.46675827774176,23.645887079110864,0,0,0,0.0,LOW,0,1.0
2019-01-08,25.3,17.645833333333332,52.458333333333336,31.425291321777777,19.542749035667768,24.29576595011177,0,0,0,0.0,LOW,0,1.0
2019-01-09,26.1,18.2125,49.708333333333336,33.55314224545778,20.229319296046697,25.55884847581113,0,25,0,7.5,LOW,0,1.0
2019-01-10,26.8,18.45,52.833333333333336,30.11244979219553,20.35111879405636,24.25565119331203,0,0,0,0.0,LOW,0,1.0
2019-01-11,27.4,18.504166666666663,51.833333333333336,32.43221489700445,21.028619559690632,25.59005769461616,0,25,0,7.5,LOW,0,1.0
2019-01-12,27.2,19.29583333333333,52.16666666666666,30.24391304449778,21.71184531752177,25.124672408312176,0,0,0,0.0,LOW,0,1.0
2019-01-13,27.4,20.14583333333333,54.875,27.270212534915547,21.554342783712627,23.840690684193795,0,0,0,0.0,LOW,0,1.0
2019-01-14,27.0,20.20833333333333,47.583333333333336,27.8565508555555,20.384968586344865,23.37360149402912,0,0,0,0.0,LOW,0,1.0
2019-01-15,26.6,19.375,47.5,29.609479044951037,20.30020717011093,24.02391592004697,0,0,0,0.0,LOW,0,1.0
2019-01-16,28.2,19.120833333333334,53.958333333333336,31.01720420321776,22.49474278371263,25.90372735151468,0,0,0,0.0,LOW,0,1.004
2019-01-17,28.2,19.59583333333333,55.083333333333336,28.33910785394447,21.738222614567004,24.37857671031799,0,0,0,0.0,LOW,0,1.004
2019-01-18,29.5,20.870833333333334,51.375,28.575856072157865,22.51104614482593,24.9369701157587,0,0,0,0.0,LOW,0,1.029
2019-01-19,30.5,21.633333333333336,46.958333333333336,28.941332919277784,23.15723336997986,25.470873189699027,25,0,0,7.5,LOW,0,1.049
2019-01-20,31.7,22.025,52.25,29.917499334915547,24.006029764249277,26.37061759251578,25,0,0,7.5,LOW,0,1.073
2019-01-21,29.0,21.133333333333333,56.333333333333336,27.51045264159784,21.87460521526306,24.12894418579697,0,0,0,0.0,LOW,0,1.019
2019-01-22,25.4,19.820833333333333,63.333333333333336,25.740449046575595,20.28224347955364,22.465525706362424,0,0,0,0.0,LOW,0,1.0
2019-01-23,25.4,19.475,53.79166666666666,26.81494200339553,20.541351885872203,23.050787932881533,0,0,0,0.0,LOW,0,1.0
2019-01-24,25.4,18.60833333333333,47.54166666666666,31.890336921615543,20.44996252988702,25.02611228657843,0,0,0,0.0,LOW,0,1.0
2019-01-25,24.0,17.599999999999998,45.958333333333336,29.8537434952177,17.36035182409461,22.357708492543846,0,0,0,0.0,LOW,0,1.0
2019-01-26,22.8,16.6875,40.708333333333336,33.1848179597511,16.5182342845307,23.184867754618857,0,25,0,7.5,LOW,0,1.0
2019-01-27,23.0,16.095833333333335,38.875,35.89521606921772,16.55720350265087,24.29240852927761,0,25,0,7.5,LOW,0,1.0
2019-01-28,22.8,15.883333333333333,40.91666666666666,37.471474247037726,16.40436796598074,24.83121047840353,0,25,0,7.5,LOW,0,1.0
2019-01-29,23.3,16.295833333333334,40.458333333333336,36.616938942611085,16.715805617654173,24.67625894763694,0,25,0,7.5,LOW,0,1.0
2019-01-30,26.1,17.570833333333333,43.0,35.54730214711108,19.3819727787832,25.848104526114355,0,25,0,7.5,LOW,0,1.0
2019-01-31,26.8,18.375,47.875,33.42414755388445,20.71700522647461,25.799862157438547,0,25,0,7.5,LOW,0,1.0
2019-02-01,26.1,19.454166666666666,43.79166666666666,29.25783976913771,20.936059631110165,24.264771686321183,0,0,0,0.0,LOW,0,1.0
2019-02-02,26.6,18.695833333333333,43.91666666666666,32.6664534239645,20.619869080653373,25.438502817977824,0,25,0,7.5,LOW,0,1.0
2019-02-03,28.6,20.65,49.875,29.564284013555564,23.315996086137588,25.81531125710478,0,0,0,0.0,LOW,0,1.012
2019-02-04,31.9,23.666666666666668,57.0,30.940017654264462,25.20454558398253,27.498734412095303,25,0,25,17.5,LOW,0,1.077
2019-02-05,30.4,23.441666666666663,60.208333333333336,30.03794720423116,25.987381266035285,27.607607641313635,25,0,25,17.5,LOW,0,1.047
2019-02-06,27.7,21.775,38.25,27.75401365570445,21.33182248651415,23.90069895419027,0,0,0,0.0,LOW,0,1.0
2019-02-07,23.7,18.39583333333333,41.29166666666666,31.8882331820156,17.580163451054567,23.30339134343898,0,0,0,0.0,LOW,0,1.0
2019-02-08,22.5,15.775,42.375,35.79949814444444,16.99764530609111,24.51838644143244,0,25,0,7.5,LOW,0,1.0
2019-02-09,23.4,16.5,34.5,37.84177004098449,16.63624082913578,25.118452513875265,0,25,0,7.5,LOW,0,1.0
2019-02-10,25.7,17.691666666666666,36.54166666666666,34.893183045875595,18.43076065995393,25.015729614322595,0,25,0,7.5,LOW,0,1.0
2019-02-11,28.6,19.73333333333333,40.875,31.499391379111145,21.45866518567697,25.474955663050643,0,0,0,0.0,LOW,0,1.012
2019-02-12,31.4,22.379166666666663,43.66666666666666,30.186722995404462,24.376053558330185,26.7003213331599,25,0,0,7.5,LOW,0,1.067
2019-02-13,30.9,23.225,51.958333333333336,29.92257708761781,24.55324504538568,26.700977862278528,25,0,0,7.5,LOW,0,1.057
2019-02-14,29.2,22.29583333333333,52.083333333333336,27.982449729191146,22.84006569444214,24.89701930834174,0,0,0,0.0,LOW,0,1.023
2019-02-15,28.8,21.316666666666663,47.41666666666666,27.4731236881956,22.69502194795592,24.60626264405179,0,0,0,0.0,LOW,0,1.015
2019-02-16,27.6,21.166666666666668,35.333333333333336,28.3926414461156,20.5250124046586,23.6720640212414,0,0,0,0.0,LOW,0,1.0
2019-02-17,28.6,20.654166666666665,40.25,32.1889847936156,22.077541421670496,26.122118770448537,0,25,0,7.5,LOW,0,1.012
2019-02-18,31.2,22.166666666666668,40.25,29.25300484935116,22.865407778767743,25.42044660700111,25,0,0,7.5,LOW,0,1.063
2019-02-19,29.9,22.729166666666668,60.54166666666666,29.250515065671145,25.214862245684863,26.82912337367938,0,0,25,10.0,LOW,0,1.037
2019-02-20,35.1,25.28333333333333,54.5,32.83916202329781,26.103283502381405,28.797634910747966,50,25,25,32.5,MODERATE,0,1.145
2019-02-21,31.2,24.9875,57.25,30.4899482712178,25.774931505308132,27.660938211672004,25,0,25,17.5,LOW,0,1.063
2019-02-22,31.3,24.5625,56.625,30.615973760284525,26.06147640551604,27.883275347423435,25,0,25,17.5,LOW,0,1.065
2019-02-23,29.5,22.8875,40.54166666666666,28.12342728244444,23.28061279459769,25.217738589736392,0,0,0,0.0,LOW,0,1.029
2019-02-24,30.1,22.40833333333333,38.54166666666666,28.39020281577556,21.99522526047102,24.553216282592835,25,0,0,7.5,LOW,0,1.041
2019-02-25,30.6,23.02916666666667,46.66666666666666,28.862074399484484,23.92325210713424,25.89878102407434,25,0,0,7.5,LOW,0,1.051
2019-02-26,28.8,23.329166666666666,51.208333333333336,27.656177130791125,21.76029841726448,24.118649902675138,0,0,0,0.0,LOW,0,1.015
2019-02-27,28.2,22.308333333333334,51.208333333333336,26.99747255985781,21.50964058039737,23.70477337218155,0,0,0,0.0,LOW,0,1.004
2019-02-28,27.2,20.529166666666665,31.375,28.94284216569556,19.703493663662744,23.399233064475872,0,0,0,0.0,LOW,0,1.0
2019-03-01,29.7,21.758333333333336,37.29166666666666,29.21143778323557,22.07242848499867,24.92803220429343,0,0,0,0.0,LOW,0,1.033
2019-03-02,34.6,25.6,33.291666666666664,32.604539878471165,25.57988148081131,28.38974483987525,25,25,25,25.0,MODERATE,0,1.134
2019-03-03,29.6,24.495833333333334,63.125,29.93294583411561,24.50678665308192,26.677250325495397,0,0,0,0.0,LOW,0,1.031
2019-03-04,29.1,23.320833333333336,46.5,27.931986671555578,23.165571361540355,25.07213748554644,0,0,0,0.0,LOW,0,1.021
2019-03-05,29.1,22.758333333333336,41.75,27.70446123691557,23.16091959459615,24.97833625152392,0,0,0,0.0,LOW,0,1.021
2019-03-06,29.9,23.541666666666668,37.41666666666666,28.309088741197808,23.159963774645664,25.219613761266523,0,0,0,0.0,LOW,0,1.037
2019-03-07,31.2,24.304166666666664,38.25,29.347141423235623,24.70161223378183,26.55982390956335,25,0,0,7.5,LOW,0,1.063
2019-03-08,32.2,24.604166666666668,40.5,30.3615501742045,25.033201340073106,27.16454087372566,25,0,25,17.5,LOW,0,1.083
2019-03-09,31.5,24.879166666666663,37.375,29.622663535055597,23.535426402330344,25.970321255420444,25,0,0,7.5,LOW,0,1.069
2019-03-10,32.6,25.27083333333333,32.916666666666664,30.54766619607115,24.874883903311837,27.14399682041556,25,0,0,7.5,LOW,0,1.092
2019-03-11,30.2,24.554166666666664,43.583333333333336,28.40143173495114,22.84436377464566,25.067190958767853,25,0,0,7.5,LOW,0,1.043
2019-03-12,31.4,23.59583333333333,33.375,29.38936042707556,23.795074540787827,26.03278889530292,25,0,0,7.5,LOW,0,1.067
2019-03-13,31.0,24.275,31.45833333333333,29.11974430711112,23.545211039450635,25.775024346514822,25,0,0,7.5,LOW,0,1.059
2019-03-14,31.0,23.925,35.416666666666664,28.94680973377778,22.255509108605168,24.93202935867421,25,0,0,7.5,LOW,0,1.059
2019-03-15,32.1,24.354166666666668,32.833333333333336,30.020661679475584,23.765338991814208,26.26746806687876,25,0,0,7.5,LOW,0,1.081
2019-03-16,32.8,25.04583333333333,34.375,30.888594636035563,24.589549605600315,27.10916761777441,25,0,0,7.5,LOW,0,1.096
2019-03-17,33.3,25.5625,31.375,31.103087018904528,24.701966043400528,27.262414433602128,25,0,0,7.5,LOW,0,1.106
2019-03-18,33.8,26.15833333333333,26.25,31.595055488604537,25.646053487040195,28.02565428766593,25,0,25,17.5,LOW,0,1.117
2019-03-19,35.0,27.666666666666668,26.45833333333333,32.735418477777785,25.974936684716795,28.67912940194119,50,25,25,32.5,MODERATE,0,1.143
2019-03-20,33.1,26.816666666666663,41.29166666666666,31.87676851917115,26.5095068413032,28.656411512450376,25,0,25,17.5,LOW,0,1.102
2019-03-21,33.9,27.008333333333336,40.208333333333336,32.051154196175595,27.20206938743626,29.141703310931995,25,25,25,25.0,MODERATE,0,1.119
2019-03-22,35.6,28.3125,33.916666666666664,33.365156596497826,26.0287200843507,28.963294689209548,50,25,25,32.5,MODERATE,0,1.156
2019-03-23,36.3,28.854166666666668,27.791666666666668,34.1219241666578,27.24659082970065,29.996724164483517,50,25,25,32.5,MODERATE,0,1.171
2019-03-24,36.9,29.52916666666667,30.625,35.09991774987556,28.14197219237565,30.92515041537561,50,25,50,42.5,MODERATE,0,1.185
2019-03-25,37.4,30.04583333333333,28.916666666666668,35.52604397708448,27.542437163222765,30.73587988876745,50,25,25,32.5,MODERATE,0,1.196
2019-03-26,36.4,29.9,27.5,34.10880824851552,27.065570356633533,29.882865513386328,50,25,25,32.5,MODERATE,0,1.174
2019-03-27,38.3,30.5,24.58333333333333,36.050980114817776,28.63093604833196,31.598953674926285,50,25,50,42.5,MODERATE,0,1.217
2019-03-28,39.9,31.52083333333333,26.791666666666668,37.89374052313782,29.12525800971605,32.63265101508476,50,25,50,42.5,MODERATE,0,1.255
2019-03-29,40.4,32.34166666666667,28.58333333333333,38.64487117529782,30.43621265311192,33.71967606198628,75,50,50,57.5,HIGH,0,1.267
2019-03-30,39.4,32.12083333333333,27.83333333333333,37.19066820841779,28.349800175405985,31.886147388610706,50,25,50,42.5,MODERATE,0,1.243
2019-03-31,39.8,31.45833333333333,26.33333333333333,37.5403987915378,29.00372712465012,32.41839579140519,50,25,50,42.5,MODERATE,0,1.252
2019-04-01,39.7,31.6125,28.916666666666668,37.43896677282449,29.80676284556663,32.85964441646978,50,25,50,42.5,MODERATE,0,1.25
2019-04-02,40.2,31.95833333333333,25.0,37.37216843255117,28.812873637763737,32.236591555678714,75,25,50,50.0,HIGH,0,1.262
2019-04-03,40.0,32.37083333333333,26.83333333333333,38.13473026681558,30.175655593339343,33.359285462729844,75,50,50,57.5,HIGH,0,1.257
2019-04-04,40.9,32.77916666666667,28.75,39.2577313561956,30.37178119305888,33.92616125831357,75,50,50,57.5,HIGH,0,1.279
2019-04-05,40.0,32.2125,29.791666666666668,37.89005024689559,29.06276435946513,32.59367871443732,75,25,50,50.0,HIGH,0,1.257
2019-04-06,39.9,31.604166666666668,32.666666666666664,38.012168630595575,29.037918668084643,32.627618653089016,50,50,50,50.0,HIGH,0,1.255
2019-04-07,40.4,31.554166666666664,40.79166666666666,39.10884390967115,30.70850341137362,34.068639610692635,75,50,50,57.5,HIGH,0,1.267
2019-04-08,39.6,31.5375,34.75,37.76837511571561,29.334422576190825,32.708003592000736,50,25,50,42.5,MODERATE,0,1.247
2019-04-09,39.9,31.704166666666666,33.583333333333336,37.89374052313782,29.359066196212225,32.77293592698246,50,25,50,42.5,MODERATE,0,1.255
2019-04-10,39.9,32.25,41.0,38.95374631125118,30.835499425715675,34.082798179929874,50,50,50,50.0,HIGH,0,1.255
2019-04-11,40.5,33.275,30.58333333333333,39.32344949468448,30.330493058720915,33.92767563310635,75,50,50,57.5,HIGH,0,1.269
2019-04-12,40.9,33.50416666666667,32.375,39.68633318489781,31.02268087867277,34.48814180116278,75,50,75,67.5,HIGH,0,1.279
2019-04-13,40.9,33.74166666666667,29.166666666666668,39.86559604940445,31.066680878672763,34.58624694696544,75,50,75,67.5,HIGH,0,1.279
2019-04-14,41.3,33.795833333333334,27.625,39.590416011617776,30.789685529082178,34.30997772209642,75,50,50,57.5,HIGH,0,1.289
2019-04-15,38.5,32.45,31.291666666666668,37.56255979711108,29.38475685334442,32.655878030851085,50,25,50,42.5,MODERATE,0,1.222
2019-04-16,35.1,29.0125,39.625,33.871428248115606,28.01845395941644,30.359643674896105,50,25,50,42.5,MODERATE,0,1.145
2019-04-17,33.5,27.704166666666666,44.875,31.718108318444493,25.788936701428668,28.160605348235,25,0,25,17.5,LOW,0,1.111
2019-04-18,35.6,29.60833333333333,39.458333333333336,33.74589228511114,27.16678812132825,29.798429786841403,50,25,25,32.5,MODERATE,0,1.156
2019-04-19,36.7,30.241666666666664,27.916666666666668,34.565035485057805,27.23258789002599,30.16556692803872,50,25,25,32.5,MODERATE,0,1.18
2019-04-20,37.9,31.20833333333333,26.83333333333333,35.9409412520978,28.900199783283348,31.71649637080913,50,25,50,42.5,MODERATE,0,1.208
2019-04-21,39.1,32.170833333333334,26.83333333333333,36.95952067993781,29.12684763860784,32.259916855139835,50,25,50,42.5,MODERATE,0,1.236
2019-04-22,40.0,32.7375,26.20833333333333,38.38935690329778,29.966908323436208,33.33588775538084,75,50,50,57.5,HIGH,0,1.257
2019-04-23,41.4,34.11666666666667,29.541666666666668,40.0263451125156,31.518198778589408,34.92145731215989,75,50,75,67.5,HIGH,0,1.291
2019-04-24,41.0,33.979166666666664,29.5,39.86559604940445,30.853562786350903,34.458376091572326,75,50,50,57.5,HIGH,0,1.281
2019-04-25,41.3,33.895833333333336,28.541666666666668,39.590416011617776,29.970374440678636,33.81839106905429,75,50,50,57.5,HIGH,0,1.289
2019-04-26,42.2,34.645833333333336,32.291666666666664,41.54261334044445,31.675383600856197,35.6222754966915,75,50,75,67.5,HIGH,0,1.311
2019-04-27,42.8,34.925000000000004,19.5,40.11169407335113,29.16249823497547,33.542176570325736,75,50,50,57.5,HIGH,0,1.326
2019-04-28,42.2,34.4125,20.125,39.53294145911117,29.287453244370077,33.38564853026651,75,50,50,57.5,HIGH,0,1.311
2019-04-29,41.9,33.891666666666666,25.666666666666668,39.199770227091136,29.58159219384692,33.428863407144604,75,50,50,57.5,HIGH,0,1.303
2019-04-30,41.2,32.74583333333333,36.833333333333336,39.22022225377784,29.883147446370888,33.61797736933367,75,50,50,57.5,HIGH,0,1.286
2019-05-01,39.7,32.416666666666664,36.875,37.89005024689559,29.47653487957237,32.84194102650166,50,25,50,42.5,MODERATE,0,1.25
2019-05-02,40.3,32.425000000000004,34.208333333333336,38.250693403217824,30.13283367154891,33.379977564216475,75,50,50,57.5,HIGH,0,1.264
2019-05-03,39.6,32.458333333333336,34.583333333333336,38.25564862711114,29.9678647297498,33.28297828869434,50,50,50,50.0,HIGH,0,1.247
2019-05-04,39.1,31.879166666666663,44.583333333333336,38.8236453333156,30.425830513507524,33.78495644143076,50,50,50,50.0,HIGH,0,1.236
2019-05-05,39.1,32.15,44.79166666666666,38.68092100737559,30.16529259038353,33.57154395718035,50,50,50,50.0,HIGH,0,1.236
2019-05-06,40.3,32.7,39.16666666666666,38.8267631736356,30.67447156104378,33.93538820608051,75,50,50,57.5,HIGH,0,1.264
2019-05-07,40.6,33.21666666666667,31.125,38.47367189196448,29.233803337112928,32.92975075905355,75,50,50,57.5,HIGH,0,1.271
2019-05-08,39.4,32.083333333333336,35.708333333333336,37.30684383073781,28.271305187958333,31.885520645070123,50,25,50,42.5,MODERATE,0,1.243
2019-05-09,37.9,31.42083333333333,47.5,36.53138675308449,28.779650088395023,31.88034475427081,50,25,50,42.5,MODERATE,0,1.208
2019-05-10,38.0,31.454166666666666,42.958333333333336,36.94783918900448,29.045129081907028,32.20621312474601,50,25,50,42.5,MODERATE,0,1.21
2019-05-11,39.5,32.28333333333333,47.875,39.91514952327778,30.969056049330327,34.54749343890931,50,50,50,50.0,HIGH,0,1.245
2019-05-12,40.1,33.05416666666667,47.583333333333336,40.715118577777744,31.640273896742016,35.270211769156305,75,50,75,67.5,HIGH,0,1.259
2019-05-13,40.2,32.9,44.125,39.71635502643559,30.70381163269656,34.30882899019217,75,50,50,57.5,HIGH,0,1.262
2019-05-14,40.4,32.53333333333333,45.375,39.6291927014756,30.507616282315297,34.15624684997942,75,50,50,57.5,HIGH,0,1.267
2019-05-15,39.0,32.104166666666664,49.91666666666666,38.82770945025781,30.818115675487466,34.0219531853956,50,50,50,50.0,HIGH,0,1.233
2019-05-16,38.4,32.275,49.91666666666666,38.9578343940956,30.43036024067803,33.84134990204505,50,50,50,50.0,HIGH,0,1.219
2019-05-17,38.3,32.208333333333336,49.333333333333336,39.27120493317116,30.779529415752894,34.176199622720205,50,50,50,50.0,HIGH,0,1.217
2019-05-18,38.7,32.92916666666667,46.5,39.2955210864444,30.778367438873232,34.185228897901695,50,50,50,50.0,HIGH,0,1.226
2019-05-19,39.7,33.604166666666664,43.208333333333336,40.12898057644448,30.929414966443204,34.60924121044371,50,50,50,50.0,HIGH,0,1.25
2019-05-20,40.4,34.237500000000004,41.75,41.08043344394441,32.01957162873697,35.64391635481995,75,50,75,67.5,HIGH,0,1.267
2019-05-21,41.0,35.00416666666667,38.583333333333336,40.82587944711116,30.84433676726461,34.83695383920323,75,50,50,57.5,HIGH,0,1.281
2019-05-22,41.0,34.775,40.375,41.63764977340448,31.522553490625185,35.5685920037369,75,50,75,67.5,HIGH,0,1.281
2019-05-23,41.5,35.020833333333336,39.66666666666666,42.29412023260453,31.50247327576969,35.81913205850363,75,50,75,67.5,HIGH,0,1.293
2019-05-24,40.9,34.1375,37.833333333333336,40.58292983287112,30.646289865301057,34.620945852329086,75,50,50,57.5,HIGH,0,1.279
2019-05-25,40.8,34.38333333333333,40.583333333333336,42.09028482969556,32.36111622464032,36.25278366666241,75,50,75,67.5,HIGH,0,1.276
2019-05-26,41.7,35.020833333333336,38.208333333333336,41.488846309235605,31.8746582999607,35.72033350367066,75,50,75,67.5,HIGH,0,1.298
2019-05-27,41.4,34.300000000000004,37.41666666666666,40.992912710684486,32.08740371327776,35.64960731224045,75,50,75,67.5,HIGH,0,1.291
2019-05-28,42.3,35.229166666666664,34.666666666666664,42.33611747511111,31.9822943798099,36.123823617930384,75,50,75,67.5,HIGH,0,1.313
2019-05-29,42.2,34.87083333333333,39.0,42.37312204977782,32.185640511127495,36.26063312658763,75,50,75,67.5,HIGH,0,1.311
2019-05-30,42.5,34.420833333333334,43.208333333333336,42.33611747511111,31.837832356567603,36.037146403985005,75,50,75,67.5,HIGH,0,1.318
2019-05-31,42.7,34.112500000000004,47.5,43.114106798611125,32.36615803542051,36.665337540696754,75,75,75,75.0,EXTREME,1,1.323
2019-06-01,42.4,34.37083333333333,49.875,44.70999536721775,32.95550386791771,37.657300467637725,75,75,75,75.0,EXTREME,2,1.316
2019-06-02,43.7,34.8375,48.958333333333336,45.33064485811562,33.155259602144305,38.02541370453283,75,75,75,75.0,EXTREME,3,1.349
2019-06-03,43.1,34.3375,49.54166666666666,43.98662999020454,32.26936031079124,36.95626818255656,75,75,75,75.0,EXTREME,4,1.333
2019-06-04,42.3,34.229166666666664,48.708333333333336,43.642261340444485,32.16771989866911,36.75753647537926,75,75,75,75.0,EXTREME,5,1.313
2019-06-05,42.5,34.7,45.54166666666666,43.69126424193561,32.07702060684466,36.72271806088104,75,75,75,75.0,EXTREME,6,1.318
2019-06-06,42.6,34.65416666666667,50.125,45.796368309164464,33.40777309190188,38.363211178806914,75,75,75,75.0,EXTREME,7,1.321
2019-06-07,43.3,35.525,47.583333333333336,44.95883375059559,33.14240090772533,37.86897404487343,75,75,75,75.0,EXTREME,8,1.339
2019-06-08,43.7,35.82083333333333,43.41666666666666,43.357347996575605,32.58946092895994,36.896615756006206,75,75,75,75.0,EXTREME,9,1.349
2019-06-09,43.0,35.4,45.958333333333336,44.22044735167112,32.38681753691439,37.12026946281708,75,75,75,75.0,EXTREME,10,1.331
2019-06-10,42.1,34.4625,46.66666666666666,43.191428363555616,32.42414471595714,36.73105817499653,75,75,75,75.0,EXTREME,11,1.308
2019-06-11,41.8,35.4625,44.79166666666666,44.34710873049559,33.013453291246904,37.54691546694638,75,75,75,75.0,EXTREME,12,1.301
2019-06-12,38.7,33.22083333333333,57.66666666666666,44.60407994779554,32.836261714007534,37.543389007522734,50,75,75,67.5,HIGH,0,1.226
2019-06-13,36.1,31.23333333333333,63.125,39.112703223357805,28.710986591108888,32.871673244008456,50,50,50,50.0,HIGH,0,1.167
2019-06-14,35.3,30.82083333333333,68.25,41.80846557081775,30.40459150986116,34.96614113424379,50,50,50,50.0,HIGH,0,1.149
2019-06-15,34.5,29.97083333333333,72.91666666666667,40.64307430377789,29.38460200330468,33.88799092349396,25,50,50,42.5,MODERATE,0,1.132
2019-06-16,35.8,30.7625,70.33333333333333,42.63010561228446,30.521032059066822,35.36466148035388,50,50,50,50.0,HIGH,0,1.16
2019-06-17,35.9,30.804166666666664,68.20833333333333,40.56490563788452,29.68294836699517,34.03573127535091,50,50,50,50.0,HIGH,0,1.163
2019-06-18,33.3,28.7375,82.0,40.67345187259556,29.005758248131727,33.67283569791726,25,50,50,42.5,MODERATE,0,1.106
2019-06-19,36.5,30.85,65.875,40.16119921905555,30.950422480968523,34.63473317620333,50,50,50,50.0,HIGH,0,1.176
2019-06-20,36.4,31.266666666666666,62.0,39.59099790983107,30.631943088695245,34.21556501714957,50,50,50,50.0,HIGH,0,1.174
2019-06-21,37.2,32.204166666666666,60.125,41.64392387379554,32.11226674816464,35.924929598417,50,50,75,60.0,HIGH,0,1.192
2019-06-22,38.1,32.59583333333333,60.54166666666666,43.65170332401558,32.5530645490846,36.992520059056986,50,75,75,67.5,HIGH,0,1.212
2019-06-23,39.7,33.78333333333333,56.875,44.860764807617855,32.87068966654633,37.66671972297495,50,75,75,67.5,HIGH,0,1.25
2019-06-24,37.0,32.583333333333336,62.625,44.29173937911111,32.29095552118287,37.091269064354165,50,75,75,67.5,HIGH,0,1.187
2019-06-25,33.3,30.59583333333333,72.33333333333333,38.914234438764574,30.3900771863903,33.79974008734001,25,50,50,42.5,MODERATE,0,1.106
2019-06-26,33.8,29.604166666666668,80.75,42.45766400785797,31.843152980446987,36.08895739141138,25,50,75,52.5,HIGH,0,1.117
2019-06-27,35.4,30.683333333333334,73.29166666666667,42.48646297027548,31.662230042154192,35.99192321340271,50,50,75,60.0,HIGH,0,1.151
2019-06-28,34.4,29.929166666666664,76.75,42.42836978259551,31.243498259012167,35.717446868445506,25,50,75,52.5,HIGH,0,1.13
2019-06-29,35.6,30.25,72.54166666666667,41.47712425555565,30.860699759130654,35.107269557700654,50,50,50,50.0,HIGH,0,1.156
2019-06-30,34.4,30.5125,71.04166666666667,41.59088422567101,30.663680005004448,35.03456169327107,25,50,50,42.5,MODERATE,0,1.13
2019-07-01,33.9,30.52083333333333,71.08333333333333,41.09086060449559,30.830759347036047,34.93479985001986,25,50,50,42.5,MODERATE,0,1.119
2019-07-02,36.2,31.441666666666663,67.08333333333333,43.650319229084445,32.569749697258686,37.00197750998899,50,75,75,67.5,HIGH,0,1.169
2019-07-03,34.4,30.120833333333334,74.33333333333333,40.69794478863116,30.413013688973837,34.52698612883677,25,50,50,42.5,MODERATE,0,1.13
2019-07-04,31.7,28.695833333333336,80.70833333333333,36.96690400375789,27.35396883036394,31.19914289972152,25,25,25,25.0,MODERATE,0,1.073
2019-07-05,28.5,27.35833333333333,90.20833333333331,35.585702381555706,26.813293102458417,30.32225681409733,0,25,25,17.5,LOW,0,1.01
2019-07-06,31.2,28.016666666666666,83.75,36.12310146700455,27.364735818699845,30.86808207802173,25,25,25,25.0,MODERATE,0,1.063
2019-07-07,33.2,29.416666666666668,75.29166666666667,38.81428645155561,28.70363657890582,32.747896527965736,25,50,50,42.5,MODERATE,0,1.104
2019-07-08,33.7,30.254166666666663,71.70833333333333,40.31329650099551,29.06598936566518,33.56491221979731,25,50,50,42.5,MODERATE,0,1.115
2019-07-09,36.7,31.09166666666667,66.5,42.311286506791134,29.993642676079737,34.920700208364295,50,50,50,50.0,HIGH,0,1.18
2019-07-10,37.7,31.370833333333334,64.20833333333333,42.06167378028447,30.768982033982887,35.28605873250352,50,50,50,50.0,HIGH,0,1.203
2019-07-11,37.3,31.891666666666666,59.333333333333336,40.829756118337706,29.38284439410529,33.96160908379825,50,50,50,50.0,HIGH,0,1.194
2019-07-12,37.7,31.512500000000003,62.16666666666666,41.07169827777786,28.963043047937727,33.80650513987378,50,50,50,50.0,HIGH,0,1.203
2019-07-13,37.9,31.804166666666664,60.16666666666666,41.08531528393784,29.29030473084857,34.00830895208428,50,50,50,50.0,HIGH,0,1.208
2019-07-14,37.3,32.43333333333333,54.208333333333336,41.23738470599116,28.96104773715136,33.871582524687284,50,50,50,50.0,HIGH,0,1.194
2019-07-15,37.6,32.7,53.16666666666666,40.87674244380448,29.419464163385424,34.002375475553045,50,50,50,50.0,HIGH,0,1.201
2019-07-16,37.9,32.0125,57.375,41.08531528393784,30.10670473084857,34.49814895208428,50,50,50,50.0,HIGH,0,1.208
2019-07-17,38.4,32.37916666666667,56.458333333333336,41.28000780161784,30.573367779787677,34.856023788519735,50,50,50,50.0,HIGH,0,1.219
2019-07-18,37.7,32.300000000000004,57.66666666666666,40.12348207507557,30.41288644122061,34.2971246947626,50,50,50,50.0,HIGH,0,1.203
2019-07-19,37.1,32.65416666666667,57.833333333333336,42.69786050779562,32.40347708163595,36.521230452099815,50,50,75,60.0,HIGH,0,1.189
2019-07-20,38.7,33.15416666666667,57.41666666666666,44.5606891991912,33.23148966654633,37.76316947960428,50,75,75,67.5,HIGH,0,1.226
2019-07-21,39.0,32.300000000000004,65.95833333333333,45.34404941491562,32.823336583749565,37.831621716215984,50,75,75,67.5,HIGH,0,1.233
2019-07-22,35.8,30.6375,77.04166666666667,44.94309587379562,33.536658419424775,38.09923340117311,50,75,75,67.5,HIGH,0,1.16
2019-07-23,36.5,31.629166666666663,72.29166666666667,43.95939247755561,32.72312576983025,37.21763245292039,50,75,75,67.5,HIGH,0,1.176
2019-07-24,36.6,31.954166666666666,69.70833333333333,44.2181255150756,32.2680047888824,37.04805307935968,50,75,75,67.5,HIGH,0,1.178
2019-07-25,35.3,31.079166666666666,66.875,40.99104359883556,29.502363774268236,34.09783570409516,50,50,50,50.0,HIGH,0,1.149
2019-07-26,34.9,30.175,69.0,40.05757246347558,28.28105671078439,32.991663011860865,25,50,50,42.5,MODERATE,0,1.141
2019-07-27,33.1,29.479166666666668,71.66666666666667,37.716498617864495,26.586286851458794,31.03837155802108,25,25,25,25.0,MODERATE,0,1.102
2019-07-28,33.0,28.8125,75.25,36.87690864355567,26.3689473941092,30.572131893887786,25,25,25,25.0,MODERATE,0,1.1
2019-07-29,30.5,27.516666666666666,84.0,35.769363055697866,26.969995335093696,30.489742423335365,25,25,25,25.0,MODERATE,0,1.049
2019-07-30,29.1,26.65416666666667,88.29166666666667,33.7370596941311,25.19238075591571,28.610252331201863,0,25,25,17.5,LOW,0,1.021
2019-07-31,28.1,26.308333333333334,92.54166666666669,33.180091232915615,26.060087817488174,28.908089183659158,0,25,25,17.5,LOW,0,1.002
2019-08-01,26.6,25.9125,94.25,29.934338322275728,25.35638503326081,27.18756634886678,0,0,25,10.0,LOW,0,1.0
2019-08-02,29.9,26.98333333333333,90.33333333333331,37.05922669041773,28.193623545028323,31.739864803184087,0,25,50,27.5,MODERATE,0,1.037
2019-08-03,31.5,27.4875,89.08333333333333,38.642918039777946,28.503330376763422,32.559165441969235,25,50,50,42.5,MODERATE,0,1.069
2019-08-04,31.2,27.620833333333334,86.66666666666667,37.59868427155554,27.61344341492601,31.607539757577825,25,25,25,25.0,MODERATE,0,1.063
2019-08-05,31.4,27.866666666666664,84.83333333333333,37.12206514155554,27.30941167600324,31.23447306222416,25,25,25,25.0,MODERATE,0,1.067
2019-08-06,31.6,28.691666666666663,79.45833333333333,38.17885859513787,27.7798679956207,31.939464235427568,25,50,25,32.5,MODERATE,0,1.071
2019-08-07,31.9,28.65416666666667,80.45833333333333,38.07810072057563,28.54684410304385,32.35934675005656,25,50,50,42.5,MODERATE,0,1.077
2019-08-08,28.7,27.183333333333334,88.45833333333333,34.94537496699549,26.652446392066544,29.96961782203812,0,25,25,17.5,LOW,0,1.013
2019-08-09,27.1,26.3,93.0,31.24845293693112,25.97071479559622,28.08181005213018,0,0,25,10.0,LOW,0,1.0
2019-08-10,26.9,26.016666666666666,89.91666666666667,30.549829916915428,23.71990546005364,26.45187524279836,0,0,0,0.0,LOW,0,1.0
2019-08-11,31.0,27.070833333333336,86.20833333333333,37.95713568051559,28.56944550298015,32.324521573994325,25,25,50,35.0,MODERATE,0,1.059
2019-08-12,31.8,27.59583333333333,83.83333333333333,37.78646432010447,29.778267995620705,32.98154652541421,25,25,50,35.0,MODERATE,0,1.075
2019-08-13,32.1,28.29583333333333,80.25,37.61993891131561,29.149148588739333,32.53746471776984,25,25,50,35.0,MODERATE,0,1.081
2019-08-14,31.0,27.929166666666664,83.625,36.77978283745783,28.449861261237768,31.781829891725792,25,25,50,35.0,MODERATE,0,1.059
2019-08-15,28.5,26.6,91.45833333333331,33.20079605755559,26.32977709616662,29.07818468072221,0,25,25,17.5,LOW,0,1.01
2019-08-16,28.0,26.2125,92.54166666666669,32.57096848711117,25.78951479559622,28.5020962722022,0,25,25,17.5,LOW,0,1.0
2019-08-17,30.1,27.166666666666668,84.375,35.03743019689787,27.73414145488182,30.65545695168824,25,25,25,25.0,MODERATE,0,1.041
2019-08-18,30.1,27.433333333333334,83.29166666666667,35.53257759593781,27.68334145488182,30.823035911304217,25,25,25,25.0,MODERATE,0,1.041
2019-08-19,31.2,28.03333333333333,80.33333333333333,36.39686013167114,29.148878229646016,32.04807099045607,25,25,50,35.0,MODERATE,0,1.063
2019-08-20,30.9,27.90833333333333,84.875,37.69950468033791,29.841355523175583,32.984615186040514,25,25,50,35.0,MODERATE,0,1.057
2019-08-21,31.3,27.666666666666668,83.83333333333333,38.55408989613127,29.869810162140897,33.34352205573705,25,50,50,42.5,MODERATE,0,1.065
2019-08-22,31.7,27.816666666666663,77.58333333333333,36.1001477517244,29.014418896195806,31.848710438407245,25,25,50,35.0,MODERATE,0,1.073
2019-08-23,31.3,27.6625,80.70833333333333,37.38059095922454,30.1226617646196,33.025833442461575,25,25,50,35.0,MODERATE,0,1.065
2019-08-24,31.5,28.275,77.79166666666667,37.4165102880712,29.35939095033581,32.58223868542997,25,25,50,35.0,MODERATE,0,1.069
2019-08-25,31.5,27.95833333333333,77.875,36.495057517277935,28.495989003931623,31.69561640927015,25,25,50,35.0,MODERATE,0,1.069
2019-08-26,28.9,26.925,86.58333333333333,33.254532132931104,26.244526505936516,29.04852875673435,0,25,25,17.5,LOW,0,1.017
2019-08-27,29.1,26.46666666666667,89.04166666666667,32.91427161377768,26.50592461337594,29.069263413536635,0,25,25,17.5,LOW,0,1.021
2019-08-28,29.4,26.725,90.70833333333331,36.3722031758758,28.78722354502833,31.821215397367315,0,25,50,27.5,MODERATE,0,1.027
2019-08-29,30.3,27.308333333333334,87.75,36.30779155053122,28.07014356940149,31.365202761853386,25,25,50,35.0,MODERATE,0,1.045
2019-08-30,31.4,28.27083333333333,84.54166666666667,38.45742017681789,29.57182757279796,33.126064614405934,25,50,50,42.5,MODERATE,0,1.067
2019-08-31,31.2,28.075,86.45833333333333,40.47144302092473,30.161667141168188,34.285577493070804,25,50,50,42.5,MODERATE,0,1.063
2019-09-01,31.8,27.92083333333333,86.375,40.18199023361764,30.68489301446416,34.483731902125555,25,50,50,42.5,MODERATE,0,1.075
2019-09-02,29.3,26.954166666666666,87.625,35.122192110637826,27.500328803949756,30.54907412662498,0,25,25,17.5,LOW,0,1.025
2019-09-03,30.2,27.46666666666667,89.375,37.9906273624357,29.39463376787397,32.83303120569866,25,25,50,35.0,MODERATE,0,1.043
2019-09-04,31.1,27.008333333333336,90.83333333333331,38.49456536306456,30.172779753080363,33.50149399707404,25,50,50,42.5,MODERATE,0,1.061
2019-09-05,31.7,27.65416666666667,90.66666666666669,42.1033245893245,31.36242992143101,35.658787788588405,25,50,75,52.5,HIGH,0,1.073
2019-09-06,31.6,28.1125,88.75,41.15406442743778,31.26549971919929,35.22092560249469,25,50,75,52.5,HIGH,0,1.071
2019-09-07,31.7,28.079166666666666,87.54166666666667,39.19742693545792,30.16181387659909,33.776059100142625,25,50,50,42.5,MODERATE,0,1.073
2019-09-08,31.9,28.195833333333336,87.625,40.47828533753773,31.11031312263444,34.85750200859576,25,50,75,52.5,HIGH,0,1.077
2019-09-09,29.7,27.454166666666666,91.29166666666669,36.49781536603563,28.085223545028324,31.450260273431248,0,25,50,27.5,MODERATE,0,1.033
2019-09-10,29.0,26.70833333333333,94.5,36.10349490044448,27.599791297251063,31.001272738528428,0,25,25,17.5,LOW,0,1.019
2019-09-11,28.5,26.4625,92.16666666666669,33.38478392127776,26.44609442594532,29.22157022407829,0,25,25,17.5,LOW,0,1.01
2019-09-12,30.3,27.245833333333334,87.625,36.57835743531554,27.48565478584033,31.122735845630416,25,25,25,25.0,MODERATE,0,1.045
2019-09-13,28.0,26.508333333333336,92.41666666666669,32.96581608459553,26.44599954910127,29.05392616329897,0,25,25,17.5,LOW,0,1.0
2019-09-14,28.9,26.8125,92.83333333333331,34.89243406857565,26.505951269806307,29.860544389314043,0,25,25,17.5,LOW,0,1.017
2019-09-15,29.9,27.308333333333334,88.0,35.77256597253118,27.01141774802887,30.515877037829792,0,25,25,17.5,LOW,0,1.037
2019-09-16,31.1,27.816666666666663,82.33333333333333,36.96948016347562,28.46512311002882,31.866865931407546,25,25,50,35.0,MODERATE,0,1.061
2019-09-17,31.8,28.17083333333333,80.625,38.46829974935109,29.37942371895923,33.01497413111598,25,50,50,42.5,MODERATE,0,1.075
2019-09-18,32.4,28.695833333333336,83.91666666666667,41.21585400289785,30.439960181261263,34.7503177099159,25,50,50,42.5,MODERATE,0,1.087
2019-09-19,33.5,29.379166666666663,78.5,39.72086129665786,30.97645667077166,34.47421852112614,25,50,50,42.5,MODERATE,0,1.111
2019-09-20,32.1,28.133333333333336,85.08333333333333,41.459215903464624,31.157802902814744,35.2783681030747,25,50,75,52.5,HIGH,0,1.081
2019-09-21,29.6,27.041666666666668,88.66666666666667,35.70892751116451,29.08394436869098,31.733937625680397,0,25,50,27.5,MODERATE,0,1.031
2019-09-22,31.3,27.425,88.83333333333333,39.06695666762446,31.18723867052722,34.339125869366114,25,50,75,52.5,HIGH,0,1.065
2019-09-23,30.7,27.3375,90.20833333333331,40.21876830148463,31.373169923113885,34.91140927446219,25,50,75,52.5,HIGH,0,1.053
2019-09-24,31.4,27.625,87.125,38.692929311715645,30.62044876802457,33.849440985501,25,50,50,42.5,MODERATE,0,1.067
2019-09-25,31.3,27.6875,86.54166666666667,38.81561699499562,30.481867076326264,33.815367043794005,25,50,50,42.5,MODERATE,0,1.065
2019-09-26,30.5,27.641666666666666,87.79166666666667,37.40986151661093,28.750414108853185,32.21419307195628,25,25,50,35.0,MODERATE,0,1.049
2019-09-27,29.0,25.825,92.83333333333331,34.52553188755544,27.024852919068096,30.02512450646303,0,25,25,17.5,LOW,0,1.019
2019-09-28,29.4,26.479166666666668,89.58333333333333,36.04411320378435,28.743391297251065,31.663680059864376,0,25,50,27.5,MODERATE,0,1.027
2019-09-29,28.1,25.64583333333333,91.54166666666669,32.03457891831787,25.538025079854364,28.13664661523977,0,25,25,17.5,LOW,0,1.002
2019-09-30,26.2,24.95,93.66666666666669,28.80902914668448,24.64642853750277,26.311468781175456,0,0,0,0.0,LOW,0,1.0
2019-10-01,30.5,26.5125,88.0,36.83900785994427,28.63620269300648,31.917324759781597,25,25,50,35.0,MODERATE,0,1.049
2019-10-02,30.9,26.695833333333336,86.625,37.38059095922454,29.238208997631556,32.495161782268745,25,25,50,35.0,MODERATE,0,1.057
2019-10-03,30.9,27.47083333333333,83.375,38.55408989613127,31.00232587723913,34.023031484795986,25,50,75,52.5,HIGH,0,1.057
2019-10-04,31.2,27.33333333333333,83.875,38.7794773401246,30.78235027521696,33.98120110118002,25,50,50,42.5,MODERATE,0,1.063
2019-10-05,31.2,27.04583333333333,81.95833333333333,37.52392063260456,30.512130493810712,33.31684654932825,25,25,50,35.0,MODERATE,0,1.063
2019-10-06,31.4,27.03333333333333,82.375,37.48020533643569,30.36091753426391,33.20863265513262,25,25,50,35.0,MODERATE,0,1.067
2019-10-07,31.7,27.2,84.08333333333333,37.4325310240712,30.63331753426391,33.353002930186825,25,25,50,35.0,MODERATE,0,1.073
2019-10-08,32.3,27.745833333333334,79.91666666666667,38.43574750255776,30.657550020336014,33.76882901322472,25,50,50,42.5,MODERATE,0,1.085
2019-10-09,32.6,27.945833333333336,78.45833333333333,38.85398835091559,31.01538883231204,34.150828639753456,25,50,75,52.5,HIGH,0,1.092
2019-10-10,32.7,27.879166666666663,77.5,37.53769789623125,30.267305188251346,33.17546227144331,25,25,50,35.0,MODERATE,0,1.094
2019-10-11,33.1,26.79583333333333,68.79166666666667,35.423788981235646,29.92426970885053,32.12407741780458,25,25,50,35.0,MODERATE,0,1.102
2019-10-12,33.2,26.416666666666668,65.16666666666667,33.87537836337564,28.62087062999991,30.722673723350205,25,25,50,35.0,MODERATE,0,1.104
2019-10-13,33.5,26.65833333333333,65.33333333333333,35.16503227740458,29.292113350864543,31.64128092148056,25,25,50,35.0,MODERATE,0,1.111
2019-10-14,33.9,27.1875,67.875,38.7794773401246,29.68842774004832,33.32484758007883,25,50,50,42.5,MODERATE,0,1.119
2019-10-15,34.1,27.866666666666664,63.0,36.04800052699555,29.577506291039896,32.165703985422155,25,25,50,35.0,MODERATE,0,1.123
2019-10-16,34.3,27.9,62.083333333333336,40.24254748202456,29.362228466087117,33.71435607246209,25,50,50,42.5,MODERATE,0,1.128
2019-10-17,33.7,27.6125,61.25,37.59868427155554,28.9040971489134,32.381931997970256,25,25,50,35.0,MODERATE,0,1.115
2019-10-18,33.7,27.7875,61.25,35.56852592739568,29.555510879518383,31.960716898669304,25,25,50,35.0,MODERATE,0,1.115
2019-10-19,33.2,27.366666666666664,66.33333333333333,35.768363928337735,29.082200312335846,31.7566657587366,25,25,50,35.0,MODERATE,0,1.104
2019-10-20,32.1,27.166666666666668,75.66666666666667,35.84928180411557,29.02483267367178,31.754612325849298,25,25,50,35.0,MODERATE,0,1.081
2019-10-21,31.8,26.7625,69.41666666666667,33.820934725784504,27.015738291025784,29.737816864929272,25,25,25,25.0,MODERATE,0,1.075
2019-10-22,32.4,27.104166666666668,64.45833333333333,35.37382959633797,28.344626932390373,31.156307997969414,25,25,50,35.0,MODERATE,0,1.087
2019-10-23,32.4,26.60833333333333,70.91666666666667,32.86273122291561,26.882069329051284,29.274334086597012,25,25,25,25.0,MODERATE,0,1.087
2019-10-24,32.7,25.78333333333333,59.75,32.06581547033781,25.79469186366011,28.30314130633119,25,25,25,25.0,MODERATE,0,1.094
2019-10-25,33.0,25.516666666666666,48.625,31.60578063244448,25.836532322265978,28.14423164633738,25,0,25,17.5,LOW,0,1.1
2019-10-26,32.4,26.366666666666664,50.16666666666666,32.905686405484474,26.221391997089263,28.895109760447347,25,25,25,25.0,MODERATE,0,1.087
2019-10-27,28.8,25.42083333333333,65.25,31.78498119843565,25.63082523040216,28.092487617615557,0,0,25,10.0,LOW,0,1.015
2019-10-28,31.0,27.004166666666663,79.375,36.52348046665789,28.898689415536666,31.948605835985155,25,25,50,35.0,MODERATE,0,1.059
2019-10-29,30.4,26.804166666666664,81.0,34.78981725363565,27.63135533985214,30.49474010536554,25,25,25,25.0,MODERATE,0,1.047
2019-10-30,32.3,27.683333333333334,74.5,36.85742905359111,29.6374463081628,32.52543940633413,25,25,50,35.0,MODERATE,0,1.085
2019-10-31,32.6,28.14583333333333,72.04166666666667,37.62226879305571,29.965173630711217,33.02801169564901,25,25,50,35.0,MODERATE,0,1.092
2019-11-01,33.4,28.6,69.45833333333333,37.10907787180442,29.597074131907867,32.60187562786649,25,25,50,35.0,MODERATE,0,1.108
2019-11-02,29.5,26.204166666666666,81.875,33.43254907794441,27.17217360749812,29.67632379567663,0,25,25,17.5,LOW,0,1.029
2019-11-03,29.3,26.02916666666667,82.16666666666667,33.12197327073792,26.99644962821415,29.446659085223654,0,25,25,17.5,LOW,0,1.025
2019-11-04,31.4,26.96666666666667,75.375,33.960099147217846,28.3405978905768,30.58839839323322,25,25,50,35.0,MODERATE,0,1.067
2019-11-05,31.9,27.02916666666667,74.45833333333333,34.419404475937746,28.66353851708478,30.96588490062597,25,25,50,35.0,MODERATE,0,1.077
2019-11-06,31.3,26.945833333333336,75.0,34.23765755259555,28.185861471298875,30.606579903817547,25,25,50,35.0,MODERATE,0,1.065
2019-11-07,29.1,25.675,78.58333333333333,31.52585219119787,27.360225615172244,29.026476245582494,0,0,25,10.0,LOW,0,1.021
2019-11-08,31.2,26.28333333333333,74.125,32.95208965708449,27.07365116544157,29.425026562098743,25,25,25,25.0,MODERATE,0,1.063
2019-11-09,30.9,26.5875,70.41666666666667,33.479126202515594,27.74619538833356,30.03936771400637,25,25,25,25.0,MODERATE,0,1.057
2019-11-10,30.9,26.758333333333336,70.875,33.73181616279123,28.1144629104587,30.36140421139171,25,25,50,35.0,MODERATE,0,1.057
2019-11-11,31.8,26.7,68.25,33.42440024307559,27.93797862736721,30.13254727365056,25,25,25,25.0,MODERATE,0,1.075
2019-11-12,32.5,26.508333333333336,66.58333333333333,32.840563753111184,27.43579474229297,29.597702346620256,25,25,25,25.0,MODERATE,0,1.09
2019-11-13,32.1,27.08333333333333,61.083333333333336,33.50256595503116,28.082456451927637,30.250500253169044,25,25,50,35.0,MODERATE,0,1.081
2019-11-14,32.2,26.84583333333333,59.333333333333336,32.16675123468443,26.98271316499937,29.0563283928734,25,25,25,25.0,MODERATE,0,1.083
2019-11-15,31.5,25.604166666666668,57.25,31.122465257555607,25.89111461395801,27.983654871397047,25,0,25,17.5,LOW,0,1.069
2019-11-16,31.5,25.754166666666663,57.875,31.57756342905557,26.77689113493629,28.697160052584003,25,0,25,17.5,LOW,0,1.069
2019-11-17,32.4,25.916666666666668,56.708333333333336,32.211150068871184,26.78247373066087,28.953944265944997,25,25,25,25.0,MODERATE,0,1.087
2019-11-18,31.2,24.9625,60.04166666666666,30.63497851511113,26.017819859571905,27.864683321787595,25,0,25,17.5,LOW,0,1.063
2019-11-19,30.1,23.991666666666664,57.958333333333336,29.369448027304443,25.304449646360027,26.930448998737795,25,0,25,17.5,LOW,0,1.041
2019-11-20,30.1,23.729166666666668,64.16666666666667,29.92496654820447,25.69157981202371,27.384934506496016,25,0,25,17.5,LOW,0,1.041
2019-11-21,31.8,24.879166666666663,64.75,32.53183834291561,26.96588764569686,29.192267924584364,25,25,25,25.0,MODERATE,0,1.075
2019-11-22,31.6,25.141666666666666,62.875,32.05373305489783,27.171788957711065,29.12456659658577,25,25,25,25.0,MODERATE,0,1.071
2019-11-23,31.2,24.8375,63.083333333333336,30.912882311555524,26.08074221292024,28.01359825237435,25,0,25,17.5,LOW,0,1.063
2019-11-24,31.3,25.008333333333336,62.958333333333336,31.626064162157768,26.83910199307808,28.753886860709954,25,0,25,17.5,LOW,0,1.065
2019-11-25,31.4,25.495833333333334,63.375,31.9382664289955,26.825966156671747,28.870886265601246,25,0,25,17.5,LOW,0,1.067
2019-11-26,31.1,25.3375,62.125,31.3483781671978,26.747308968254774,28.587736647831985,25,0,25,17.5,LOW,0,1.061
2019-11-27,30.2,24.92083333333333,63.458333333333336,31.348384778684547,26.646591633841503,28.52730889177872,25,0,25,17.5,LOW,0,1.043
2019-11-28,29.9,24.495833333333334,64.25,31.064353931235573,26.418044506314818,28.27656827628312,0,0,25,10.0,LOW,0,1.037
2019-11-29,29.7,23.975,64.875,30.193127305591208,26.06454270953789,27.71597654795921,0,0,25,10.0,LOW,0,1.033
2019-11-30,30.0,24.2375,67.91666666666667,30.60357039325117,26.229092458024297,27.97888363211505,25,0,25,17.5,LOW,0,1.039
2019-12-01,29.6,24.1125,67.58333333333333,30.06062877267564,26.121457000546982,27.69712570939844,0,0,25,10.0,LOW,0,1.031
2019-12-02,29.7,23.8375,66.45833333333333,30.329336484371147,25.232297986172185,27.27111338545177,0,0,25,10.0,LOW,0,1.033
2019-12-03,29.6,24.25,60.958333333333336,30.331439622275568,24.96635009668192,27.11238590691938,0,0,0,0.0,LOW,0,1.031
2019-12-04,28.1,24.17083333333333,56.75,28.849235670817848,23.29923361842598,25.51923443938273,0,0,0,0.0,LOW,0,1.002
2019-12-05,29.5,24.570833333333336,56.375,29.68463245844446,24.113321906454036,26.341846127250207,0,0,0,0.0,LOW,0,1.029
2019-12-06,27.2,23.3125,46.91666666666666,26.858671178435525,21.197283662162377,23.46183866867164,0,0,0,0.0,LOW,0,1.0
2019-12-07,27.6,21.8875,49.79166666666666,27.154492503875588,21.928525282245584,24.018912170897583,0,0,0,0.0,LOW,0,1.0
2019-12-08,27.6,21.0125,56.75,27.45061798129784,22.54614609114292,24.507934847204886,0,0,0,0.0,LOW,0,1.0
2019-12-09,28.5,21.258333333333333,63.25,28.54135893044445,24.040082780448856,25.84059324044709,0,0,0,0.0,LOW,0,1.01
2019-12-10,28.4,21.120833333333334,69.875,28.61852447943118,24.69795681067725,26.266183878178825,0,0,0,0.0,LOW,0,1.008
2019-12-11,27.6,20.28333333333333,67.58333333333333,27.387915910204484,23.55767607622785,25.089772009818503,0,0,0,0.0,LOW,0,1.0
2019-12-12,26.8,20.370833333333334,68.58333333333333,26.964839231484536,22.748560606845437,24.435072056701078,0,0,0,0.0,LOW,0,1.0
2019-12-13,26.3,20.916666666666668,75.29166666666667,26.58911989268448,22.524597478972773,24.150406444457456,0,0,0,0.0,LOW,0,1.0
2019-12-14,25.9,19.604166666666668,64.16666666666667,26.07499295045109,21.487756238679783,23.32265092338831,0,0,0,0.0,LOW,0,1.0
2019-12-15,25.5,19.241666666666667,52.91666666666666,27.67180175492447,20.281784986064,23.237791693608187,0,0,0,0.0,LOW,0,1.0
2019-12-16,24.5,18.6,51.41666666666666,29.14763349297557,19.23014423958532,23.197139940941423,0,0,0,0.0,LOW,0,1.0
2019-12-17,24.5,18.466666666666665,56.75,27.1425883698045,19.822242086562767,22.75038059985946,0,0,0,0.0,LOW,0,1.0
2019-12-18,26.1,19.366666666666667,64.41666666666667,27.55001016047117,22.38797975455742,24.45279191692292,0,0,0,0.0,LOW,0,1.0
2019-12-19,27.2,20.04583333333333,74.25,27.609152215484443,23.83851117381828,25.346767590484745,0,0,0,0.0,LOW,0,1.0
2019-12-20,27.8,20.779166666666665,72.20833333333333,28.06566678487112,24.30488964846082,25.80920050302494,0,0,0,0.0,LOW,0,1.0
2019-12-21,28.5,21.354166666666668,69.95833333333333,28.435827870204573,24.45875681067725,26.04958523448818,0,0,0,0.0,LOW,0,1.01
2019-12-22,28.4,22.3375,59.208333333333336,28.52588703651569,23.41541200364264,25.459602016791862,0,0,0,0.0,LOW,0,1.008
2019-12-23,27.8,22.575,58.75,28.06566678487112,23.149684361814263,25.116077331037005,0,0,0,0.0,LOW,0,1.0
2019-12-24,28.5,22.391666666666666,64.70833333333333,28.27911672727775,24.389156810677257,25.94514077731745,0,0,0,0.0,LOW,0,1.01
2019-12-25,26.9,20.6875,64.25,26.88649671188442,22.956702482405163,24.528620174196867,0,0,0,0.0,LOW,0,1.0
2019-12-26,25.6,19.01666666666667,57.25,28.778413390664483,20.184787825320743,23.62223805145824,0,0,0,0.0,LOW,0,1.0
2019-12-27,24.0,17.474999999999998,42.458333333333336,32.29673050555552,16.513105781654588,22.82655567121496,0,25,0,7.5,LOW,0,1.0
2019-12-28,24.0,17.029166666666665,41.625,34.50865818394445,17.11356698738321,24.071603466007705,0,25,0,7.5,LOW,0,1.0
2019-12-29,24.3,17.645833333333332,50.25,32.491879167164434,18.87984098415164,24.32465625735676,0,25,0,7.5,LOW,0,1.0
2019-12-30,25.0,17.766666666666666,57.708333333333336,31.625841512657765,20.441501251870307,24.91523735618529,0,0,0,0.0,LOW,0,1.0
2019-12-31,25.2,18.241666666666667,59.833333333333336,29.100892187571148,20.75269662056593,24.09197484736802,0,0,0,0.0,LOW,0,1.0
2020-01-01,25.5,19.79583333333333,64.91666666666667,26.253507341055624,21.976592844111604,23.68735864288921,0,0,0,0.0,LOW,0,1.0
2020-01-02,25.5,19.95833333333333,66.16666666666667,26.152351464611115,22.45796559478133,23.93571994271325,0,0,0,0.0,LOW,0,1.0
2020-01-03,24.6,18.22083333333333,68.25,25.537256148604463,20.45999132905449,22.49089725687448,0,0,0,0.0,LOW,0,1.0
2020-01-04,24.9,18.179166666666667,62.5,26.08674286755565,20.117108996327623,22.504962544818834,0,0,0,0.0,LOW,0,1.0
2020-01-05,25.1,18.441666666666663,59.458333333333336,27.493672288017788,18.952518845324025,22.368980222401525,0,0,0,0.0,LOW,0,1.0
2020-01-06,27.2,19.883333333333333,63.16666666666666,27.235158103857785,22.70131685374983,24.51485335379301,0,0,0,0.0,LOW,0,1.0
2020-01-07,26.8,21.2375,70.41666666666667,27.345185989635574,22.97572888327213,24.72351172581751,0,0,0,0.0,LOW,0,1.0
2020-01-08,25.4,19.729166666666668,58.708333333333336,27.32787388583776,20.11078782532074,22.99762224952755,0,0,0,0.0,LOW,0,1.0
2020-01-09,22.9,16.587500000000002,49.708333333333336,31.9675120877511,16.67146785464075,22.78988554788489,0,0,0,0.0,LOW,0,1.0
2020-01-10,23.0,16.666666666666668,48.41666666666666,33.9200228050556,16.959573994825288,23.743753518917416,0,25,0,7.5,LOW,0,1.0
2020-01-11,26.3,19.05,51.875,31.388912799555573,20.77028347376367,25.01773520408043,0,0,0,0.0,LOW,0,1.0
2020-01-12,29.3,22.304166666666664,62.125,29.44318314548445,24.47978940498289,26.46514690118352,0,0,0,0.0,LOW,0,1.025
2020-01-13,24.7,19.85833333333333,75.16666666666667,25.738260880157807,21.573083596161197,23.23915450975984,0,0,0,0.0,LOW,0,1.0
2020-01-14,23.9,17.95,59.958333333333336,28.795891211111037,19.322273467158773,23.11172056473968,0,0,0,0.0,LOW,0,1.0
2020-01-15,23.5,16.633333333333333,55.875,31.9675120877511,18.72385134173993,24.0213156401444,0,0,0,0.0,LOW,0,1.0
2020-01-16,22.0,16.033333333333335,62.958333333333336,30.23056629511116,17.581065397897394,22.6408657567829,0,0,0,0.0,LOW,0,1.0
2020-01-17,23.3,16.587500000000002,67.79166666666667,27.787166601215603,19.83736874979304,23.017287890362063,0,0,0,0.0,LOW,0,1.0
2020-01-18,24.6,17.400000000000002,61.958333333333336,29.36797127631782,20.672582354459927,24.150737923203085,0,0,0,0.0,LOW,0,1.0
2020-01-19,25.4,18.258333333333333,52.208333333333336,30.73820410263112,19.557140828421115,24.02956613810512,0,0,0,0.0,LOW,0,1.0
2020-01-20,25.9,18.141666666666666,56.04166666666666,29.68444338090456,20.388279185362546,24.10674486357935,0,0,0,0.0,LOW,0,1.0
2020-01-21,26.9,18.554166666666667,55.79166666666666,30.6487919765511,21.41180312713903,25.106598666903857,0,0,0,0.0,LOW,0,1.0
2020-01-22,28.4,19.8375,53.91666666666666,31.172084880764423,22.953848363293123,26.241142970281643,0,0,0,0.0,LOW,0,1.008
2020-01-23,26.8,20.1875,52.25,26.806965281751086,20.37631823471437,22.948577053529057,0,0,0,0.0,LOW,0,1.0
2020-01-24,27.6,19.933333333333334,47.583333333333336,29.551718766417803,22.55966759244249,25.356488062032614,0,0,0,0.0,LOW,0,1.0
2020-01-25,28.2,19.591666666666665,53.208333333333336,30.299995898895546,21.9108471194237,25.26650663121244,0,0,0,0.0,LOW,0,1.004
2020-01-26,29.3,20.933333333333334,52.41666666666666,27.957585732524493,22.950920943765198,24.953586859268917,0,0,0,0.0,LOW,0,1.025
2020-01-27,28.4,21.03333333333333,58.333333333333336,27.94961668103121,23.38991639178725,25.21379650748483,0,0,0,0.0,LOW,0,1.008
2020-01-28,25.3,20.22083333333333,51.54166666666666,27.55579384477116,20.00601215109164,23.025924828563447,0,0,0,0.0,LOW,0,1.0
2020-01-29,24.5,17.8,51.25,30.627531615111117,19.379844979577825,23.878919633791146,0,0,0,0.0,LOW,0,1.0
2020-01-30,25.7,18.004166666666666,49.66666666666666,32.56235371227566,20.09453056635533,25.081659824723463,0,25,0,7.5,LOW,0,1.0
2020-01-31,25.6,18.35833333333333,52.083333333333336,30.61925052593778,21.18805274443844,24.960531857038177,0,0,0,0.0,LOW,0,1.0
2020-02-01,26.5,19.308333333333334,34.375,32.25492785001777,18.9553202054268,24.275163263263188,0,25,0,7.5,LOW,0,1.0
2020-02-02,27.4,20.2875,39.16666666666666,29.5375918914312,20.354899577925483,24.02797650332777,0,0,0,0.0,LOW,0,1.0
2020-02-03,27.9,20.804166666666667,42.833333333333336,28.481894098275596,22.82130138547944,25.0855384705979,0,0,0,0.0,LOW,0,1.0
2020-02-04,27.7,19.979166666666668,36.79166666666666,31.323336674915502,20.00253135533056,24.53085348316454,0,0,0,0.0,LOW,0,1.0
2020-02-05,28.1,19.995833333333334,41.54166666666666,31.654874718817798,21.44324977548813,25.52789975282,0,0,0,0.0,LOW,0,1.002
2020-02-06,27.4,20.42083333333333,36.79166666666666,29.291356444424466,21.02951879405636,24.3342538542036,0,0,0,0.0,LOW,0,1.0
2020-02-07,28.1,20.466666666666665,38.083333333333336,29.587954565457792,21.915073813366405,24.98422611420296,0,0,0,0.0,LOW,0,1.002
2020-02-08,26.7,20.366666666666667,37.875,28.297305830471075,18.848619774606632,22.62809419695241,0,0,0,0.0,LOW,0,1.0
2020-02-09,27.1,20.341666666666665,38.333333333333336,28.71103581979564,20.25586132253723,23.637931121440594,0,0,0,0.0,LOW,0,1.0
2020-02-10,28.5,20.6375,39.91666666666666,29.472249350737812,22.23102065329654,25.12751213227305,0,0,0,0.0,LOW,0,1.01
2020-02-11,30.7,22.54583333333333,50.5,30.15674898911108,25.94293150530813,27.62845849882931,25,0,25,17.5,LOW,0,1.053
2020-02-12,32.0,24.34583333333333,48.54166666666666,30.59818369155558,25.81813627603809,27.730155242245083,25,0,25,17.5,LOW,0,1.079
2020-02-13,32.6,24.758333333333336,43.91666666666666,31.04536953633778,24.570823344536077,27.160641821256757,25,0,0,7.5,LOW,0,1.092
2020-02-14,31.8,24.33333333333333,38.5,29.87279721940449,24.397432096444717,26.587578145628623,25,0,0,7.5,LOW,0,1.075
2020-02-15,30.7,22.96666666666667,38.0,29.062130722995636,23.76580744032036,25.884336753390468,25,0,0,7.5,LOW,0,1.053
2020-02-16,33.3,25.2625,40.41666666666666,31.955337089324544,25.663501741745,28.180235880776817,25,0,25,17.5,LOW,0,1.106
2020-02-17,34.1,25.741666666666664,27.70833333333333,31.89655877378449,24.801123576686024,27.63929765552541,25,0,0,7.5,LOW,0,1.123
2020-02-18,33.8,24.679166666666664,32.916666666666664,31.595055488604537,26.14342878526578,28.324079466601283,25,0,25,17.5,LOW,0,1.117
2020-02-19,34.1,25.1125,41.833333333333336,32.55585014092451,26.592550835787968,28.977870557842586,25,25,25,25.0,MODERATE,0,1.123
2020-02-20,32.4,24.64583333333333,37.083333333333336,30.1726332933156,23.65586592851895,26.26257287443761,25,0,0,7.5,LOW,0,1.087
2020-02-21,32.0,24.04583333333333,40.79166666666666,30.31885131955562,25.414801340073105,27.376421331866112,25,0,25,17.5,LOW,0,1.079
2020-02-22,31.9,24.3625,29.70833333333333,29.837447721875563,23.65763717664158,26.12956139473517,25,0,0,7.5,LOW,0,1.077
2020-02-23,32.2,24.429166666666664,39.5,30.43976250705779,24.71387787159349,27.004231725779206,25,0,0,7.5,LOW,0,1.083
2020-02-24,31.8,24.34166666666667,41.458333333333336,29.904416584835563,24.58232605736532,26.711162268353416,25,0,0,7.5,LOW,0,1.075
2020-02-25,32.0,24.84166666666667,33.875,29.978174335111177,23.618890577090813,26.16260408029896,25,0,0,7.5,LOW,0,1.079
2020-02-26,32.5,25.34166666666667,37.125,30.51527986111114,25.6852310004212,27.61725054469718,25,0,25,17.5,LOW,0,1.09
2020-02-27,33.4,26.17083333333333,36.833333333333336,31.512333135875604,25.933028785265783,28.16475052550971,25,0,25,17.5,LOW,0,1.108
2020-02-28,34.2,26.475,37.0,32.27400569335118,26.706024115247043,28.933216746488696,25,25,25,25.0,MODERATE,0,1.125
2020-02-29,33.7,26.854166666666668,35.958333333333336,31.93780963060446,26.177563934282997,28.481662212811575,25,0,25,17.5,LOW,0,1.115
2020-03-01,33.4,26.0875,36.375,31.71400140129783,26.745392972460618,28.7328363439955,25,0,25,17.5,LOW,0,1.108
2020-03-02,33.6,25.879166666666663,32.5,31.333946759697785,25.890551059827068,28.067909339775355,25,0,25,17.5,LOW,0,1.113
2020-03-03,33.4,25.916666666666668,37.25,31.200427012284493,26.01214567462812,28.087458209690663,25,0,25,17.5,LOW,0,1.108
2020-03-04,32.5,25.35,41.833333333333336,30.29949482777781,24.737234895534485,26.96213886843181,25,0,0,7.5,LOW,0,1.09
2020-03-05,29.9,24.1625,53.625,28.682839639875606,25.02579738367041,26.48861428615249,0,0,25,10.0,LOW,0,1.037
2020-03-06,29.4,23.225,52.66666666666666,27.957585732524493,22.48024539600298,24.671181530611584,0,0,0,0.0,LOW,0,1.027
2020-03-07,29.4,22.15416666666667,34.041666666666664,29.031017704664425,22.70883253274631,25.23770660151356,0,0,0,0.0,LOW,0,1.027
2020-03-08,31.6,23.675,33.708333333333336,29.52891522428449,23.8435913905557,26.117720924047216,25,0,0,7.5,LOW,0,1.071
2020-03-09,33.5,25.508333333333336,31.25,31.52703343711111,25.284936005767648,27.781774978305037,25,0,25,17.5,LOW,0,1.111
2020-03-10,32.3,24.916666666666668,50.208333333333336,30.46150077700444,24.605375119324545,26.947825382396505,25,0,0,7.5,LOW,0,1.085
2020-03-11,30.0,24.0375,48.79166666666666,28.553710244444435,22.01947607544165,24.633169743042764,25,0,0,7.5,LOW,0,1.039
2020-03-12,29.0,21.916666666666668,36.04166666666666,27.39858090977777,21.23988996884497,23.703366345218093,0,0,0,0.0,LOW,0,1.019
2020-03-13,29.2,22.245833333333334,42.0,27.638499821351164,22.41375824961041,24.503654878306712,0,0,0,0.0,LOW,0,1.023
2020-03-14,31.6,23.59166666666667,26.95833333333333,29.42672712339559,21.68818647229382,24.78360273273453,25,0,0,7.5,LOW,0,1.071
2020-03-15,32.5,24.579166666666666,25.291666666666668,30.17796536111114,21.803165938785227,25.153085707715597,25,0,0,7.5,LOW,0,1.09
2020-03-16,34.0,25.95833333333333,25.0,31.523201039555587,23.95995012788109,26.98525049255089,25,0,0,7.5,LOW,0,1.121
2020-03-17,35.7,26.925,29.875,33.72445795767115,27.05898789002599,29.72517591708405,50,25,25,32.5,MODERATE,0,1.158
2020-03-18,36.8,28.245833333333334,29.25,34.30277092812449,27.785831997687023,30.392607569862008,50,25,25,32.5,MODERATE,0,1.183
2020-03-19,36.7,28.866666666666664,28.08333333333333,34.216299299055585,27.46696703886206,30.166699942939463,50,25,25,32.5,MODERATE,0,1.18
2020-03-20,33.8,27.195833333333336,31.791666666666668,31.595055488604537,24.93125540902982,27.59677544085971,25,0,0,7.5,LOW,0,1.117
2020-03-21,34.4,26.95,47.91666666666666,33.6456223570311,27.737500638650356,30.10074932600265,25,25,25,25.0,MODERATE,0,1.13
2020-03-22,35.2,28.98333333333333,45.29166666666666,34.468957811111146,28.631358346024506,30.96639813205916,50,25,50,42.5,MODERATE,0,1.147
2020-03-23,37.2,29.929166666666664,39.458333333333336,35.836716000551114,29.435246736789587,31.9958344422942,50,25,50,42.5,MODERATE,0,1.192
2020-03-24,37.2,31.375,33.666666666666664,36.484585831057785,28.64018860681549,31.777947496512407,50,25,50,42.5,MODERATE,0,1.192
2020-03-25,36.6,30.67916666666667,33.583333333333336,35.87156763091562,29.42840440235344,32.00566969377831,50,25,50,42.5,MODERATE,0,1.178
2020-03-26,32.3,28.45833333333333,48.29166666666666,32.905686405484474,27.09982992294649,29.422172515961687,25,25,25,25.0,MODERATE,0,1.085
2020-03-27,32.1,25.266666666666666,59.208333333333336,30.59818369155558,25.41618324012717,27.48898342069854,25,0,25,17.5,LOW,0,1.081
2020-03-28,33.8,26.541666666666668,40.41666666666666,31.942005331235634,26.41473870761082,28.625645357060744,25,0,25,17.5,LOW,0,1.117
2020-03-29,35.5,27.883333333333336,35.833333333333336,33.36626928794447,26.927965672515004,29.503287118686792,50,25,25,32.5,MODERATE,0,1.154
2020-03-30,37.2,29.2875,33.375,34.98114772339558,28.96825451926688,31.37341180091836,50,25,50,42.5,MODERATE,0,1.192
2020-03-31,37.4,29.05,31.125,35.35915752929781,28.25421301152477,31.096190818633985,50,25,50,42.5,MODERATE,0,1.196
2020-04-01,36.3,29.46666666666667,38.333333333333336,35.253676839757844,28.391102551667053,31.13613226690337,50,25,50,42.5,MODERATE,0,1.171
2020-04-02,37.0,29.1875,35.791666666666664,34.90246276577779,27.585354561058026,30.51219784294593,50,25,25,32.5,MODERATE,0,1.187
2020-04-03,38.2,30.433333333333334,27.416666666666668,35.93921811841779,27.9047535819036,31.11853939650928,50,25,25,32.5,MODERATE,0,1.215
2020-04-04,38.5,30.4,26.625,36.050980114817776,28.22412501033766,31.354867052129705,50,25,50,42.5,MODERATE,0,1.222
2020-04-05,38.6,30.375,26.45833333333333,36.0514605729956,29.042224856839205,31.845919143301764,50,25,50,42.5,MODERATE,0,1.224
2020-04-06,38.7,30.454166666666666,28.20833333333333,36.502040487617805,29.42604763860784,32.25644477821183,50,25,50,42.5,MODERATE,0,1.226
2020-04-07,38.0,30.995833333333334,29.666666666666668,36.12601675418447,28.716471796205703,31.68028977939721,50,25,50,42.5,MODERATE,0,1.21
2020-04-08,37.8,30.35,40.41666666666666,36.40295370375108,29.29458860681549,32.13793464558972,50,25,50,42.5,MODERATE,0,1.205
2020-04-09,37.8,30.620833333333334,38.91666666666666,36.48747862975111,30.00036831845656,32.595212442974386,50,25,50,42.5,MODERATE,0,1.205
2020-04-10,39.1,31.71666666666667,29.58333333333333,37.26355626977781,29.752360714562226,32.75683893664846,50,25,50,42.5,MODERATE,0,1.236
2020-04-11,40.9,33.15,23.0,38.85363964441783,29.979828385292517,33.52935288894264,75,50,50,57.5,HIGH,0,1.279
2020-04-12,41.5,34.141666666666666,18.541666666666668,38.97902776061117,29.82279859869901,33.48529026346388,75,50,50,57.5,HIGH,0,1.293
2020-04-13,41.5,34.0625,18.916666666666668,39.13597786899559,29.19455164729773,33.17112213597687,75,50,50,57.5,HIGH,0,1.293
2020-04-14,41.3,34.45,21.875,39.46661685361779,30.09597424360723,33.84423128761146,75,50,50,57.5,HIGH,0,1.289
2020-04-15,40.5,33.87916666666667,23.70833333333333,38.87940838705558,28.99476110818705,32.94862001973446,75,50,50,57.5,HIGH,0,1.269
2020-04-16,41.1,33.09583333333333,27.58333333333333,39.34321893433778,29.20747862050176,33.26177474603617,75,50,50,57.5,HIGH,0,1.284
2020-04-17,40.2,33.333333333333336,31.041666666666668,39.351618660035584,29.89250998423631,33.676153454556015,75,50,50,57.5,HIGH,0,1.262
2020-04-18,40.3,33.975,26.416666666666668,38.62940933689559,29.200910145590907,32.97230982211278,75,50,50,57.5,HIGH,0,1.264
2020-04-19,39.2,33.28333333333333,30.916666666666668,37.61969014778448,29.2700749642688,32.60992103767507,50,25,50,42.5,MODERATE,0,1.238
2020-04-20,39.2,33.13333333333333,31.33333333333333,37.7475874574045,28.65109374081439,32.28969122745043,50,25,50,42.5,MODERATE,0,1.238
2020-04-21,39.6,32.987500000000004,34.458333333333336,38.81400519447116,30.548101016328577,33.85446268758561,50,50,50,50.0,HIGH,0,1.247
2020-04-22,40.8,34.025,32.916666666666664,39.593469071484456,30.762548501122005,34.29491672926699,75,50,50,57.5,HIGH,0,1.276
2020-04-23,41.0,34.3875,31.70833333333333,39.68633318489781,29.63626149004069,33.65629016798354,75,50,50,57.5,HIGH,0,1.281
2020-04-24,39.8,33.416666666666664,34.458333333333336,38.803291788035565,29.75091661271498,33.37186668284322,50,50,50,50.0,HIGH,0,1.252
2020-04-25,38.9,31.808333333333334,41.79166666666666,37.60280972907559,28.658977459260026,32.23651036718625,50,25,50,42.5,MODERATE,0,1.231
2020-04-26,39.8,32.30416666666667,41.66666666666666,39.09409730295114,30.4320162823153,33.89684869056964,50,50,50,50.0,HIGH,0,1.252
2020-04-27,39.4,32.270833333333336,41.5,39.44445854865782,31.06015306846275,34.41387526054078,50,50,75,60.0,HIGH,0,1.243
2020-04-28,40.7,33.62083333333333,34.083333333333336,39.45819585794453,30.89096943156117,34.317860002114514,75,50,50,57.5,HIGH,0,1.274
2020-04-29,41.7,35.11666666666667,25.666666666666668,40.08488596865782,30.16655363214246,34.1338865667486,75,50,50,57.5,HIGH,0,1.298
2020-04-30,42.2,36.020833333333336,23.041666666666668,40.75884306905783,31.13633716668447,34.98533952763381,75,50,75,67.5,HIGH,0,1.311
2020-05-01,42.2,36.075,24.791666666666668,41.03182177049783,30.99932462307133,35.012323482041936,75,50,50,57.5,HIGH,0,1.311
2020-05-02,42.2,34.604166666666664,32.208333333333336,40.89508985825778,30.35441335902509,34.57068395871817,75,50,50,57.5,HIGH,0,1.311
2020-05-03,42.0,34.354166666666664,38.458333333333336,41.116246538904505,30.90824773715136,34.99144725785262,75,50,50,57.5,HIGH,0,1.306
2020-05-04,41.9,34.604166666666664,41.583333333333336,42.12213298807111,31.99577647072678,36.046319077664506,75,50,75,67.5,HIGH,0,1.303
2020-05-05,41.9,35.05833333333333,39.208333333333336,42.62675548588447,32.64282771094793,36.636398820922544,75,50,75,67.5,HIGH,0,1.303
2020-05-06,42.1,34.84583333333333,37.54166666666666,40.90641338283555,32.04688076379301,35.590693811410034,75,50,75,67.5,HIGH,0,1.308
2020-05-07,42.2,34.25416666666667,30.75,40.82587944711116,31.705643242911773,35.353737724591525,75,50,75,67.5,HIGH,0,1.311
2020-05-08,42.6,34.49166666666667,37.79166666666666,41.116246538904505,31.65045088466959,35.43676914636356,75,50,75,67.5,HIGH,0,1.321
2020-05-09,41.9,34.483333333333334,40.25,41.15869824316448,31.91896030420461,35.61485547978856,75,50,75,67.5,HIGH,0,1.303
2020-05-10,41.6,34.395833333333336,37.458333333333336,41.19079702711113,31.760665795379943,35.53271828807242,75,50,75,67.5,HIGH,0,1.296
2020-05-11,40.5,33.675000000000004,40.54166666666666,40.55357635719784,31.53521681200247,35.142560630080624,75,50,75,67.5,HIGH,0,1.269
2020-05-12,40.8,33.975,43.79166666666666,41.67031114721786,32.5051731693073,36.17122836047152,75,50,75,67.5,HIGH,0,1.276
2020-05-13,41.4,34.94166666666667,39.54166666666666,42.55523965005118,32.61141674482725,36.58894590691682,75,50,75,67.5,HIGH,0,1.291
2020-05-14,41.2,34.85,35.625,41.47536550180447,31.830100516975204,35.68820651090691,75,50,75,67.5,HIGH,0,1.286
2020-05-15,41.0,35.25833333333333,32.791666666666664,40.88556108535114,31.434700897760624,35.21504497279683,75,50,75,67.5,HIGH,0,1.281
2020-05-16,41.3,35.34583333333333,33.0,40.83356178820444,31.18207156436116,35.04266765389847,75,50,75,67.5,HIGH,0,1.289
2020-05-17,41.4,34.958333333333336,31.666666666666668,40.416172208604486,30.187471727999977,34.27895192024178,75,50,50,57.5,HIGH,0,1.291
2020-05-18,40.6,34.579166666666666,33.083333333333336,40.51705995508448,30.776800758171166,34.67290443693649,75,50,50,57.5,HIGH,0,1.271
2020-05-19,41.5,34.483333333333334,35.041666666666664,40.58623348459564,31.164286999396445,34.93306559347612,75,50,75,67.5,HIGH,0,1.293
2020-05-20,43.5,35.97083333333333,26.875,41.495552028017855,30.63737009376156,34.98064286746408,75,50,50,57.5,HIGH,0,1.344
2020-05-21,43.3,35.90833333333333,24.041666666666668,41.12988935259558,30.49827493610788,34.75092070270296,75,50,50,57.5,HIGH,0,1.339
2020-05-22,43.2,35.62083333333333,24.45833333333333,40.87715027676445,30.1284908672833,34.427954631075764,75,50,50,57.5,HIGH,0,1.336
2020-05-23,42.6,34.9625,34.958333333333336,40.63033896876449,30.742471067316806,34.69761822789588,75,50,50,57.5,HIGH,0,1.321
2020-05-24,42.9,35.358333333333334,37.41666666666666,41.25006035106449,30.35808221822716,34.7148734713621,75,50,50,57.5,HIGH,0,1.328
2020-05-25,42.7,35.270833333333336,39.75,41.74641660409561,31.198350302400694,35.41757682307866,75,50,75,67.5,HIGH,0,1.323
2020-05-26,43.1,34.97083333333333,42.083333333333336,42.56789092577783,31.2572690608431,35.78151780681699,75,50,75,67.5,HIGH,0,1.333
2020-05-27,43.4,34.725,43.583333333333336,44.684167337084446,32.34012505178047,37.27774196590206,75,75,75,75.0,EXTREME,1,1.341
2020-05-28,43.2,35.03333333333333,41.083333333333336,44.335942373137854,32.17639715806912,37.040215244096615,75,75,75,75.0,EXTREME,2,1.336
2020-05-29,42.3,34.13333333333333,50.04166666666666,42.87395080161783,31.95860188286068,36.32474145036354,75,50,75,67.5,HIGH,0,1.313
2020-05-30,40.1,33.666666666666664,50.91666666666666,41.863095644444456,31.5827731693073,35.69490215936216,75,50,75,67.5,HIGH,0,1.259
2020-05-31,40.7,34.266666666666666,47.458333333333336,41.863095644444456,32.2334590855171,36.08531370908804,75,50,75,67.5,HIGH,0,1.274
2020-06-01,39.4,34.4625,46.91666666666666,42.97145307911118,32.18891916252061,36.50193272915684,50,50,75,60.0,HIGH,0,1.243
2020-06-02,39.8,33.645833333333336,48.333333333333336,42.3210473419912,32.496201584531526,36.4261398875154,50,50,75,60.0,HIGH,0,1.252
2020-06-03,37.5,33.4375,44.79166666666666,39.723335421617776,30.38408360416498,34.1197843311461,50,50,50,50.0,HIGH,0,1.198
2020-06-04,37.8,32.516666666666666,49.79166666666666,39.723335421617776,29.60171560895202,33.650363534018325,50,50,50,50.0,HIGH,0,1.205
2020-06-05,37.0,31.566666666666663,66.08333333333333,42.466438671555565,31.48051916252061,35.8748869661346,50,50,75,60.0,HIGH,0,1.187
2020-06-06,34.7,30.6875,69.58333333333333,41.95781490699557,31.49588424510455,35.68065650986096,25,50,75,52.5,HIGH,0,1.136
2020-06-07,34.7,29.90833333333333,72.66666666666667,40.35134220681788,31.042550447625523,34.766067151302465,25,50,75,52.5,HIGH,0,1.136
2020-06-08,34.8,29.025,78.25,41.21477343183119,30.855676252280134,34.999315124100555,25,50,50,42.5,MODERATE,0,1.138
2020-06-09,34.6,29.7875,75.58333333333333,42.11602909447109,31.432213539889062,35.70573976172187,25,50,75,52.5,HIGH,0,1.134
2020-06-10,35.3,31.2875,69.58333333333333,43.10540476642457,32.06672111343121,36.48219457462855,50,75,75,67.5,HIGH,0,1.149
2020-06-11,35.7,31.320833333333336,67.66666666666667,41.47712425555565,30.638693281023837,34.97406567083656,50,50,50,50.0,HIGH,0,1.158
2020-06-12,37.5,32.71666666666667,63.625,44.58839399444448,32.604555521182874,37.39809091048752,50,75,75,67.5,HIGH,0,1.198
2020-06-13,34.8,31.075,72.0,42.64919922295124,31.129533274187096,35.73739965369275,25,50,75,52.5,HIGH,0,1.138
2020-06-14,35.4,29.745833333333334,80.08333333333333,43.829958706115626,31.668843620495608,36.53328965474361,50,75,75,67.5,HIGH,0,1.151
2020-06-15,36.0,30.925,74.79166666666667,44.53124982177787,31.3942845880717,36.64907068155416,50,75,75,67.5,HIGH,0,1.165
2020-06-16,37.1,31.45,72.29166666666667,45.53803062027563,32.867944476720794,37.93597893414272,50,75,75,67.5,HIGH,0,1.189
2020-06-17,34.3,30.71666666666667,73.16666666666667,41.09086060449559,29.688671929576586,34.249547399544184,25,50,50,42.5,MODERATE,0,1.128
2020-06-18,35.9,30.78333333333333,71.875,43.00229427667568,30.698676620367145,35.62012368289056,50,75,50,57.5,HIGH,0,1.163
2020-06-19,36.8,31.183333333333334,69.91666666666667,42.74834205555558,29.81573239932644,34.988776261818096,50,50,50,50.0,HIGH,0,1.183
2020-06-20,36.0,31.4,67.33333333333333,41.77429078807121,30.67525651590748,35.11487022477297,50,50,50,50.0,HIGH,0,1.165
2020-06-21,35.9,30.9,69.91666666666667,42.88247931130441,31.284011501660427,35.92339862551802,50,50,75,60.0,HIGH,0,1.163
2020-06-22,33.9,30.475,70.875,40.69638615836445,30.255426511957427,34.43181037052024,25,50,50,42.5,MODERATE,0,1.119
2020-06-23,33.2,30.075,71.95833333333333,38.95338184599126,28.589228071558445,32.73488958133157,25,50,50,42.5,MODERATE,0,1.104
2020-06-24,35.1,30.933333333333334,71.41666666666667,43.46400177757116,31.369107039564017,36.20706493476688,50,75,75,67.5,HIGH,0,1.145
2020-06-25,34.1,30.8375,72.875,41.61962892489571,30.31338425699558,34.83588212415563,25,50,50,42.5,MODERATE,0,1.123
2020-06-26,36.3,31.9875,66.58333333333333,42.31544614444457,31.135484498645067,35.60746915696487,50,50,75,60.0,HIGH,0,1.171
2020-06-27,39.0,33.0,59.41666666666666,43.83320999763564,32.316856374356,36.923397823667855,50,75,75,67.5,HIGH,0,1.233
2020-06-28,39.0,33.59583333333333,57.208333333333336,44.27838292755554,32.45717830474125,37.18566015386696,50,75,75,67.5,HIGH,0,1.233
2020-06-29,38.2,33.02916666666667,62.0,44.84452242625784,32.90636096638318,37.681625550333045,50,75,75,67.5,HIGH,0,1.215
2020-06-30,36.8,31.625,67.16666666666667,44.25828781447125,32.25365166629867,37.0555061255677,50,75,75,67.5,HIGH,0,1.183
2020-07-01,36.9,31.6875,65.375,45.00482059467553,32.631244481116454,37.58067492654008,50,75,75,67.5,HIGH,0,1.185
2020-07-02,38.1,32.112500000000004,62.833333333333336,42.3159787488511,31.278964692677413,35.693770315146885,50,50,75,60.0,HIGH,0,1.212
2020-07-03,38.0,32.3125,64.0,43.88645204844452,32.440389539882254,37.01881454330716,50,75,75,67.5,HIGH,0,1.21
2020-07-04,36.3,31.65416666666667,69.95833333333333,43.90983880858449,32.361390922172376,36.980770076737215,50,75,75,67.5,HIGH,0,1.171
2020-07-05,34.9,29.629166666666663,77.29166666666667,41.63818628841776,30.683584475742883,35.06542520081283,25,50,50,42.5,MODERATE,0,1.141
2020-07-06,29.8,27.441666666666663,89.33333333333333,36.526349604337696,26.735101878707223,30.65160096895941,0,25,25,17.5,LOW,0,1.035
2020-07-07,31.7,28.729166666666668,79.25,38.45742017681789,27.7063720935448,32.006791326854035,25,50,25,32.5,MODERATE,0,1.073
2020-07-08,31.3,28.741666666666664,83.70833333333333,39.778320775751176,28.67984307805594,33.11923415713403,25,50,50,42.5,MODERATE,0,1.065
2020-07-09,34.0,29.7125,77.16666666666667,41.17831338780448,29.913278943620423,34.41929272129404,25,50,50,42.5,MODERATE,0,1.121
2020-07-10,33.9,29.504166666666663,76.83333333333333,40.69794478863116,29.520213688973836,33.99130612883677,25,50,50,42.5,MODERATE,0,1.119
2020-07-11,33.4,28.8625,80.95833333333333,40.94211754771564,29.97330434943512,34.360829628747325,25,50,50,42.5,MODERATE,0,1.108
2020-07-12,31.7,28.27083333333333,84.16666666666667,38.41561921129552,28.382667076326264,32.39584793031397,25,50,50,42.5,MODERATE,0,1.073
2020-07-13,32.7,28.804166666666664,80.33333333333333,38.45742017681789,29.70133844254141,33.203771136252,25,50,50,42.5,MODERATE,0,1.094
2020-07-14,32.4,28.745833333333334,83.45833333333333,39.9743129101845,30.940294212700717,34.55390169169423,25,50,50,42.5,MODERATE,0,1.087
2020-07-15,32.5,29.308333333333334,82.875,42.7169619319446,31.16553250170369,35.786104273800056,25,50,75,52.5,HIGH,0,1.09
2020-07-16,32.5,28.67083333333333,87.29166666666667,41.12656993194465,29.801041551195404,34.331252903495105,25,50,50,42.5,MODERATE,0,1.09
2020-07-17,33.2,28.8,82.75,40.51858159279783,30.337025733838075,34.40964807742198,25,50,50,42.5,MODERATE,0,1.104
2020-07-18,32.7,29.15,78.45833333333333,40.177589223635565,30.01666695029428,34.08103585963079,25,50,50,42.5,MODERATE,0,1.094
2020-07-19,33.6,29.8,76.16666666666667,39.938020230631125,30.065627490174503,34.01458458635716,25,50,50,42.5,MODERATE,0,1.113
2020-07-20,34.2,30.04583333333333,72.08333333333333,39.5678188930645,29.648442292956087,33.61619293299945,25,50,50,42.5,MODERATE,0,1.125
2020-07-21,33.4,29.9,71.5,38.7622484503178,29.07071566260664,32.9473287776911,25,50,50,42.5,MODERATE,0,1.108
2020-07-22,34.8,30.58333333333333,69.375,39.88022217177785,30.26631538587563,34.11187810023652,25,50,50,42.5,MODERATE,0,1.138
2020-07-23,34.3,30.495833333333334,71.70833333333333,41.35420553955563,30.96073327418709,35.11812218033451,25,50,50,42.5,MODERATE,0,1.128
2020-07-24,33.3,29.633333333333336,77.04166666666667,41.0119121635556,31.610467012266422,35.371045072782096,25,50,75,52.5,HIGH,0,1.106
2020-07-25,32.5,28.77083333333333,81.95833333333333,40.00452776111116,31.21274760271936,34.72945966607608,25,50,75,52.5,HIGH,0,1.09
2020-07-26,33.0,29.02083333333333,78.91666666666667,40.18428475833564,30.34180571088601,34.27879732986587,25,50,50,42.5,MODERATE,0,1.1
2020-07-27,34.3,30.116666666666664,73.41666666666667,41.35420553955563,31.092333274187094,35.19708218033451,25,50,75,52.5,HIGH,0,1.128
2020-07-28,35.1,30.445833333333336,69.875,40.67542894444448,30.69888900514739,34.68950498086623,50,50,50,50.0,HIGH,0,1.145
2020-07-29,34.1,30.20833333333333,73.91666666666667,41.61962892489571,31.18672454720959,35.35988629828404,25,50,75,52.5,HIGH,0,1.123
2020-07-30,31.2,27.95,88.91666666666667,38.45742017681789,29.9207720935448,33.335431326854035,25,50,50,42.5,MODERATE,0,1.063
2020-07-31,32.4,29.05,83.08333333333333,40.09279065287127,30.40898254801493,34.28250578995746,25,50,50,42.5,MODERATE,0,1.087
2020-08-01,34.2,30.079166666666666,76.0,42.30640259372448,31.685124547209583,35.933635765815545,25,50,75,52.5,HIGH,0,1.125
2020-08-02,34.5,30.55,72.20833333333333,41.88713076051572,31.9438886910722,35.92118551884961,25,50,75,52.5,HIGH,0,1.132
2020-08-03,34.9,30.258333333333336,74.5,42.48286297371547,31.83547972156491,36.094433022425136,25,50,75,52.5,HIGH,0,1.141
2020-08-04,35.0,30.73333333333333,74.79166666666667,43.64160381111125,32.30885687774997,36.84195565109448,50,75,75,67.5,HIGH,0,1.143
2020-08-05,35.8,30.8625,77.33333333333333,44.46067459852455,32.22999965816788,37.12226963431054,50,75,75,67.5,HIGH,0,1.16
2020-08-06,32.5,28.829166666666666,87.20833333333333,42.7169619319446,30.99464041828876,35.6835690237511,25,50,50,42.5,MODERATE,0,1.09
2020-08-07,31.0,27.71666666666667,89.25,39.17185738711115,29.11776364936174,33.1394011444615,25,50,50,42.5,MODERATE,0,1.059
2020-08-08,31.9,28.004166666666663,85.125,39.76179563209793,29.34299860300285,33.51051741464089,25,50,50,42.5,MODERATE,0,1.077
2020-08-09,28.1,26.8375,92.875,33.88448716729782,26.54999158175395,29.483789815971495,0,25,25,17.5,LOW,0,1.002
2020-08-10,30.6,27.641666666666666,88.75,37.4175633960955,28.153373873970544,31.85904968282053,25,25,50,35.0,MODERATE,0,1.051
2020-08-11,31.5,28.08333333333333,87.5,39.35700334556448,29.97513671823369,33.72788336916601,25,50,50,42.5,MODERATE,0,1.069
2020-08-12,31.0,27.1125,90.5,38.52685535955565,28.611917081926755,32.57789239297831,25,50,50,42.5,MODERATE,0,1.059
2020-08-13,27.2,26.125,92.83333333333331,31.552786918791096,25.380387561891148,27.84934730465113,0,0,25,10.0,LOW,0,1.0
2020-08-14,28.2,26.15833333333333,93.08333333333331,33.64631438108432,26.7925006069695,29.53402611661543,0,25,25,17.5,LOW,0,1.004
2020-08-15,30.8,27.079166666666666,91.08333333333331,38.8930978593956,29.917200980606005,33.50755973212185,25,50,50,42.5,MODERATE,0,1.055
2020-08-16,28.9,27.166666666666668,90.75,35.47103076428452,27.41469388270624,30.63722863533755,0,25,25,17.5,LOW,0,1.017
2020-08-17,30.3,27.241666666666664,89.95833333333333,37.70637076372449,29.380773437919597,32.711012368241555,25,25,50,35.0,MODERATE,0,1.045
2020-08-18,29.2,26.78333333333333,90.75,35.47103076428452,27.586560266660506,30.740348465710117,0,25,25,17.5,LOW,0,1.023
2020-08-19,29.0,26.641666666666666,92.29166666666669,35.86846531155547,28.02951906091814,31.16509756117307,0,25,50,27.5,MODERATE,0,1.019
2020-08-20,29.3,26.704166666666666,92.70833333333331,36.81852130779565,28.854628733968408,32.04018576349931,0,25,50,27.5,MODERATE,0,1.025
2020-08-21,29.8,27.1875,90.54166666666669,37.2948570951356,28.95057365948037,32.28828703374246,0,25,50,27.5,MODERATE,0,1.035
2020-08-22,29.7,27.0875,91.20833333333331,36.49781536603563,28.16435860528543,31.49774130958551,0,25,50,27.5,MODERATE,0,1.033
2020-08-23,26.1,25.6,94.75,28.426498570551303,23.913710048112765,25.71882545708818,0,0,0,0.0,LOW,0,1.0
2020-08-24,28.3,26.204166666666666,91.66666666666669,33.7565344101957,25.517996158612725,28.813411459245916,0,25,25,17.5,LOW,0,1.006
2020-08-25,31.8,27.679166666666664,81.54166666666667,38.14369688375108,28.731263571332214,32.49623689629976,25,50,50,42.5,MODERATE,0,1.075
2020-08-26,31.0,27.120833333333334,85.04166666666667,37.59868427155554,29.07704341492601,32.48569975757782,25,25,50,35.0,MODERATE,0,1.059
2020-08-27,30.4,26.891666666666666,87.20833333333333,37.7072665325157,29.463173437919597,32.76081067575804,25,25,50,35.0,MODERATE,0,1.047
2020-08-28,30.4,27.0,87.25,37.4165102880712,28.82992508014597,32.264559163316065,25,25,50,35.0,MODERATE,0,1.047
2020-08-29,30.4,26.89583333333333,89.375,36.84891068979568,29.050902194607456,32.170105592682745,25,25,50,35.0,MODERATE,0,1.047
2020-08-30,26.7,25.641666666666666,95.0,30.41349481351784,25.883681852810163,27.695607037093232,0,0,25,10.0,LOW,0,1.0
2020-08-31,29.3,26.09166666666667,90.70833333333331,34.89390768052441,27.925865080490297,30.71308212050394,0,25,25,17.5,LOW,0,1.025
2020-09-01,30.9,27.125,82.20833333333333,35.16503227740458,28.151269008824546,30.95677431625656,25,25,50,35.0,MODERATE,0,1.057
2020-09-02,31.5,27.633333333333336,82.0,35.93309569127784,29.59261913571815,32.12880975794202,25,25,50,35.0,MODERATE,0,1.069
2020-09-03,30.5,27.60833333333333,86.0,37.40986151661093,29.790053343972414,32.83797661302782,25,25,50,35.0,MODERATE,0,1.049
2020-09-04,32.5,28.625,81.25,38.353811838915625,30.64434440740554,33.72813138000957,25,50,50,42.5,MODERATE,0,1.09
2020-09-05,32.5,28.925,81.83333333333333,41.51406052777788,31.42809301446416,35.46248001978965,25,50,75,52.5,HIGH,0,1.09
2020-09-06,33.0,28.95833333333333,78.70833333333333,38.914234438764574,30.45029503498253,33.83587079649535,25,50,50,42.5,MODERATE,0,1.1
2020-09-07,32.5,28.84166666666667,78.45833333333333,38.94313001527792,30.151144161060166,33.66793850274727,25,50,50,42.5,MODERATE,0,1.09
2020-09-08,31.9,28.27916666666667,77.75,37.447634496797896,29.32627665747868,32.574819793206366,25,25,50,35.0,MODERATE,0,1.077
2020-09-09,32.4,28.52083333333333,80.375,39.377280111875685,30.666489679179723,34.15080585225811,25,50,50,42.5,MODERATE,0,1.087
2020-09-10,33.2,29.27916666666667,79.08333333333333,39.05892533409561,30.711895034982525,34.05070715462776,25,50,50,42.5,MODERATE,0,1.104
2020-09-11,32.4,28.791666666666668,79.125,39.02948434908452,30.63243283852753,33.99125344275033,25,50,50,42.5,MODERATE,0,1.087
2020-09-12,31.0,27.820833333333336,89.25,39.23061220780441,29.838608359552243,33.59540989885311,25,50,50,42.5,MODERATE,0,1.059
2020-09-13,31.5,28.495833333333334,82.58333333333333,38.972738639055656,29.83068278319984,33.48750512554217,25,50,50,42.5,MODERATE,0,1.069
2020-09-14,31.3,28.229166666666668,81.91666666666667,38.7794773401246,29.782626894693404,33.381367072865885,25,50,50,42.5,MODERATE,0,1.065
2020-09-15,31.9,28.54583333333333,81.25,38.86094437290459,30.41037065672216,33.790600143195135,25,50,50,42.5,MODERATE,0,1.077
2020-09-16,31.2,28.229166666666668,86.20833333333333,38.7794773401246,30.00880921817142,33.517076466952695,25,50,50,42.5,MODERATE,0,1.063
2020-09-17,31.6,28.40833333333333,85.25,40.79234903092448,30.386234552086822,34.54868034362189,25,50,50,42.5,MODERATE,0,1.071
2020-09-18,31.1,28.329166666666666,82.66666666666667,37.33137107881575,29.645523110028822,32.71986229754359,25,25,50,35.0,MODERATE,0,1.061
2020-09-19,32.4,28.816666666666663,84.125,40.77711380177801,31.32173321795776,35.10388545148586,25,50,75,52.5,HIGH,0,1.087
2020-09-20,32.5,28.791666666666668,85.70833333333333,42.30925652777788,31.25523350317317,35.67684271301505,25,50,75,52.5,HIGH,0,1.09
2020-09-21,34.3,29.83333333333333,79.33333333333333,44.36873470980462,31.918424875960028,36.89854880949787,25,75,75,60.0,HIGH,0,1.128
2020-09-22,34.8,30.329166666666666,73.5,42.306878657884376,31.352785125641866,35.734422538538865,25,50,75,52.5,HIGH,0,1.138
2020-09-23,34.0,29.620833333333334,79.58333333333333,43.03167656977783,31.737243620495608,36.255016800208494,25,75,75,60.0,HIGH,0,1.121
2020-09-24,33.2,29.204166666666666,81.41666666666667,41.57512085523563,31.300197570747976,35.41016688454304,25,50,75,52.5,HIGH,0,1.104
2020-09-25,32.3,28.40833333333333,81.70833333333333,39.54184864295118,30.10152966424146,33.877657255725346,25,50,50,42.5,MODERATE,0,1.085
2020-09-26,31.3,27.46666666666667,76.875,34.7226257703912,28.215755423187925,30.818503562069232,25,25,50,35.0,MODERATE,0,1.065
2020-09-27,31.1,26.98333333333333,76.91666666666667,34.12201264311117,28.15276066399634,30.540461455642276,25,25,50,35.0,MODERATE,0,1.061
2020-09-28,31.0,27.116666666666664,79.25,35.75416966794443,29.459113466613665,31.97713594714597,25,25,50,35.0,MODERATE,0,1.059
2020-09-29,31.7,27.5625,74.5,36.15703335233783,29.515648461903904,32.172202418077475,25,25,50,35.0,MODERATE,0,1.073
2020-09-30,31.7,27.775,74.25,36.1001477517244,29.063850542799933,31.878369426369723,25,25,50,35.0,MODERATE,0,1.073
2020-10-01,33.1,28.525,72.70833333333333,37.716498617864495,29.87832327493065,33.013593412104186,25,25,50,35.0,MODERATE,0,1.102
2020-10-02,34.6,29.141666666666666,68.0,38.059598087555614,30.623918810418417,33.598190521273295,25,50,50,42.5,MODERATE,0,1.134
2020-10-03,34.5,28.825,67.29166666666667,38.13957741511104,30.409569552676885,33.501572697650545,25,50,50,42.5,MODERATE,0,1.132
2020-10-04,34.6,28.266666666666666,67.29166666666667,39.26991952877112,29.93029091215224,33.66614235879979,25,50,50,42.5,MODERATE,0,1.134
2020-10-05,34.2,28.479166666666668,66.04166666666667,36.81314932479111,29.75762860113189,32.57983689059558,25,25,50,35.0,MODERATE,0,1.125
2020-10-06,35.2,28.73333333333333,61.04166666666666,42.21559021651561,29.732583515592573,34.72578619596179,50,50,50,50.0,HIGH,0,1.147
2020-10-07,36.2,29.34166666666667,52.5,40.03243763201788,29.803953776685965,33.895347318818736,50,50,50,50.0,HIGH,0,1.169
2020-10-08,35.9,29.183333333333334,51.79166666666666,36.752469523537776,29.913256615457247,32.64894177868946,50,25,50,42.5,MODERATE,0,1.163
2020-10-09,35.9,29.641666666666666,46.16666666666666,35.88960324748447,28.771897003655443,31.618979501187056,50,25,50,42.5,MODERATE,0,1.163
2020-10-10,35.8,29.6875,48.083333333333336,38.42407696052456,28.957722793016657,32.74426446001982,50,50,50,50.0,HIGH,0,1.16
2020-10-11,35.6,29.504166666666663,51.29166666666666,40.83692286935104,29.458836631511133,34.01007112664709,50,50,50,50.0,HIGH,0,1.156
2020-10-12,35.4,29.15,51.79166666666666,38.85073410243568,29.3855255000172,33.1716089409846,50,50,50,50.0,HIGH,0,1.151
2020-10-13,35.8,28.991666666666664,49.083333333333336,36.35504424812448,29.577027574489836,32.28823424394369,50,25,50,42.5,MODERATE,0,1.16
2020-10-14,35.7,29.604166666666668,46.54166666666666,37.056246308675526,29.535271466426785,32.54366140332628,50,25,50,42.5,MODERATE,0,1.158
2020-10-15,36.1,31.35833333333333,53.25,39.749357174097895,30.175106964311222,34.00480704822589,50,50,50,50.0,HIGH,0,1.167
2020-10-16,35.3,31.02083333333333,59.54166666666666,40.99104359883556,30.319163774268237,34.58791570409517,50,50,50,50.0,HIGH,0,1.149
2020-10-17,33.3,29.541666666666668,76.58333333333333,39.55443845001568,30.325193856430158,34.01689169386436,25,50,50,42.5,MODERATE,0,1.106
2020-10-18,32.0,28.5125,84.41666666666667,40.47828533753773,30.882156353334587,34.72060794701585,25,50,50,42.5,MODERATE,0,1.079
2020-10-19,32.6,28.825,81.625,40.37180354861125,31.01970896784261,34.76054680015007,25,50,75,52.5,HIGH,0,1.092
2020-10-20,33.3,29.2625,77.625,40.62683580385787,31.32357559051388,35.04487967585148,25,50,75,52.5,HIGH,0,1.106
2020-10-21,33.1,29.245833333333334,75.16666666666667,39.72086129665786,30.712856670771664,34.316058521126145,25,50,50,42.5,MODERATE,0,1.102
2020-10-22,35.0,29.291666666666668,58.375,35.26385719363564,28.7327255000172,31.34517817746457,50,25,50,42.5,MODERATE,0,1.143
2020-10-23,34.7,27.02083333333333,45.16666666666666,32.86102967889778,27.29590515180108,29.52195496263976,25,25,25,25.0,MODERATE,0,1.136
2020-10-24,33.7,26.258333333333336,47.875,32.45383173699553,27.00481789539929,29.18442343203779,25,25,25,25.0,MODERATE,0,1.115
2020-10-25,34.0,27.45,45.958333333333336,32.9551934395556,27.56921074331276,29.723603821809892,25,25,25,25.0,MODERATE,0,1.121
2020-10-26,34.0,26.879166666666663,46.66666666666666,32.692075587624494,27.291257295972343,29.4515846126332,25,25,25,25.0,MODERATE,0,1.121
2020-10-27,33.6,25.725,45.16666666666666,31.937213418097787,25.908640135412742,28.32006944848676,25,0,25,17.5,LOW,0,1.113
2020-10-28,32.9,25.95,41.66666666666666,31.49105370916453,26.479515207244518,28.48413060801252,25,0,25,17.5,LOW,0,1.098
2020-10-29,32.7,25.625,48.16666666666666,31.51390623927115,26.86024486892861,28.72170941706563,25,0,25,17.5,LOW,0,1.094
2020-10-30,32.6,25.5375,47.958333333333336,31.27028686111119,26.45415864608337,28.3806099320945,25,0,25,17.5,LOW,0,1.092
2020-10-31,32.6,25.354166666666668,42.583333333333336,30.9453271701156,24.24301149110159,26.923937762707197,25,0,0,7.5,LOW,0,1.092
2020-11-01,32.5,25.3375,40.333333333333336,30.747870465277863,24.970823344536072,27.28164219283279,25,0,0,7.5,LOW,0,1.09
2020-11-02,32.7,25.2625,41.04166666666666,31.05259206379562,25.61916439710852,27.79253546378336,25,0,25,17.5,LOW,0,1.094
2020-11-03,32.7,25.3125,43.91666666666666,31.154972367517832,25.851755736003927,27.97304238860949,25,0,25,17.5,LOW,0,1.094
2020-11-04,32.6,24.5,43.91666666666666,30.9453271701156,25.42936009197433,27.63574692323084,25,0,25,17.5,LOW,0,1.092
2020-11-05,32.2,24.383333333333336,53.41666666666666,31.044319484551146,26.273279335833703,28.18169539532068,25,0,25,17.5,LOW,0,1.083
2020-11-06,32.3,25.125,51.375,31.16019157125108,26.26013026193794,28.2201547856632,25,0,25,17.5,LOW,0,1.085
2020-11-07,32.9,24.891666666666666,45.66666666666666,31.169519943997816,25.62018093486753,27.839916538519645,25,0,25,17.5,LOW,0,1.098
2020-11-08,32.8,24.7375,41.25,30.972253850204467,24.75868454525296,27.244112267233564,25,0,0,7.5,LOW,0,1.096
2020-11-09,32.3,24.429166666666664,41.54166666666666,30.46150077700444,25.009708395362168,27.19042534801908,25,0,25,17.5,LOW,0,1.085
2020-11-10,32.1,23.8875,43.333333333333336,30.26233290868448,24.742422417728747,26.95038661411104,25,0,0,7.5,LOW,0,1.081
2020-11-11,31.9,23.870833333333334,40.375,29.939483986871167,23.931152962011623,26.33448537195544,25,0,0,7.5,LOW,0,1.077
2020-11-12,31.3,23.879166666666663,39.75,29.43828980073558,23.329426402330345,25.77297176169244,25,0,0,7.5,LOW,0,1.065
2020-11-13,32.2,24.9375,46.458333333333336,30.940017654264462,25.783212229297597,27.845934399284346,25,0,25,17.5,LOW,0,1.083
2020-11-14,33.2,25.7,54.5,33.082027380017834,27.295939730695537,29.61037479042445,25,25,25,25.0,MODERATE,0,1.104
2020-11-15,33.0,27.254166666666663,54.41666666666666,33.57584183329787,27.79305048375051,30.10616702356945,25,25,25,25.0,MODERATE,0,1.1
2020-11-16,33.0,26.633333333333336,43.16666666666666,32.14553855955558,26.84758208280495,28.966764673505203,25,25,25,25.0,MODERATE,0,1.1
2020-11-17,32.4,25.45833333333333,48.41666666666666,31.90740263067555,27.107293590245376,29.02733720641745,25,0,25,17.5,LOW,0,1.087
2020-11-18,30.6,24.03333333333333,57.833333333333336,29.171102530595565,24.53637662379734,26.39026698651663,25,0,0,7.5,LOW,0,1.051
2020-11-19,30.3,23.116666666666664,51.29166666666666,28.650220916557814,23.20319360030156,25.38200452680406,25,0,0,7.5,LOW,0,1.045
2020-11-20,30.1,23.316666666666663,49.54166666666666,28.922239026515587,24.13313667924638,26.048777618154062,25,0,0,7.5,LOW,0,1.041
2020-11-21,29.8,22.866666666666664,45.333333333333336,28.568309799751063,23.096471729481163,25.285206957589125,0,0,0,0.0,LOW,0,1.035
2020-11-22,29.8,22.46666666666667,45.125,28.43801690211559,23.36236575086088,25.39262621136276,0,0,0,0.0,LOW,0,1.035
2020-11-23,30.3,22.71666666666667,48.208333333333336,29.20070266802445,25.03257736783722,26.69982748791212,25,0,25,17.5,LOW,0,1.045
2020-11-24,30.9,22.58333333333333,47.54166666666666,29.313014454637848,24.542929719029026,26.450963613272556,25,0,0,7.5,LOW,0,1.057
2020-11-25,31.3,24.2875,46.04166666666666,30.148279019795535,25.439610998352265,27.323078206929573,25,0,25,17.5,LOW,0,1.065
2020-11-26,30.1,24.604166666666668,53.083333333333336,30.04906739479779,25.50847910506629,27.324714420958887,25,0,25,17.5,LOW,0,1.041
2020-11-27,30.0,24.09583333333333,50.04166666666666,28.75228311111112,22.272180940286216,24.86422180861618,25,0,0,7.5,LOW,0,1.039
2020-11-28,29.8,22.8875,44.583333333333336,28.272771369795556,22.22655306064681,24.64504038430631,0,0,0,0.0,LOW,0,1.035
2020-11-29,31.2,24.254166666666663,47.833333333333336,30.615973760284525,25.06474568071476,27.285236912542665,25,0,25,17.5,LOW,0,1.063
2020-11-30,32.5,26.041666666666668,50.91666666666666,32.456543105555625,27.216073730660867,29.31226148061877,25,25,25,25.0,MODERATE,0,1.09
2020-12-01,32.6,25.329166666666666,54.75,32.091830523075586,26.75814374582076,28.89161845672269,25,25,25,25.0,MODERATE,0,1.092
2020-12-02,32.6,24.79583333333333,47.208333333333336,30.852121527697797,24.662423344536077,27.13830261780076,25,0,0,7.5,LOW,0,1.092
2020-12-03,32.3,24.1125,46.583333333333336,30.82150707412445,25.33618093486753,27.530311390570304,25,0,25,17.5,LOW,0,1.085
2020-12-04,32.4,24.366666666666664,48.0,30.82873040433786,25.393927028630443,27.56784837891341,25,0,25,17.5,LOW,0,1.087
2020-12-05,32.2,24.441666666666663,49.5,30.927454871591166,25.95976820248333,27.946842870126467,25,0,25,17.5,LOW,0,1.083
2020-12-06,32.8,24.4625,48.208333333333336,31.16067188659556,25.406640135412744,27.708252835885872,25,0,25,17.5,LOW,0,1.096
2020-12-07,32.8,24.4,48.29166666666666,31.16067188659556,25.388002500025856,27.697070254653735,25,0,25,17.5,LOW,0,1.096
2020-12-08,32.6,24.320833333333336,48.79166666666666,31.04536953633778,25.536440808384636,27.74001229956589,25,0,25,17.5,LOW,0,1.092
2020-12-09,32.5,24.2625,49.625,30.83887720555562,25.10512702863044,27.398627099400517,25,0,25,17.5,LOW,0,1.09
2020-12-10,31.2,24.641666666666666,51.708333333333336,30.144543749724523,24.316438942893296,26.647680865625787,25,0,0,7.5,LOW,0,1.063
2020-12-11,24.2,21.83333333333333,85.41666666666667,24.99347296851566,22.42265346340062,23.45098126544664,0,0,0,0.0,LOW,0,1.0
2020-12-12,28.2,22.354166666666668,75.5,28.314295815395536,24.144074581335904,25.81216307495976,0,0,0,0.0,LOW,0,1.004
2020-12-13,27.5,22.21666666666667,62.91666666666666,27.30524529444453,23.35221596343225,24.93342769583716,0,0,0,0.0,LOW,0,1.0
2020-12-14,27.6,21.90833333333333,67.5,27.53341258371556,23.649144534119557,25.20285175395796,0,0,0,0.0,LOW,0,1.0
2020-12-15,27.2,21.7,65.75,26.858671178435525,22.42479940057328,24.19834811171818,0,0,0,0.0,LOW,0,1.0
2020-12-16,27.1,20.8,62.54166666666666,26.81385117911107,22.11980900218772,23.99742587295706,0,0,0,0.0,LOW,0,1.0
2020-12-17,26.1,19.5875,55.375,26.577894941271065,20.82832371196697,23.128152203688607,0,0,0,0.0,LOW,0,1.0
2020-12-18,26.4,19.008333333333333,59.583333333333336,29.22343743243549,21.835928384052504,24.7909320034057,0,0,0,0.0,LOW,0,1.0
2020-12-19,26.9,19.5625,53.04166666666666,29.73719579155555,21.336515165016927,24.69678741563237,0,0,0,0.0,LOW,0,1.0
2020-12-20,26.8,19.325,46.75,30.10172824188443,19.216481172121348,23.57058000002658,0,0,0,0.0,LOW,0,1.0
2020-12-21,27.6,19.291666666666668,52.91666666666666,28.78148375873775,21.776965463034653,24.57877278131589,0,0,0,0.0,LOW,0,1.0
2020-12-22,27.8,19.454166666666666,54.5,29.17182243429108,22.33201235986817,25.06793638963733,0,0,0,0.0,LOW,0,1.0
2020-12-23,28.1,19.65,59.25,27.21684413211561,22.12762842663747,24.16331470882873,0,0,0,0.0,LOW,0,1.002
2020-12-24,28.2,19.758333333333333,58.458333333333336,27.19606003639114,21.824662005287703,23.97322121772908,0,0,0,0.0,LOW,0,1.004
2020-12-25,29.7,21.52916666666667,52.91666666666666,28.54735953819561,22.782481535710595,25.088432736704604,0,0,0,0.0,LOW,0,1.033
2020-12-26,29.4,21.933333333333334,57.125,28.572364773137792,24.045295808976057,25.856123394640758,0,0,0,0.0,LOW,0,1.027
2020-12-27,28.0,20.620833333333334,49.5,27.10813352889556,21.07285252991536,23.486964929507444,0,0,0,0.0,LOW,0,1.0
2020-12-28,23.1,15.904166666666669,33.875,35.10880741353776,15.530868478485178,23.362044052506214,0,25,0,7.5,LOW,0,1.0
2020-12-29,23.4,16.241666666666667,36.583333333333336,34.61413711155553,16.32984678852129,23.643562917734982,0,25,0,7.5,LOW,0,1.0
2020-12-30,24.4,17.141666666666666,42.91666666666666,34.26498992794449,18.505128221034887,24.80907290379873,0,25,0,7.5,LOW,0,1.0
2020-12-31,25.8,18.58333333333333,52.91666666666666,31.48430478163561,20.806575906375464,25.077667456479524,0,0,0,0.0,LOW,0,1.0
2021-01-01,28.1,21.1625,62.708333333333336,28.29534531903113,24.514274420772804,26.026702780076132,0,0,0,0.0,LOW,0,1.002
2021-01-02,27.1,20.4,48.25,27.098942891075588,21.55649232709466,23.773472552687032,0,0,0,0.0,LOW,0,1.0
2021-01-03,25.6,18.28333333333333,45.083333333333336,34.13451037827554,19.448193442536063,25.322720216831858,0,25,0,7.5,LOW,0,1.0
2021-01-04,26.4,19.433333333333334,54.04166666666666,29.38725763459549,21.42512371196697,24.60997728101838,0,0,0,0.0,LOW,0,1.0
2021-01-05,26.2,19.558333333333334,51.125,28.84614252060448,20.870587054470707,24.06080924092421,0,0,0,0.0,LOW,0,1.0
2021-01-06,26.3,18.554166666666667,51.583333333333336,29.51192214828444,19.91900522647461,23.756171995198542,0,0,0,0.0,LOW,0,1.0
2021-01-07,27.8,20.60833333333333,63.75,28.15255312308452,23.61671002984516,25.431047267140904,0,0,0,0.0,LOW,0,1.0
2021-01-08,28.2,22.02916666666667,67.33333333333333,29.07744332572439,25.13883677503859,26.71427939531291,0,0,25,10.0,LOW,0,1.004
2021-01-09,28.6,22.27083333333333,71.58333333333333,29.138273683777783,24.97194262622554,26.63847504924644,0,0,0,0.0,LOW,0,1.012
2021-01-10,29.4,22.67083333333333,74.83333333333333,30.323315318737905,26.149494589973195,27.81902288147908,0,0,25,10.0,LOW,0,1.027
2021-01-11,29.9,22.675,72.375,30.193127305591208,26.093296330693192,27.7332287206524,0,0,25,10.0,LOW,0,1.037
2021-01-12,28.4,21.320833333333333,66.91666666666667,28.007127103084443,23.509996918723985,25.308848992468167,0,0,0,0.0,LOW,0,1.008
2021-01-13,27.3,19.604166666666668,57.66666666666666,28.617389999057863,21.79949467616873,24.52665280532439,0,0,0,0.0,LOW,0,1.0
2021-01-14,27.2,19.029166666666665,53.208333333333336,29.92064094385784,21.618821839916297,24.939549481492914,0,0,0,0.0,LOW,0,1.0
2021-01-15,28.7,20.525,56.54166666666666,28.98469623771561,24.137660744927405,26.076474942042687,0,0,0,0.0,LOW,0,1.013
2021-01-16,29.6,22.683333333333334,67.16666666666667,30.651623700497854,25.580882018911662,27.60917869154614,0,0,25,10.0,LOW,0,1.031
2021-01-17,30.9,23.02916666666667,65.625,30.27089001797116,26.10773552050373,27.772997319490702,25,0,25,17.5,LOW,0,1.057
2021-01-18,30.4,22.370833333333334,53.0,29.30118995036452,25.097477409260488,26.778962425702098,25,0,25,17.5,LOW,0,1.047
2021-01-19,28.9,21.2,56.79166666666666,28.10952445273784,24.051205041873025,25.67453280621895,0,0,0,0.0,LOW,0,1.017
2021-01-20,28.9,21.15,59.75,28.03957093897562,24.19332887257766,25.73182569913684,0,0,0,0.0,LOW,0,1.017
2021-01-21,29.3,21.320833333333333,57.708333333333336,28.06645886239109,23.085046144825924,25.07761123185199,0,0,0,0.0,LOW,0,1.025
2021-01-22,30.0,21.60833333333333,51.04166666666666,28.49086755847117,23.387650264565835,25.428937182127967,25,0,0,7.5,LOW,0,1.039
2021-01-23,28.8,21.316666666666663,58.583333333333336,28.133789289831142,24.011596918723985,25.66047386716685,0,0,0,0.0,LOW,0,1.015
2021-01-24,27.5,19.72083333333333,31.83333333333333,31.024963701484428,20.71618752816633,24.83969799749357,0,0,0,0.0,LOW,0,1.0
2021-01-25,26.4,18.52083333333333,36.16666666666666,30.556923606257783,19.38843492616509,23.85583039820217,0,0,0,0.0,LOW,0,1.0
2021-01-26,26.3,18.058333333333334,42.0,32.6655546819444,19.50102355649149,24.76683600667265,0,25,0,7.5,LOW,0,1.0
2021-01-27,25.8,18.08333333333333,41.75,33.25918767955558,19.323751302120428,24.89792585309449,0,25,0,7.5,LOW,0,1.0
2021-01-28,26.9,18.22083333333333,43.04166666666666,32.8819562035556,19.233996456389285,24.69318035525581,0,25,0,7.5,LOW,0,1.0
2021-01-29,25.9,18.10833333333333,41.66666666666666,32.52149634287112,17.950386010777166,23.778830143614748,0,25,0,7.5,LOW,0,1.0
2021-01-30,26.9,18.48333333333333,38.75,32.85374965652446,18.713671155885297,24.369702556140965,0,25,0,7.5,LOW,0,1.0
2021-01-31,28.9,19.2625,40.625,34.283022257617816,20.954030448980056,26.28562717243516,0,25,0,7.5,LOW,0,1.017
2021-02-01,30.5,20.9375,42.41666666666666,31.63506464331553,23.039863644940155,26.477944044290307,25,0,0,7.5,LOW,0,1.049
2021-02-02,31.7,21.9875,46.04166666666666,29.80980657513561,24.678204925013823,26.73084558506254,25,0,0,7.5,LOW,0,1.073
2021-02-03,31.7,23.375,34.833333333333336,29.75276140735117,24.49558742188148,26.598457016069357,25,0,0,7.5,LOW,0,1.073
2021-02-04,30.5,23.320833333333336,36.958333333333336,28.728487921055564,23.4602658614333,25.567554685282204,25,0,0,7.5,LOW,0,1.049
2021-02-05,28.6,21.4625,31.95833333333333,29.21762867601776,20.57769750392893,24.033669972764464,0,0,0,0.0,LOW,0,1.012
2021-02-06,27.5,20.716666666666665,34.291666666666664,28.614813896984465,19.331887493892587,23.04505805512934,0,0,0,0.0,LOW,0,1.0
2021-02-07,28.2,20.85,39.04166666666666,28.90244234211559,20.032014414848437,23.58018558575529,0,0,0,0.0,LOW,0,1.004
2021-02-08,29.5,21.183333333333334,40.04166666666666,29.221636542444497,21.408432152366814,24.533713908397885,0,0,0,0.0,LOW,0,1.029
2021-02-09,31.3,21.97083333333333,45.66666666666666,29.387130316151115,23.808232610271883,26.039791692623577,25,0,0,7.5,LOW,0,1.065
2021-02-10,31.8,22.804166666666664,40.5,29.671769986257782,23.82824707353022,26.16565623862125,25,0,0,7.5,LOW,0,1.075
2021-02-11,32.2,23.308333333333334,36.458333333333336,30.06711921020446,24.050359977519925,26.45706367059374,25,0,0,7.5,LOW,0,1.083
2021-02-12,33.2,23.90833333333333,41.458333333333336,31.13911355415112,25.539334281048816,27.779245990289738,25,0,25,17.5,LOW,0,1.104
2021-02-13,33.3,24.97083333333333,43.833333333333336,31.31947334335115,25.884563593597104,28.058527493498723,25,0,25,17.5,LOW,0,1.106
2021-02-14,33.0,25.258333333333336,30.83333333333333,30.814228140444484,24.61096342725676,27.092269312531847,25,0,0,7.5,LOW,0,1.1
2021-02-15,31.7,24.775,38.625,30.016614937395584,24.21419732990369,26.535164372900446,25,0,0,7.5,LOW,0,1.073
2021-02-16,31.6,23.90416666666667,41.75,29.71588889187558,24.46781860407784,26.567046719196934,25,0,0,7.5,LOW,0,1.071
2021-02-17,32.8,24.241666666666664,31.875,30.47251621932447,23.519729028197467,26.300843904648268,25,0,0,7.5,LOW,0,1.096
2021-02-18,31.3,24.33333333333333,37.083333333333336,30.04029955779565,24.74231996836872,26.861511804139493,25,0,0,7.5,LOW,0,1.065
2021-02-19,32.0,24.604166666666668,37.91666666666666,29.999718920975585,24.560177634353977,26.73599414900262,25,0,0,7.5,LOW,0,1.079
2021-02-20,31.7,24.89583333333333,28.416666666666668,29.58403550105781,22.689960714578405,25.44759062917017,25,0,0,7.5,LOW,0,1.073
2021-02-21,32.6,24.8125,30.08333333333333,30.43645887308448,23.59410096640281,26.331044129075472,25,0,0,7.5,LOW,0,1.092
2021-02-22,34.0,25.791666666666668,33.333333333333336,31.874596907555592,26.011278702892383,28.356605984757667,25,0,25,17.5,LOW,0,1.121
2021-02-23,34.6,26.27916666666667,26.875,32.18301123553778,25.18483983872022,27.984108397447244,25,25,25,25.0,MODERATE,0,1.134
2021-02-24,34.6,25.95,32.291666666666664,32.502682705475586,25.773900404461816,28.465413324867324,25,25,25,25.0,MODERATE,0,1.134
2021-02-25,34.5,26.65,31.416666666666668,32.15069626705559,25.19307685206487,27.97612461806116,25,25,25,25.0,MODERATE,0,1.132
2021-02-26,35.1,27.09166666666667,44.333333333333336,33.281283001271134,26.76165131976484,29.36950399236736,50,25,25,32.5,MODERATE,0,1.145
2021-02-27,36.0,28.23333333333333,40.375,33.794684469777806,26.158310375024698,29.21286001292594,50,25,25,32.5,MODERATE,0,1.165
2021-02-28,35.6,28.120833333333334,47.208333333333336,34.33965865089786,28.027985256031894,30.55265461397828,50,25,50,42.5,MODERATE,0,1.156
2021-03-01,35.0,27.40416666666667,31.25,32.45058465555559,24.779982523459523,27.84822337629795,50,25,0,22.5,LOW,0,1.143
2021-03-02,35.3,26.08333333333333,20.625,32.599260076895575,24.68439081496882,27.85033851973952,50,25,0,22.5,LOW,0,1.149
2021-03-03,36.1,26.941666666666663,18.416666666666668,33.27438825636447,25.33609312431948,28.511411177137475,50,25,25,32.5,MODERATE,0,1.167
2021-03-04,36.4,26.85833333333333,23.666666666666668,34.231974311697776,26.94456703886206,29.85952994799635,50,25,25,32.5,MODERATE,0,1.174
2021-03-05,37.9,28.683333333333334,29.916666666666668,35.45681337306443,28.626653207997464,31.35871727402425,50,25,50,42.5,MODERATE,0,1.208
2021-03-06,37.8,29.10833333333333,28.75,35.49618252001777,27.44061239598291,30.662840445596856,50,25,25,32.5,MODERATE,0,1.205
2021-03-07,37.1,28.475,30.20833333333333,34.31056269887113,25.871977698287687,29.247411698521063,50,25,25,32.5,MODERATE,0,1.189
2021-03-08,36.9,27.90833333333333,38.625,34.65069602641555,27.54540803370389,30.387523230788556,50,25,25,32.5,MODERATE,0,1.185
2021-03-09,37.3,29.3625,27.83333333333333,34.59692394389114,27.23866166415447,30.181966576049145,50,25,25,32.5,MODERATE,0,1.194
2021-03-10,36.9,29.28333333333333,28.45833333333333,34.41668023441784,27.45729379900777,30.241048373171797,50,25,25,32.5,MODERATE,0,1.185
2021-03-11,37.0,28.633333333333336,28.916666666666668,34.90246276577779,27.245767038862063,30.30844532962836,50,25,25,32.5,MODERATE,0,1.187
2021-03-12,36.1,28.625,32.5,33.507294870995594,26.95097428174961,29.57350251744801,50,25,25,32.5,MODERATE,0,1.167
2021-03-13,36.2,28.329166666666666,27.33333333333333,33.60526012371557,26.621084481600207,29.414754738446348,50,25,25,32.5,MODERATE,0,1.169
2021-03-14,36.8,29.391666666666666,22.875,34.19970404691558,26.926131779765356,29.83556068662544,50,25,25,32.5,MODERATE,0,1.183
2021-03-15,37.3,29.3125,18.916666666666668,34.50136487855116,26.33608626295268,29.60219770919207,50,25,25,32.5,MODERATE,0,1.194
2021-03-16,38.3,29.929166666666664,20.375,35.46928082015114,26.668041204580437,30.18853705080872,50,25,25,32.5,MODERATE,0,1.217
2021-03-17,38.1,30.6125,19.541666666666668,35.3943004661312,27.166039511940475,30.457343893616763,50,25,25,32.5,MODERATE,0,1.212
2021-03-18,37.5,30.354166666666668,23.375,35.03213443194446,27.272449287318068,30.37632334516863,50,25,25,32.5,MODERATE,0,1.198
2021-03-19,36.4,29.429166666666664,26.791666666666668,34.10880824851552,27.565367038862057,30.18274352272344,50,25,25,32.5,MODERATE,0,1.174
2021-03-20,37.0,29.816666666666663,25.5,34.52282488873779,27.60089144390925,30.36966482184067,50,25,25,32.5,MODERATE,0,1.187
2021-03-21,37.8,29.7375,26.875,35.38642671721775,27.95090378946925,30.92511296056865,50,25,25,32.5,MODERATE,0,1.205
2021-03-22,38.2,30.391666666666666,25.291666666666668,35.93921811841779,28.618748981364472,31.5469366361858,50,25,50,42.5,MODERATE,0,1.215
2021-03-23,37.8,29.825,25.33333333333333,35.35010501532445,28.4071770868058,31.184348258213262,50,25,50,42.5,MODERATE,0,1.205
2021-03-24,38.0,30.5,22.166666666666668,35.319136955795585,27.79644928731807,30.805524354709075,50,25,25,32.5,MODERATE,0,1.21
2021-03-25,37.6,30.5875,14.166666666666666,34.48676856067558,24.761277738811398,28.651474067557068,50,25,0,22.5,LOW,0,1.201
2021-03-26,38.2,30.2,16.791666666666668,35.259807137795555,26.21000898855059,29.829928248248574,50,25,25,32.5,MODERATE,0,1.215
2021-03-27,40.3,31.60833333333333,18.75,37.47463791935114,28.62844310028013,32.166921027908536,75,25,50,50.0,HIGH,0,1.264
2021-03-28,41.2,32.425000000000004,17.625,38.17938036099557,28.925437632909382,32.62701472414386,75,50,50,57.5,HIGH,0,1.286
2021-03-29,40.4,32.358333333333334,23.541666666666668,37.67761732349114,28.38716857646303,32.10334807527428,75,25,50,50.0,HIGH,0,1.267
2021-03-30,40.7,31.04583333333333,36.41666666666666,38.59043453562448,28.79487852894684,32.713100931617895,75,50,50,57.5,HIGH,0,1.274
2021-03-31,41.6,31.945833333333336,44.16666666666666,39.71635502643559,30.71803232101709,34.31736140318449,75,50,50,57.5,HIGH,0,1.296
2021-04-01,40.0,30.991666666666664,25.58333333333333,36.31306874444447,25.99751352153872,30.12373561070102,75,25,25,40.0,MODERATE,0,1.257
2021-04-02,40.1,30.375,36.083333333333336,36.62955276667559,27.77488193375143,31.31675026692109,75,25,25,40.0,MODERATE,0,1.259
2021-04-03,40.5,31.1375,34.541666666666664,37.20512295276447,28.119090950007678,31.753503751110397,75,25,50,50.0,HIGH,0,1.269
2021-04-04,40.6,31.98333333333333,28.125,37.680272145111125,29.01777831672444,32.482775848079115,75,25,50,50.0,HIGH,0,1.271
2021-04-05,40.6,32.333333333333336,36.708333333333336,39.005072790915584,30.35476753991928,33.8148896403178,75,50,50,57.5,HIGH,0,1.271
2021-04-06,41.1,33.1625,27.45833333333333,38.9428769564445,29.697491719389504,33.395645814211505,75,50,50,57.5,HIGH,0,1.284
2021-04-07,40.4,32.22083333333333,34.875,38.0058542337956,29.431919615226622,32.86149346265421,75,50,50,57.5,HIGH,0,1.267
2021-04-08,40.1,32.3875,27.25,37.26993069647115,29.473061128664977,32.59180895578744,75,25,50,50.0,HIGH,0,1.259
2021-04-09,40.0,31.97083333333333,17.833333333333332,36.678735377777805,27.64376392227792,31.257752504477875,75,25,25,40.0,MODERATE,0,1.257
2021-04-10,40.7,31.89583333333333,12.583333333333334,37.1493982084356,27.844374588781157,31.56638403664293,75,25,25,40.0,MODERATE,0,1.274
2021-04-11,41.7,32.65,13.5,37.83036073271779,27.77069330424574,31.79456027563456,75,25,25,40.0,MODERATE,0,1.298
2021-04-12,40.9,33.35,21.5,37.89177568661116,29.96324429807881,33.13465685349175,75,25,50,50.0,HIGH,0,1.279
2021-04-13,40.2,33.8375,16.416666666666668,37.37216843255117,28.046955575313973,31.77704071820885,75,25,50,50.0,HIGH,0,1.262
2021-04-14,39.7,33.05833333333333,16.208333333333332,36.86329725935117,28.556644875904148,31.87930582928296,50,25,50,42.5,MODERATE,0,1.25
2021-04-15,38.5,32.05416666666667,27.70833333333333,36.65509077977779,28.712551502605663,31.889567213474518,50,25,50,42.5,MODERATE,0,1.222
2021-04-16,39.6,32.145833333333336,37.333333333333336,37.325794945564446,29.26675319346513,32.49036989430486,50,25,50,42.5,MODERATE,0,1.247
2021-04-17,39.5,32.65416666666667,36.333333333333336,37.30684383073781,29.41287270412429,32.570461154769696,50,25,50,42.5,MODERATE,0,1.245
2021-04-18,40.2,33.74166666666667,25.791666666666668,38.01021213372448,29.03439542435155,32.62472210810073,75,50,50,57.5,HIGH,0,1.262
2021-04-19,40.7,33.625,25.125,38.10703140029116,28.871894634625583,32.56594934089182,75,50,50,57.5,HIGH,0,1.274
2021-04-20,38.8,32.225,36.625,36.81093115699557,28.41306649072174,31.772212357231272,50,25,50,42.5,MODERATE,0,1.229
2021-04-21,38.8,32.208333333333336,29.25,36.10640764919115,27.28223737903084,30.81190548709496,50,25,25,32.5,MODERATE,0,1.229
2021-04-22,39.6,32.34166666666667,33.583333333333336,37.647143237055566,30.28236831845657,33.22827828589617,50,25,50,42.5,MODERATE,0,1.247
2021-04-23,41.1,32.645833333333336,38.41666666666666,38.59043453562448,30.187175882588186,33.5484793438027,75,50,50,57.5,HIGH,0,1.284
2021-04-24,39.5,32.7125,38.25,39.43263444819558,31.922547446711608,34.92658224730519,50,50,75,60.0,HIGH,0,1.245
2021-04-25,41.3,34.275,26.541666666666668,38.5120790769511,29.419511756389262,33.056538684614,75,50,50,57.5,HIGH,0,1.289
2021-04-26,41.9,34.45,18.20833333333333,38.639883437164464,29.372577343189697,33.0794997807796,75,50,50,57.5,HIGH,0,1.303
2021-04-27,40.8,34.670833333333334,23.291666666666668,38.01021213372448,28.973440357041174,32.5881490677145,75,50,50,57.5,HIGH,0,1.276
2021-04-28,42.0,35.016666666666666,22.83333333333333,39.71291898459559,30.446885529082174,34.153298911287536,75,50,50,57.5,HIGH,0,1.306
2021-04-29,41.5,34.729166666666664,26.125,40.155998789055616,30.97675016213146,34.64844961290112,75,50,50,57.5,HIGH,0,1.293
2021-04-30,41.2,34.65833333333334,29.416666666666668,39.68633318489781,31.021902204532605,34.48767459667869,75,50,75,67.5,HIGH,0,1.286
2021-05-01,40.0,33.829166666666666,36.125,38.67931599295111,29.69463048391001,33.28850468752645,75,50,50,57.5,HIGH,0,1.257
2021-05-02,39.5,33.425000000000004,33.291666666666664,38.6748739526111,30.663167539919275,33.867850104996,50,50,50,50.0,HIGH,0,1.245
2021-05-03,39.6,33.545833333333334,25.166666666666668,37.5403987915378,29.15424578210611,32.50870698587879,50,25,50,42.5,MODERATE,0,1.247
2021-05-04,40.1,33.825,26.666666666666668,37.89524489826444,28.713094634625584,32.385954740081125,75,25,50,50.0,HIGH,0,1.259
2021-05-05,40.5,33.74166666666667,31.666666666666668,38.62940933689559,29.948709915497908,33.42098968405698,75,50,50,57.5,HIGH,0,1.269
2021-05-06,41.2,34.56666666666667,31.541666666666668,39.768367516995575,30.49766113126805,34.205943685559056,75,50,50,57.5,HIGH,0,1.286
2021-05-07,41.2,34.81666666666667,31.541666666666668,40.19116199523555,31.358137472727044,34.89134728173045,75,50,75,67.5,HIGH,0,1.286
2021-05-08,41.4,35.625,31.416666666666668,40.715118577777744,31.99631032329476,35.483833625087954,75,50,75,67.5,HIGH,0,1.291
2021-05-09,41.4,35.833333333333336,32.625,41.42265615927116,31.658218713099807,35.56399369156834,75,50,75,67.5,HIGH,0,1.291
2021-05-10,40.4,34.13333333333333,37.833333333333336,39.32344949468448,30.95450418108279,34.30208230652347,75,50,50,57.5,HIGH,0,1.267
2021-05-11,39.8,32.916666666666664,46.333333333333336,39.09409730295114,30.814232764509228,34.126178579885995,50,50,50,50.0,HIGH,0,1.252
2021-05-12,40.4,32.9625,44.29166666666666,39.03178100609779,29.580139240779367,33.360795946906734,75,50,50,57.5,HIGH,0,1.267
2021-05-13,39.7,32.11666666666667,50.5,38.8267631736356,30.04225065609108,33.556055663108886,50,50,50,50.0,HIGH,0,1.25
2021-05-14,40.3,33.45,43.958333333333336,39.07631835555556,30.655325806728705,34.023722826259444,75,50,50,57.5,HIGH,0,1.264
2021-05-15,42.2,35.24166666666667,35.5,41.87664238005116,32.74098334744102,36.39524696048508,75,50,75,67.5,HIGH,0,1.311
2021-05-16,42.7,36.47083333333333,31.83333333333333,43.89046686175115,31.91634546630587,36.70599402448399,75,75,75,75.0,EXTREME,1,1.323
2021-05-17,37.6,30.77083333333333,64.45833333333333,41.67630985175117,28.97245745623147,34.05399841443935,50,50,50,50.0,HIGH,0,1.201
2021-05-18,28.1,26.17083333333333,86.91666666666667,33.00965332533117,24.7684562536659,28.064935082332006,0,25,0,7.5,LOW,0,1.002
2021-05-19,32.5,26.995833333333334,73.375,35.44263387673551,27.334515135168463,30.57776263179528,25,25,25,25.0,MODERATE,0,1.09
2021-05-20,34.6,28.683333333333334,71.125,39.88022217177785,31.16168186938012,34.649097990339214,25,50,75,52.5,HIGH,0,1.134
2021-05-21,33.5,28.925,75.0,39.6887969531112,30.068713708353638,33.91674700625666,25,50,50,42.5,MODERATE,0,1.111
2021-05-22,33.7,29.179166666666664,71.58333333333333,38.396241672764496,30.538874719179606,33.68182150061356,25,50,50,42.5,MODERATE,0,1.115
2021-05-23,34.3,29.98333333333333,68.91666666666667,39.20731744521778,30.622727666416964,34.05656357793729,25,50,50,42.5,MODERATE,0,1.128
2021-05-24,35.7,30.9875,67.83333333333333,43.01605493351783,32.158313429084046,36.50141003085756,50,75,75,67.5,HIGH,0,1.158
2021-05-25,37.2,31.47083333333333,61.625,41.56105300401783,31.924800769288545,35.779301663180256,50,50,75,60.0,HIGH,0,1.192
2021-05-26,37.2,30.9375,65.41666666666667,42.49063442545774,31.281460307057948,35.765129954417866,50,50,75,60.0,HIGH,0,1.192
2021-05-27,38.0,31.67083333333333,63.875,42.531864327111165,32.07235121997907,36.25615646283191,50,50,75,60.0,HIGH,0,1.21
2021-05-28,38.7,32.1375,62.41666666666666,44.599424573757744,32.72849774320298,37.47686847542488,50,75,75,67.5,HIGH,0,1.226
2021-05-29,38.8,32.483333333333334,59.958333333333336,44.59461991908452,32.368828183821975,37.259144877926985,50,75,75,67.5,HIGH,0,1.229
2021-05-30,38.8,32.4375,60.875,43.44717438603564,32.18599850728821,36.69046885878719,50,75,75,67.5,HIGH,0,1.229
2021-05-31,38.1,31.84583333333333,58.708333333333336,42.28470645348452,30.83081975841821,35.412374436444736,50,50,50,50.0,HIGH,0,1.212
2021-06-01,38.1,31.9625,57.333333333333336,42.315816749075616,31.280770081977685,35.69478874881686,50,50,75,60.0,HIGH,0,1.212
2021-06-02,38.1,32.550000000000004,54.583333333333336,41.08820973577559,32.02652827407663,35.65120085875621,50,50,75,60.0,HIGH,0,1.212
2021-06-03,39.1,32.854166666666664,55.41666666666666,41.82503235531559,32.16578255138274,36.02948247295588,50,50,75,60.0,HIGH,0,1.236
2021-06-04,38.6,33.05416666666667,53.875,41.6872353120178,32.00153080534129,35.8758126080119,50,50,75,60.0,HIGH,0,1.224
2021-06-05,38.4,32.49583333333333,56.79166666666666,41.28000780161784,31.58984210529898,35.46590838382652,50,50,75,60.0,HIGH,0,1.219
2021-06-06,36.6,32.15416666666667,58.583333333333336,41.14959698689782,32.19810113874426,35.77869947800569,50,50,75,60.0,HIGH,0,1.178
2021-06-07,37.7,32.487500000000004,60.41666666666666,42.310902254391145,31.458667931922427,35.79956166090992,50,50,75,60.0,HIGH,0,1.203
2021-06-08,39.2,33.237500000000004,57.125,43.58830766250448,32.23187164105124,36.77444604963254,50,75,75,67.5,HIGH,0,1.238
2021-06-09,38.9,33.275,55.41666666666666,42.50679543073787,31.567287695515205,35.94309078960427,50,50,75,60.0,HIGH,0,1.231
2021-06-10,38.2,33.12083333333333,55.875,42.3159787488511,31.58079564603898,35.87486888716383,50,50,75,60.0,HIGH,0,1.215
2021-06-11,38.8,33.075,58.375,42.67058355359782,31.43805120793263,35.93106414619871,50,50,75,60.0,HIGH,0,1.229
2021-06-12,40.5,33.80416666666667,56.29166666666666,44.19183954219554,32.23968694612737,37.02054798455464,75,75,75,75.0,EXTREME,1,1.269
2021-06-13,40.1,33.541666666666664,56.25,43.78680901851559,31.936089425484376,36.67637726269686,75,75,75,75.0,EXTREME,2,1.259
2021-06-14,39.4,33.329166666666666,56.083333333333336,41.58078392503119,30.37002996146968,34.85433154689429,50,50,50,50.0,HIGH,0,1.243
2021-06-15,39.9,33.395833333333336,54.708333333333336,42.5085541798312,31.149194987347595,35.692938664341035,50,50,75,60.0,HIGH,0,1.255
2021-06-16,38.0,32.69166666666667,56.458333333333336,42.10421606355558,30.820557579266172,35.33402097298194,50,50,50,50.0,HIGH,0,1.21
2021-06-17,34.6,30.2125,72.04166666666667,39.74096589340445,30.429276997078063,34.15395255560862,25,50,50,42.5,MODERATE,0,1.134
2021-06-18,29.5,27.0125,88.33333333333333,34.50757450155546,27.78877900644726,30.47629720449054,0,25,25,17.5,LOW,0,1.029
2021-06-19,29.0,26.379166666666663,91.29166666666669,35.18258914755547,27.747516600051583,30.72154561905314,0,25,25,17.5,LOW,0,1.019
2021-06-20,29.5,26.2875,91.33333333333331,34.798882861875526,27.289868050189103,30.293473974863677,0,25,25,17.5,LOW,0,1.029
2021-06-21,31.0,27.29583333333333,87.125,37.90283037377779,29.226331682077788,32.69693115875779,25,25,50,35.0,MODERATE,0,1.059
2021-06-22,31.5,28.441666666666663,81.29166666666667,38.00051437755573,30.02653062041401,33.2161241232707,25,50,50,42.5,MODERATE,0,1.069
2021-06-23,32.4,29.008333333333336,80.04166666666667,40.96902189549112,30.66852321861704,34.78872268936667,25,50,50,42.5,MODERATE,0,1.087
2021-06-24,32.5,29.2125,74.16666666666667,37.08214288023129,29.63304205364789,32.61268238428125,25,25,50,35.0,MODERATE,0,1.09
2021-06-25,33.6,29.804166666666664,72.75,38.62668990394449,30.25663122448115,33.604654696266486,25,50,50,42.5,MODERATE,0,1.113
2021-06-26,33.0,29.695833333333336,70.66666666666667,38.0092205804447,29.37992327493065,32.83164219713627,25,50,50,42.5,MODERATE,0,1.1
2021-06-27,34.0,30.058333333333334,70.25,40.51858159279783,28.95016654615698,33.577532564813325,25,50,50,42.5,MODERATE,0,1.121
2021-06-28,33.8,29.979166666666668,72.45833333333333,40.17662843756451,29.754236504102884,33.923193277487535,25,50,50,42.5,MODERATE,0,1.117
2021-06-29,34.5,30.72083333333333,72.04166666666667,42.03278076356455,31.490859953335026,35.707628277426835,25,50,75,52.5,HIGH,0,1.132
2021-06-30,35.5,30.829166666666666,69.125,41.46827513355554,30.488203272233747,34.88023201676246,50,50,50,50.0,HIGH,0,1.154
2021-07-01,36.7,30.945833333333336,64.29166666666667,40.04998502626451,29.205098724907124,33.54305324545008,50,50,50,50.0,HIGH,0,1.18
2021-07-02,36.5,30.90416666666667,63.66666666666666,40.540961950444526,29.67500999030571,34.02139077436124,50,50,50,50.0,HIGH,0,1.176
2021-07-03,35.6,30.641666666666666,65.16666666666667,39.03336019249784,29.268302109568317,33.174325342740126,50,50,50,50.0,HIGH,0,1.156
2021-07-04,35.5,30.97083333333333,62.958333333333336,38.56135818211562,30.193887886188996,33.54087600455964,50,50,50,50.0,HIGH,0,1.154
2021-07-05,35.9,31.25,61.91666666666666,39.685374183804505,30.79005018799413,34.34817978631828,50,50,50,50.0,HIGH,0,1.163
2021-07-06,35.6,31.59583333333333,59.25,39.90285805844454,31.22187477288853,34.694268087110935,50,50,75,60.0,HIGH,0,1.156
2021-07-07,37.1,32.00416666666667,58.16666666666666,41.40125794980445,31.02207184909439,35.173746289378414,50,50,75,60.0,HIGH,0,1.189
2021-07-08,37.5,32.12083333333333,55.875,39.59099790983107,30.8303170154565,34.33458937320633,50,50,50,50.0,HIGH,0,1.198
2021-07-09,35.6,31.308333333333334,60.54166666666666,39.32335973969776,30.374434862014745,33.95400481308795,50,50,50,50.0,HIGH,0,1.156
2021-07-10,37.8,32.704166666666666,60.66666666666666,43.64901192535781,32.175424808370444,36.7648596551654,50,75,75,67.5,HIGH,0,1.205
2021-07-11,34.5,30.441666666666663,75.45833333333333,42.2729401691112,30.619217942196634,35.280706832962466,25,50,50,42.5,MODERATE,0,1.132
2021-07-12,33.7,29.429166666666664,84.375,42.98917633367119,30.95453696678989,35.76839271354241,25,50,50,42.5,MODERATE,0,1.115
2021-07-13,34.5,30.125,77.91666666666667,43.58648096927777,31.399211891259142,36.27411952246659,25,75,75,60.0,HIGH,0,1.132
2021-07-14,33.4,29.90833333333333,75.66666666666667,41.33629090369775,30.870158248131723,35.056611310358136,25,50,50,42.5,MODERATE,0,1.108
2021-07-15,33.4,29.78333333333333,80.125,43.86133425228447,31.607150929866943,36.508824258833954,25,75,75,60.0,HIGH,0,1.108
2021-07-16,34.5,29.9,75.70833333333333,42.2729401691112,30.67381320917454,35.3134639931492,25,50,50,42.5,MODERATE,0,1.132
2021-07-17,34.9,30.48333333333333,72.125,41.63818628841776,30.81958447574289,35.147025200812834,25,50,50,42.5,MODERATE,0,1.141
2021-07-18,32.2,29.70833333333333,77.66666666666667,39.89706898323575,29.2679932013989,33.51962351413364,25,50,50,42.5,MODERATE,0,1.083
2021-07-19,32.7,29.6,73.75,37.86237764179567,28.37474060821993,32.16979542165023,25,25,50,35.0,MODERATE,0,1.094
2021-07-20,32.4,29.0625,72.70833333333333,37.08214288023129,27.13024205364789,31.11100238428125,25,25,25,25.0,MODERATE,0,1.087
2021-07-21,33.5,29.941666666666663,72.04166666666667,40.05826536705553,28.392533181502145,33.0588260557235,25,50,50,42.5,MODERATE,0,1.111
2021-07-22,34.5,30.166666666666668,72.70833333333333,40.64307430377789,28.797002003304684,33.53543092349396,25,50,50,42.5,MODERATE,0,1.132
2021-07-23,32.7,29.195833333333336,80.0,39.10735497499564,28.957599367911197,33.01750161074497,25,50,50,42.5,MODERATE,0,1.094
2021-07-24,32.6,28.5875,85.04166666666667,40.27966638647122,29.665645260708143,33.91125371101337,25,50,50,42.5,MODERATE,0,1.092
2021-07-25,27.4,26.48333333333333,94.08333333333331,32.17110607463101,26.16933306970703,28.570042271676623,0,25,25,17.5,LOW,0,1.0
2021-07-26,29.7,26.7125,90.29166666666669,35.986071091724575,27.733777127273893,31.034694713054165,0,25,25,17.5,LOW,0,1.033
2021-07-27,30.0,27.504166666666663,82.29166666666667,35.78230485555544,27.07115868364772,30.555617152410807,25,25,25,25.0,MODERATE,0,1.039
2021-07-28,30.4,28.08333333333333,78.04166666666667,36.04588833932453,26.94061774802887,30.58272598454713,25,25,25,25.0,MODERATE,0,1.047
2021-07-29,30.8,27.616666666666664,79.79166666666667,35.68311197015103,26.32071923799168,30.06567633085542,25,25,25,25.0,MODERATE,0,1.055
2021-07-30,32.0,28.45833333333333,76.125,37.07428412177793,27.459145204123956,31.30520077118554,25,25,25,25.0,MODERATE,0,1.079
2021-07-31,29.9,27.633333333333336,79.83333333333333,34.75731817779557,25.873814967731803,29.427216251757308,0,25,25,17.5,LOW,0,1.037
2021-08-01,30.8,27.75,77.79166666666667,35.421550812035605,26.22120646449602,29.90134420351185,25,25,25,25.0,MODERATE,0,1.055
2021-08-02,29.6,27.1875,80.66666666666667,34.52896775996457,26.379536222915792,29.639308837735303,0,25,25,17.5,LOW,0,1.031
2021-08-03,29.3,27.5375,78.45833333333333,33.77395065651566,25.710945097047237,28.936147320834603,0,25,25,17.5,LOW,0,1.025
2021-08-04,31.3,28.25,77.54166666666667,36.92881422455121,27.346664351212805,31.179524300548167,25,25,25,25.0,MODERATE,0,1.065
2021-08-05,32.4,28.52083333333333,75.95833333333333,36.96948016347562,28.39130395936826,31.8225744410112,25,25,50,35.0,MODERATE,0,1.087
2021-08-06,31.0,28.4375,76.25,35.6165008484444,27.466069729791137,30.726242177252445,25,25,25,25.0,MODERATE,0,1.059
2021-08-07,31.9,28.416666666666668,76.16666666666667,37.29978242977783,27.804866900243592,31.602833112057287,25,25,25,25.0,MODERATE,0,1.077
2021-08-08,32.4,28.870833333333334,76.16666666666667,37.784797330317744,29.403257392663637,32.75587336772528,25,25,50,35.0,MODERATE,0,1.087
2021-08-09,33.0,29.116666666666664,72.79166666666667,37.4937848124445,29.1337473941092,32.477762361443325,25,25,50,35.0,MODERATE,0,1.1
2021-08-10,32.7,28.73333333333333,73.08333333333333,36.251057508735634,28.675137752438783,31.705505654957523,25,25,50,35.0,MODERATE,0,1.094
2021-08-11,33.1,28.8625,71.58333333333333,36.20331926667557,28.44829998369519,31.55030769688734,25,25,50,35.0,MODERATE,0,1.102
2021-08-12,32.9,29.1,69.75,36.40921988194452,28.5879424889878,31.71645344617049,25,25,50,35.0,MODERATE,0,1.098
2021-08-13,32.8,28.991666666666664,70.54166666666667,36.17019213681781,28.54433579759371,31.594678333283348,25,25,50,35.0,MODERATE,0,1.096
2021-08-14,33.4,29.229166666666668,68.29166666666667,36.51121117495118,28.41600312767957,31.654086346588212,25,25,50,35.0,MODERATE,0,1.108
2021-08-15,33.5,29.35,67.91666666666667,36.41851291311118,28.750638429453453,31.817788222916544,25,25,50,35.0,MODERATE,0,1.111
2021-08-16,33.6,29.416666666666668,70.08333333333333,37.850443735537766,29.71854097162695,32.971302077191275,25,25,50,35.0,MODERATE,0,1.113
2021-08-17,34.9,30.35,65.875,39.321635323831096,31.206760316122583,34.45271031920599,25,50,75,52.5,HIGH,0,1.141
2021-08-18,34.4,29.65416666666667,65.29166666666667,38.58431805415117,29.568247246555856,33.17467556959399,25,50,50,42.5,MODERATE,0,1.13
2021-08-19,32.5,28.370833333333334,73.54166666666667,35.9167086704178,27.619438429453453,30.938346525839197,25,25,25,25.0,MODERATE,0,1.09
2021-08-20,33.9,28.679166666666664,73.5,37.52636408605112,29.163698602443155,32.50876479588634,25,25,50,35.0,MODERATE,0,1.119
2021-08-21,28.5,26.820833333333336,84.25,32.15320358955564,25.94838727422691,28.4303138003584,0,25,25,17.5,LOW,0,1.01
2021-08-22,32.5,27.92083333333333,79.75,37.94237669444462,29.42330615674195,32.83093437182302,25,25,50,35.0,MODERATE,0,1.09
2021-08-23,31.8,28.1125,81.45833333333333,38.798947692035576,30.37071708192676,33.74200932597029,25,50,50,42.5,MODERATE,0,1.075
2021-08-24,32.9,29.079166666666666,73.25,38.00142272919115,29.45406198851968,32.87300628478826,25,50,50,42.5,MODERATE,0,1.098
2021-08-25,33.7,29.08333333333333,69.04166666666667,36.40257515763562,27.97287371163173,31.34475429003329,25,25,25,25.0,MODERATE,0,1.115
2021-08-26,33.9,29.058333333333334,67.5,36.04800052699555,27.94637802017796,31.187027022904992,25,25,25,25.0,MODERATE,0,1.119
2021-08-27,34.1,28.9375,68.83333333333333,37.00362247220458,28.95679970184476,32.17552880998869,25,25,50,35.0,MODERATE,0,1.123
2021-08-28,33.5,29.504166666666663,66.5,36.71081767261112,29.29636574551003,32.26214651635046,25,25,50,35.0,MODERATE,0,1.111
2021-08-29,33.4,29.3625,69.375,38.71232838543117,30.59683657890582,33.84303330151596,25,50,50,42.5,MODERATE,0,1.108
2021-08-30,33.6,28.9625,75.79166666666667,38.28808695177776,29.137047204661464,32.79746310350799,25,50,50,42.5,MODERATE,0,1.113
2021-08-31,30.7,27.54583333333333,88.54166666666667,38.28217576255117,28.933044418092425,32.67269695587592,25,50,50,42.5,MODERATE,0,1.053
2021-09-01,29.7,27.204166666666666,88.91666666666667,36.49781536603563,29.32515860528543,32.194221309585515,0,25,50,27.5,MODERATE,0,1.033
2021-09-02,31.2,27.291666666666668,84.95833333333333,36.96948016347562,28.78187665747868,32.056918059877454,25,25,50,35.0,MODERATE,0,1.063
2021-09-03,30.4,27.64583333333333,83.125,37.9906273624357,28.99741313544249,32.59469882623977,25,25,50,35.0,MODERATE,0,1.047
2021-09-04,31.8,28.21666666666667,78.0,36.71771152755559,28.6366463081628,31.869072395919915,25,25,50,35.0,MODERATE,0,1.075
2021-09-05,31.1,27.691666666666663,81.66666666666667,36.11856741177567,27.983906548916853,31.237770894060382,25,25,25,25.0,MODERATE,0,1.061
2021-09-06,31.9,28.46666666666667,84.29166666666667,39.41276758098467,31.018346818384604,34.37611512342463,25,50,75,52.5,HIGH,0,1.077
2021-09-07,32.5,29.245833333333334,83.95833333333333,41.908289393055696,31.05676052068197,35.39737206963146,25,50,75,52.5,HIGH,0,1.09
2021-09-08,32.9,28.429166666666664,87.54166666666667,41.91102597387572,32.27065507976062,36.12680343740666,25,50,75,52.5,HIGH,0,1.098
2021-09-09,28.5,26.5125,92.79166666666669,33.76080746505568,27.218695226156484,29.835540121716164,0,25,25,17.5,LOW,0,1.01
2021-09-10,28.7,26.666666666666668,88.20833333333333,33.65042868513787,26.22634999361356,29.195981470223284,0,25,25,17.5,LOW,0,1.013
2021-09-11,28.7,26.070833333333336,92.29166666666669,33.5285564334378,26.75857714931924,29.46656886296666,0,25,25,17.5,LOW,0,1.013
2021-09-12,27.5,25.604166666666668,95.0,31.655260231944403,25.820963909305192,28.15468243836088,0,0,25,10.0,LOW,0,1.0
2021-09-13,30.4,27.05,90.625,37.7072665325157,29.257050727651016,32.63713704959689,25,25,50,35.0,MODERATE,0,1.047
2021-09-14,30.9,27.7,89.5,39.228234876637885,29.806681090092425,33.57530260471061,25,50,50,42.5,MODERATE,0,1.057
2021-09-15,30.8,27.445833333333336,86.70833333333333,39.21517049932442,29.619136718233698,33.45755023066999,25,50,50,42.5,MODERATE,0,1.055
2021-09-16,30.2,27.17083333333333,87.125,37.13056213779554,29.21337553158057,32.38025017406656,25,25,50,35.0,MODERATE,0,1.043
2021-09-17,28.2,26.125,92.70833333333331,34.57935047379553,28.048358082041137,30.66075503874289,0,25,50,27.5,MODERATE,0,1.004
2021-09-18,30.4,27.070833333333336,88.45833333333333,37.13039167383119,29.513680050665428,32.56036469993173,25,25,50,35.0,MODERATE,0,1.047
2021-09-19,30.7,26.89583333333333,90.375,39.55347109483564,30.246908661719985,33.96953363496625,25,50,50,42.5,MODERATE,0,1.053
2021-09-20,30.0,26.825,90.75,37.10739057777772,28.9353052192703,32.20413936267327,25,25,50,35.0,MODERATE,0,1.039
2021-09-21,29.7,26.141666666666666,91.95833333333331,36.49781536603563,28.733558605285427,31.83926130958551,0,25,50,27.5,MODERATE,0,1.033
2021-09-22,30.4,27.058333333333334,86.25,35.769363055697866,28.65831923799168,31.502736765074157,25,25,50,35.0,MODERATE,0,1.047
2021-09-23,29.0,26.079166666666666,91.66666666666669,33.897293531555505,26.7507856007946,29.609388773098964,0,25,25,17.5,LOW,0,1.019
2021-09-24,30.0,27.1375,88.54166666666667,38.24360535555557,30.211441967393288,33.4243073226582,25,50,50,42.5,MODERATE,0,1.039
2021-09-25,29.5,26.954166666666666,89.29166666666667,35.43451908244443,28.36571159855278,31.19323459210944,0,25,50,27.5,MODERATE,0,1.029
2021-09-26,29.9,26.870833333333334,89.83333333333333,37.08653635627564,29.02478870280684,32.24948776419436,0,25,50,27.5,MODERATE,0,1.037
2021-09-27,29.6,26.366666666666664,89.41666666666667,35.197205917055406,28.142099782064594,30.96414223606092,0,25,50,27.5,MODERATE,0,1.031
2021-09-28,31.7,27.7125,88.33333333333333,41.719278214895525,31.560263482122014,35.62386937523142,25,50,75,52.5,HIGH,0,1.073
2021-09-29,28.7,26.53333333333333,88.70833333333333,33.33771711892448,25.12794238833301,28.4118522805696,0,25,25,17.5,LOW,0,1.013
2021-09-30,30.1,27.079166666666666,85.75,36.846262757615605,28.698937916032342,31.95786785266565,25,25,50,35.0,MODERATE,0,1.041
2021-10-01,31.3,27.691666666666663,85.79166666666667,39.21517049932442,30.518671439847928,33.99727106363853,25,50,50,42.5,MODERATE,0,1.065
2021-10-02,32.1,28.0875,82.91666666666667,38.07810072057563,30.75317065672216,33.68314268226355,25,50,50,42.5,MODERATE,0,1.081
2021-10-03,31.9,28.52083333333333,79.58333333333333,37.825139095235485,30.223682359677294,33.26426505390057,25,25,50,35.0,MODERATE,0,1.077
2021-10-04,31.9,28.1625,77.95833333333333,37.32609009747559,29.40515136366536,32.57352685718945,25,25,50,35.0,MODERATE,0,1.077
2021-10-05,32.4,28.29583333333333,79.75,38.107001950995496,30.18166690024359,33.35180092054435,25,50,50,42.5,MODERATE,0,1.087
2021-10-06,33.4,29.3625,74.875,41.03352574707564,31.34633072746216,35.22120873530756,25,50,75,52.5,HIGH,0,1.108
2021-10-07,33.8,29.72083333333333,80.45833333333333,43.45973437295109,32.24431851500444,36.730484858183104,25,75,75,60.0,HIGH,0,1.117
2021-10-08,33.2,29.3875,82.54166666666667,42.50800596027555,32.18063089409021,36.311580920564346,25,50,75,52.5,HIGH,0,1.104
2021-10-09,32.1,28.554166666666664,84.29166666666667,40.704078368415566,31.100729583817632,34.942069097656805,25,50,75,52.5,HIGH,0,1.081
2021-10-10,31.3,28.2125,85.375,39.74047668909108,30.832766786288293,34.39585074740941,25,50,50,42.5,MODERATE,0,1.065
2021-10-11,32.2,28.495833333333334,82.875,40.40927367955577,31.070272893409395,34.80587320786795,25,50,75,52.5,HIGH,0,1.083
2021-10-12,32.9,28.5375,79.41666666666667,39.26387408543789,30.74723283852753,34.15388933729167,25,50,50,42.5,MODERATE,0,1.098
2021-10-13,34.5,28.83333333333333,69.16666666666667,42.08295421682439,29.84810326210083,34.74204364399026,25,50,50,42.5,MODERATE,0,1.132
2021-10-14,34.8,29.008333333333336,58.583333333333336,35.93861748935116,29.18176846234608,31.884508073148112,25,25,50,35.0,MODERATE,0,1.138
2021-10-15,34.5,27.829166666666666,51.91666666666666,33.285526447111096,27.697848050201323,29.93291940896523,25,25,25,25.0,MODERATE,0,1.132
2021-10-16,34.3,26.454166666666666,50.958333333333336,32.61451366180447,26.77611176150224,29.111472521623128,25,25,25,25.0,MODERATE,0,1.128
2021-10-17,33.3,27.71666666666667,56.0,35.372995112444535,28.275975875996323,31.114783570575607,25,25,50,35.0,MODERATE,0,1.106
2021-10-18,34.4,26.79583333333333,51.708333333333336,32.742842929357856,26.848857295972344,29.206451549326548,25,25,25,25.0,MODERATE,0,1.13
2021-10-19,34.0,26.825,51.41666666666666,33.152375537971174,26.84036993514551,29.365172176275777,25,25,25,25.0,MODERATE,0,1.121
2021-10-20,33.5,26.741666666666664,61.0,32.9599053739445,27.59222491491748,29.73929709852829,25,25,25,25.0,MODERATE,0,1.111
2021-10-21,33.3,26.966666666666665,53.25,32.76280817377556,28.09727768049985,29.963489877810133,25,25,50,35.0,MODERATE,0,1.106
2021-10-22,32.1,26.641666666666666,55.875,31.74866802570449,26.842957193607567,28.80524152644633,25,0,25,17.5,LOW,0,1.081
2021-10-23,32.0,26.804166666666664,59.625,32.10317871911119,26.33962780329564,28.64504816962186,25,25,25,25.0,MODERATE,0,1.079
2021-10-24,31.5,27.116666666666664,63.29166666666666,31.82020934705794,26.940494123781047,28.892380213091805,25,0,25,17.5,LOW,0,1.069
2021-10-25,31.4,26.77916666666667,63.66666666666666,33.08361627987563,27.7650162688948,29.89245627328713,25,25,25,25.0,MODERATE,0,1.067
2021-10-26,33.3,27.6625,54.04166666666666,32.692075587624494,27.521742815389132,29.58987592428328,25,25,25,25.0,MODERATE,0,1.106
2021-10-27,33.4,27.3875,51.29166666666666,32.82544248716447,26.994541710802924,29.326902021347543,25,25,25,25.0,MODERATE,0,1.108
2021-10-28,33.4,26.48333333333333,41.25,31.60114046899558,25.840933316727767,28.145016177634893,25,0,25,17.5,LOW,0,1.108
2021-10-29,32.5,25.29583333333333,40.16666666666666,30.663601994444505,24.575682434521077,27.010850258490446,25,0,0,7.5,LOW,0,1.09
2021-10-30,32.2,24.73333333333333,42.54166666666666,30.3615501742045,23.992652589372856,26.540211623305517,25,0,0,7.5,LOW,0,1.083
2021-10-31,33.0,24.616666666666664,41.04166666666666,30.93952493511112,24.45258664020137,27.04736195816528,25,0,0,7.5,LOW,0,1.1
2021-11-01,32.9,24.65416666666667,46.208333333333336,31.169519943997816,25.34362334453607,27.67398198432077,25,0,25,17.5,LOW,0,1.098
2021-11-02,32.9,25.204166666666666,42.41666666666666,31.0766044766845,24.767140233102715,27.29092593053543,25,0,0,7.5,LOW,0,1.098
2021-11-03,32.8,25.02916666666667,43.66666666666666,30.972253850204467,24.822284545252963,27.28227226723357,25,0,0,7.5,LOW,0,1.096
2021-11-04,32.6,24.941666666666663,41.41666666666666,30.76575260908449,24.57625128747348,27.05205181611788,25,0,0,7.5,LOW,0,1.092
2021-11-05,32.8,25.025,39.875,30.972253850204467,24.91619343820907,27.33861760300723,25,0,0,7.5,LOW,0,1.096
2021-11-06,31.4,24.541666666666668,38.25,29.877663600764468,23.43482241772875,26.01195889094304,25,0,0,7.5,LOW,0,1.067
2021-11-07,32.2,24.42083333333333,38.79166666666666,30.3615501742045,24.001230285788434,26.545358241154855,25,0,0,7.5,LOW,0,1.083
2021-11-08,32.7,25.995833333333334,37.583333333333336,30.787061361935613,24.269945808915345,26.87679203012345,25,0,0,7.5,LOW,0,1.094
2021-11-09,33.1,25.683333333333334,37.16666666666666,31.1145179388711,24.17424599741267,26.95035477399604,25,0,0,7.5,LOW,0,1.102
2021-11-10,32.7,24.570833333333336,38.29166666666666,30.787061361935613,24.07705258937285,26.76105609839796,25,0,0,7.5,LOW,0,1.094
2021-11-11,32.1,24.025,38.708333333333336,30.07156495797112,23.478060078509092,26.115462030293905,25,0,0,7.5,LOW,0,1.081
2021-11-12,31.7,23.98333333333333,37.833333333333336,29.80980657513561,22.66025467295099,25.52007543382484,25,0,0,7.5,LOW,0,1.073
2021-11-13,31.6,24.116666666666664,38.25,29.660376876071137,22.714333692728857,25.49275096606577,25,0,0,7.5,LOW,0,1.071
2021-11-14,31.6,24.14583333333333,43.16666666666666,30.37043139207112,24.78108905846437,27.01682599190707,25,0,0,7.5,LOW,0,1.071
2021-11-15,31.4,24.0,44.04166666666666,30.25731474771557,24.35071996836872,26.71335788010746,25,0,0,7.5,LOW,0,1.067
2021-11-16,31.6,24.46666666666667,41.79166666666666,30.478885213944505,24.0923523533429,26.646965497583544,25,0,0,7.5,LOW,0,1.071
2021-11-17,30.9,24.92083333333333,41.958333333333336,30.384055891475604,23.994945251350405,26.550589507400485,25,0,0,7.5,LOW,0,1.057
2021-11-18,30.7,25.70833333333333,55.833333333333336,31.14294033705549,25.4146124057497,27.70594357827202,25,0,25,17.5,LOW,0,1.053
2021-11-19,32.0,25.558333333333334,67.20833333333333,33.896484647111244,27.551459766459388,30.08946971872013,25,25,25,25.0,MODERATE,0,1.079
2021-11-20,32.9,26.75833333333333,60.625,34.06143820759786,27.380250483750512,30.05272557328945,25,25,25,25.0,MODERATE,0,1.098
2021-11-21,33.4,27.604166666666668,58.04166666666666,34.900471898897806,27.450710025471427,30.430614774841978,25,25,25,25.0,MODERATE,0,1.108
2021-11-22,33.7,28.08333333333333,59.54166666666666,35.421715954157776,28.22972093967538,31.106518945468338,25,25,50,35.0,MODERATE,0,1.115
2021-11-23,33.5,26.808333333333334,62.25,34.16322831780448,28.6944272435778,30.88194767326847,25,25,50,35.0,MODERATE,0,1.111
2021-11-24,32.7,24.6,52.625,31.05259206379562,25.100211491101597,27.481163720179204,25,0,25,17.5,LOW,0,1.094
2021-11-25,32.1,23.33333333333333,57.458333333333336,30.07156495797112,24.090759977519923,26.4830819697004,25,0,0,7.5,LOW,0,1.081
2021-11-26,32.8,24.266666666666666,59.333333333333336,31.62190639159108,26.024129233195964,28.26324009655401,25,0,25,17.5,LOW,0,1.096
2021-11-27,33.0,24.70833333333333,52.54166666666666,31.379276319555604,25.750315207244512,28.00189965216895,25,0,25,17.5,LOW,0,1.1
2021-11-28,32.6,24.804166666666664,41.333333333333336,30.68622041427558,24.9371475540576,27.236776698144787,25,0,0,7.5,LOW,0,1.092
2021-11-29,31.4,24.22083333333333,41.66666666666666,29.530130504675565,22.689364895366616,25.4256711390902,25,0,0,7.5,LOW,0,1.067
2021-11-30,30.9,24.816666666666663,41.54166666666666,29.313014454637848,22.856352200861004,25.439017102371743,25,0,0,7.5,LOW,0,1.057
2021-12-01,23.5,20.15833333333333,76.70833333333333,25.22477719261125,17.916963780437534,20.84008914530702,0,0,0,0.0,LOW,0,1.0
2021-12-02,21.7,18.42083333333333,76.0,24.37471896171561,17.84237745097003,20.45531405526826,0,0,0,0.0,LOW,0,1.0
2021-12-03,25.9,20.179166666666667,64.20833333333333,26.5220678151378,21.57790385708833,23.55556944030812,0,0,0,0.0,LOW,0,1.0
2021-12-04,28.2,22.4125,66.29166666666667,28.67691605788449,24.027723367805493,25.88740044383709,0,0,0,0.0,LOW,0,1.004
2021-12-05,28.4,23.366666666666664,70.29166666666667,29.014857017137818,25.41230203863349,26.853324030035225,0,0,25,10.0,LOW,0,1.008
2021-12-06,29.4,23.3,68.95833333333333,29.68206562131565,25.03357851403652,26.89297335694817,0,0,25,10.0,LOW,0,1.027
2021-12-07,29.2,23.479166666666668,64.29166666666667,29.215390277457832,23.94175986217907,26.05121202829057,0,0,0,0.0,LOW,0,1.023
2021-12-08,28.8,22.71666666666667,55.91666666666666,28.166031165635545,23.19202450065686,25.181627166648333,0,0,0,0.0,LOW,0,1.015
2021-12-09,28.7,22.3375,53.833333333333336,28.22793063119112,23.430893402862388,25.34970829419388,0,0,0,0.0,LOW,0,1.013
2021-12-10,28.9,22.225,56.04166666666666,28.42032338783121,23.275260744927404,25.333285802088927,0,0,0,0.0,LOW,0,1.017
2021-12-11,28.6,21.54583333333333,57.083333333333336,28.05775972055115,22.925487105966443,24.978396151800325,0,0,0,0.0,LOW,0,1.012
2021-12-12,29.0,21.916666666666668,58.208333333333336,28.51857480311115,23.884529085052435,25.73814737227592,0,0,0,0.0,LOW,0,1.019
2021-12-13,29.1,22.5375,58.5,28.697242840444417,24.55418192002046,26.211406288190044,0,0,0,0.0,LOW,0,1.021
2021-12-14,27.7,20.704166666666666,50.583333333333336,26.839479943991154,21.60781732427401,23.70048237216087,0,0,0,0.0,LOW,0,1.0
2021-12-15,28.4,20.79583333333333,58.0,28.08460865455779,23.792290443856245,25.509217728136864,0,0,0,0.0,LOW,0,1.008
2021-12-16,26.8,19.78333333333333,54.125,27.651966926604494,22.10282331534897,24.32248075985118,0,0,0,0.0,LOW,0,1.0
2021-12-17,25.8,18.9375,49.16666666666666,31.30507197561781,20.67494436001646,24.926995406257003,0,0,0,0.0,LOW,0,1.0
2021-12-18,25.0,19.04583333333333,48.208333333333336,29.32657763047113,19.29163890909873,23.305614397647687,0,0,0,0.0,LOW,0,1.0
2021-12-19,24.7,17.970833333333335,40.625,32.628440243055586,18.73926852700676,24.29493721342629,0,25,0,7.5,LOW,0,1.0
2021-12-20,25.9,17.95,38.5,33.34943591965112,18.575649299242404,24.48516394740589,0,25,0,7.5,LOW,0,1.0
2021-12-21,27.3,18.22083333333333,48.41666666666666,33.63643215540444,20.44105103983668,25.719203486063783,0,25,0,7.5,LOW,0,1.0
2021-12-22,27.3,18.6375,58.0,28.566958118915537,21.632475794292255,24.40626872414157,0,0,0,0.0,LOW,0,1.0
2021-12-23,27.9,19.33333333333333,62.91666666666666,27.16812011801779,22.51583905602504,24.376751480822136,0,0,0,0.0,LOW,0,1.0
2021-12-24,28.2,21.3625,71.95833333333333,28.22956372748449,23.942889648460817,25.657559280070288,0,0,0,0.0,LOW,0,1.004
2021-12-25,28.0,21.55,69.75,27.952300545777764,24.086212972933907,25.63264800207145,0,0,0,0.0,LOW,0,1.0
2021-12-26,26.8,20.491666666666667,67.70833333333333,26.67351935879111,22.129630165784288,23.947185842987015,0,0,0,0.0,LOW,0,1.0
2021-12-27,28.0,21.616666666666664,62.29166666666666,27.47099294355563,23.076731224388983,24.834435912055643,0,0,0,0.0,LOW,0,1.0
2021-12-28,24.5,19.9,78.5,25.62255208911119,22.182065683004385,23.55826024544711,0,0,0,0.0,LOW,0,1.0
2021-12-29,23.8,18.066666666666663,66.75,26.75107304697554,19.232927577075305,22.2401857650354,0,0,0,0.0,LOW,0,1.0
2021-12-30,23.9,18.1625,56.75,28.189389292611093,17.888746401065873,22.00900355768396,0,0,0,0.0,LOW,0,1.0
2021-12-31,25.3,19.404166666666665,60.16666666666666,27.0239268796956,20.42627158349437,23.06533370197486,0,0,0,0.0,LOW,0,1.0
2022-01-01,27.0,20.741666666666667,65.41666666666667,27.4170370884445,23.33718097147808,24.969123418264644,0,0,0,0.0,LOW,0,1.0
2022-01-02,27.8,21.35,70.33333333333333,27.8633386517512,23.98265185027351,25.534926570864585,0,0,0,0.0,LOW,0,1.0
2022-01-03,28.3,21.925,68.95833333333333,28.33189613588449,24.474192321098855,26.017273847013115,0,0,0,0.0,LOW,0,1.006
2022-01-04,28.9,22.691666666666663,67.66666666666667,28.86754806668441,24.8850166563138,26.47802922046204,0,0,0,0.0,LOW,0,1.017
2022-01-05,29.3,22.625,70.41666666666667,29.33079729215781,23.78165694283368,26.001313082563332,0,0,0,0.0,LOW,0,1.025
2022-01-06,20.4,18.866666666666667,89.41666666666667,20.925486944444398,19.80547845265411,20.253481849370225,0,0,0,0.0,LOW,0,1.0
2022-01-07,25.5,19.308333333333334,78.54166666666667,26.27752234377776,22.283397478972773,23.881047424894767,0,0,0,0.0,LOW,0,1.0
2022-01-08,22.9,17.900000000000002,69.54166666666667,28.743810796595547,18.93764817418243,22.86011322314768,0,0,0,0.0,LOW,0,1.0
2022-01-09,21.8,15.445833333333333,60.208333333333336,31.077691502471158,17.106982770657744,22.695266263383107,0,0,0,0.0,LOW,0,1.0
2022-01-10,22.6,15.679166666666667,58.458333333333336,33.28604322705552,17.890105723029713,24.04848072464004,0,25,0,7.5,LOW,0,1.0
2022-01-11,22.1,15.820833333333333,56.29166666666666,31.74548314579552,16.89906595970385,22.83763283414052,0,0,0,0.0,LOW,0,1.0
2022-01-12,21.9,15.2625,59.54166666666666,33.424994059724526,17.14363982107892,23.656181516537163,0,25,0,7.5,LOW,0,1.0
2022-01-13,23.0,15.908333333333331,59.16666666666666,32.32117957041554,18.46787696544173,24.00919800743125,0,25,0,7.5,LOW,0,1.0
2022-01-14,24.2,16.266666666666666,59.375,34.08661630001774,19.883009784729072,25.564452390844536,0,25,0,7.5,LOW,0,1.0
2022-01-15,24.7,17.3,61.25,31.07517259489552,20.522777157256712,24.743735332312237,0,0,0,0.0,LOW,0,1.0
2022-01-16,26.0,18.65,62.083333333333336,27.62952049620444,21.329799190943724,23.849687713048013,0,0,0,0.0,LOW,0,1.0
2022-01-17,27.0,19.495833333333334,66.41666666666667,26.913597688444455,23.083536396355942,24.615560913191352,0,0,0,0.0,LOW,0,1.0
2022-01-18,27.3,19.79583333333333,70.04166666666667,27.08872402449559,23.114560606845437,24.704225973905498,0,0,0,0.0,LOW,0,1.0
2022-01-19,28.1,20.433333333333334,63.333333333333336,27.5533491650756,23.157848363293123,24.916048684006117,0,0,0,0.0,LOW,0,1.002
2022-01-20,28.2,20.883333333333333,60.875,28.401397092391075,23.83134076006992,25.659363292998385,0,0,0,0.0,LOW,0,1.004
2022-01-21,28.5,21.9,75.95833333333333,28.92857167755557,24.580792313027377,26.319904058838656,0,0,0,0.0,LOW,0,1.01
2022-01-22,27.0,21.991666666666664,61.41666666666666,26.45589329305564,20.01383658583593,22.59065926872382,0,0,0,0.0,LOW,0,1.0
2022-01-23,21.7,16.75,51.125,33.45823585051565,16.54260633424963,23.30885814075604,0,25,0,7.5,LOW,0,1.0
2022-01-24,22.4,14.966666666666669,52.375,39.69556997695102,17.429689095334517,26.33604144798112,0,50,0,15.0,LOW,0,1.0
2022-01-25,23.1,16.0125,53.708333333333336,37.41483688891548,18.931451341739933,26.32480556061015,0,25,0,7.5,LOW,0,1.0
2022-01-26,23.3,16.175,55.41666666666666,34.98687659572453,18.40163555109718,25.03573196894812,0,25,0,7.5,LOW,0,1.0
2022-01-27,24.0,17.033333333333335,49.5,32.770610748035566,18.205790936749096,24.031718861263684,0,25,0,7.5,LOW,0,1.0
2022-01-28,24.7,16.933333333333334,47.29166666666666,34.91276925139555,18.445142132542543,25.03219298008375,0,25,0,7.5,LOW,0,1.0
2022-01-29,26.8,17.6875,51.75,35.289276335777735,20.74625103983668,26.5634611582131,0,25,0,7.5,LOW,0,1.0
2022-01-30,27.5,18.4,53.75,32.291624623591126,21.76392738533748,25.97500628063894,0,25,0,7.5,LOW,0,1.0
2022-01-31,27.5,19.025,63.708333333333336,30.87762958051556,23.80954763304431,26.63678041203281,0,0,0,0.0,LOW,0,1.0
2022-02-01,29.6,21.225,69.91666666666667,29.239118945315557,25.41200331452754,26.942849566842742,0,0,25,10.0,LOW,0,1.031
2022-02-02,29.8,21.78333333333333,63.29166666666666,28.714706064924467,24.13341615395529,25.965932118342963,0,0,0,0.0,LOW,0,1.035
2022-02-03,27.9,21.0625,50.79166666666666,27.4711941966845,21.94047673861047,24.15276372184008,0,0,0,0.0,LOW,0,1.0
2022-02-04,26.8,19.129166666666663,43.79166666666666,32.13094072009791,20.40668183738076,25.09638539046762,0,25,0,7.5,LOW,0,1.0
2022-02-05,27.4,20.1625,41.41666666666666,30.648020651277776,20.919853036030663,24.81112008212951,0,0,0,0.0,LOW,0,1.0
2022-02-06,28.9,20.02083333333333,44.083333333333336,32.951631508397845,22.082993179636123,26.43044851114081,0,25,0,7.5,LOW,0,1.017
2022-02-07,28.6,20.9125,51.0,27.60358288371565,23.5327034344727,25.16105521416988,0,0,0,0.0,LOW,0,1.012
2022-02-08,28.5,21.416666666666668,60.375,27.76110944377778,23.934982506544028,25.46543328143753,0,0,0,0.0,LOW,0,1.01
2022-02-09,28.3,22.304166666666664,49.875,27.4763316527378,22.81686638712404,24.680652493369543,0,0,0,0.0,LOW,0,1.006
2022-02-10,27.9,21.479166666666668,45.79166666666666,27.210027402391148,22.046861998835176,24.11212816025756,0,0,0,0.0,LOW,0,1.0
2022-02-11,27.4,20.27083333333333,42.833333333333336,28.16832428081778,19.62401600259105,23.04173931388174,0,0,0,0.0,LOW,0,1.0
2022-02-12,28.8,20.495833333333334,40.75,30.209762317395537,21.479631077098865,24.971683573217533,0,0,0,0.0,LOW,0,1.015
2022-02-13,29.5,20.641666666666666,41.66666666666666,30.74573886644445,23.550840644822784,26.428799933471453,0,0,0,0.0,LOW,0,1.029
2022-02-14,30.1,21.975,41.083333333333336,28.85107336531557,24.5163991735828,26.25026885027591,25,0,0,7.5,LOW,0,1.041
2022-02-15,30.0,22.5,38.083333333333336,28.442480055555563,24.200646144825924,25.89737970911778,25,0,0,7.5,LOW,0,1.039
2022-02-16,30.7,22.96666666666667,41.083333333333336,28.95029160580451,23.822117750396117,25.87338729255947,25,0,0,7.5,LOW,0,1.053
2022-02-17,31.4,23.308333333333334,34.125,29.430637971271157,23.453529163224104,25.844372686442924,25,0,0,7.5,LOW,0,1.067
2022-02-18,31.6,24.23333333333333,35.666666666666664,30.081134959964466,25.42458479141152,27.2872048588327,25,0,25,17.5,LOW,0,1.071
2022-02-19,32.8,25.65416666666667,33.291666666666664,30.972253850204467,25.25327380204918,27.540865821311293,25,0,25,17.5,LOW,0,1.096
2022-02-20,32.0,24.070833333333336,26.20833333333333,29.79359356177784,22.41035463981308,25.363650208598983,25,0,0,7.5,LOW,0,1.079
2022-02-21,33.1,24.8875,31.416666666666668,30.856464490497803,24.2570223632964,26.89679921417696,25,0,0,7.5,LOW,0,1.102
2022-02-22,33.4,24.23333333333333,41.0,31.090189154115567,25.33829457495793,27.639052406620987,25,0,25,17.5,LOW,0,1.108
2022-02-23,32.3,24.254166666666663,47.958333333333336,30.38785152993556,24.5740600785091,26.899576659079685,25,0,0,7.5,LOW,0,1.085
2022-02-24,33.5,25.416666666666668,34.125,31.13900156377777,24.730439766786574,27.293864485583057,25,0,0,7.5,LOW,0,1.111
2022-02-25,33.9,24.7875,30.45833333333333,31.432204974995607,24.81056993297482,27.459223949783134,25,0,0,7.5,LOW,0,1.119
2022-02-26,32.8,24.366666666666664,32.416666666666664,30.624289806204462,24.97700759576283,27.235920479939484,25,0,0,7.5,LOW,0,1.096
2022-02-27,33.4,24.8375,31.25,31.200427012284493,24.420178752721853,27.13227805654691,25,0,0,7.5,LOW,0,1.108
2022-02-28,33.3,25.495833333333334,37.16666666666666,31.31947334335115,25.26954023310272,27.68951347720209,25,0,25,17.5,LOW,0,1.106
2022-03-01,34.2,25.554166666666664,34.875,31.99811356940448,25.7212534870402,28.23199751998591,25,0,25,17.5,LOW,0,1.125
2022-03-02,34.4,26.27916666666667,29.95833333333333,32.12314478849776,26.026512037826144,28.46516513809479,25,25,25,25.0,MODERATE,0,1.13
2022-03-03,34.4,26.70833333333333,24.25,31.93567442796443,24.995834790008384,27.7717706451908,25,0,0,7.5,LOW,0,1.13
2022-03-04,33.0,25.225,29.625,30.68050126177778,23.945193135909022,26.639316386256525,25,0,0,7.5,LOW,0,1.1
2022-03-05,33.8,25.40416666666667,25.541666666666668,31.34152569171564,23.973918364595413,26.920961295443504,25,0,0,7.5,LOW,0,1.117
2022-03-06,34.9,25.75,25.375,32.35642077819554,25.27468690151044,28.10738045218448,25,25,25,25.0,MODERATE,0,1.141
2022-03-07,36.0,27.941666666666663,23.08333333333333,33.6865748168978,27.093449175387036,29.73069943199134,50,25,25,32.5,MODERATE,0,1.165
2022-03-08,36.0,27.96666666666667,25.33333333333333,33.49075753644447,25.31064638987624,28.58269084850353,50,25,25,32.5,MODERATE,0,1.165
2022-03-09,36.1,28.09166666666667,37.458333333333336,34.50320776755559,28.236101499963585,30.742944007000386,50,25,50,42.5,MODERATE,0,1.167
2022-03-10,35.9,27.7375,34.125,33.479434087937776,26.94811065725158,29.560640029526056,50,25,25,32.5,MODERATE,0,1.163
2022-03-11,36.4,28.22083333333333,28.58333333333333,34.10880824851552,26.1576754894753,29.33812859309139,50,25,25,32.5,MODERATE,0,1.174
2022-03-12,37.0,28.916666666666668,25.0,34.21550923511111,26.167547772013915,29.386732357252797,50,25,25,32.5,MODERATE,0,1.187
2022-03-13,37.8,29.34583333333333,25.08333333333333,35.09322673799115,27.23678636401404,30.379362513604885,50,25,25,32.5,MODERATE,0,1.205
2022-03-14,39.1,30.09583333333333,24.83333333333333,36.58405230939558,27.78934452452024,31.307227638470376,50,25,25,32.5,MODERATE,0,1.236
2022-03-15,40.1,30.991666666666664,21.5,37.26993069647115,27.944108971813552,31.674437661676592,75,25,25,40.0,MODERATE,0,1.259
2022-03-16,40.2,31.3875,20.916666666666668,37.57094964839113,28.04842115517833,31.85743255246345,75,25,50,50.0,HIGH,0,1.262
2022-03-17,40.3,31.73333333333333,19.625,37.57094964839113,27.593971457222118,31.58476273368972,75,25,25,40.0,MODERATE,0,1.264
2022-03-18,40.5,31.441666666666663,21.666666666666668,37.299750622444485,27.10148400483028,31.18079065187596,75,25,25,40.0,MODERATE,0,1.269
2022-03-19,39.4,31.579166666666666,21.916666666666668,36.40722221091559,27.22983737903084,30.900791311784737,50,25,25,32.5,MODERATE,0,1.243
2022-03-20,38.4,29.71666666666667,31.58333333333333,35.63108924691559,27.636582892107167,30.834385434030537,50,25,25,32.5,MODERATE,0,1.219
2022-03-21,39.1,30.604166666666668,21.95833333333333,35.98826262756447,26.027193280570483,30.011621019368075,50,25,25,32.5,MODERATE,0,1.236
2022-03-22,38.8,31.42083333333333,15.166666666666666,35.71095623532447,25.340456891992392,29.48865662932522,50,25,25,32.5,MODERATE,0,1.229
2022-03-23,37.9,30.620833333333334,18.375,35.19331030973113,26.002731413526178,29.67896297200816,50,25,25,32.5,MODERATE,0,1.208
2022-03-24,38.3,31.20833333333333,21.70833333333333,35.35438544769556,25.68643265965985,29.553613774874137,50,25,25,32.5,MODERATE,0,1.217
2022-03-25,36.5,29.558333333333334,35.708333333333336,35.953812951277854,28.65373150972988,31.573764086349072,50,25,50,42.5,MODERATE,0,1.176
2022-03-26,41.1,32.50416666666667,28.375,38.79361457499559,29.83591175638926,33.41899288383179,75,50,50,57.5,HIGH,0,1.284
2022-03-27,41.2,31.9875,24.916666666666668,38.431972503111126,28.78838654483375,32.6458209281447,75,50,50,57.5,HIGH,0,1.286
2022-03-28,40.7,32.69583333333333,18.666666666666668,37.38419369571559,26.852478266620345,31.06516443825844,75,25,25,40.0,MODERATE,0,1.274
2022-03-29,41.0,32.233333333333334,23.45833333333333,37.9794495715556,28.257605623959524,32.146343202997954,75,25,50,50.0,HIGH,0,1.281
2022-03-30,40.2,30.7875,27.916666666666668,37.37216843255117,28.88530713156912,32.28005165196194,75,25,50,50.0,HIGH,0,1.262
2022-03-31,40.6,31.20833333333333,31.791666666666668,38.00972391809782,30.406416651232966,33.447739557978906,75,50,50,57.5,HIGH,0,1.271
2022-04-01,41.1,32.17916666666667,29.541666666666668,38.54083487933115,30.184123977791337,33.526808338407264,75,50,50,57.5,HIGH,0,1.284
2022-04-02,40.9,32.479166666666664,33.791666666666664,38.70755626092444,30.348842897695576,33.692328242987124,75,50,50,57.5,HIGH,0,1.279
2022-04-03,42.1,32.9125,32.416666666666664,38.594449771517816,29.04496728652092,32.864760280519675,75,50,50,57.5,HIGH,0,1.308
2022-04-04,42.2,32.87916666666667,23.541666666666668,39.19037553939559,29.273420863084244,33.24020273360878,75,50,50,57.5,HIGH,0,1.311
2022-04-05,42.9,33.84583333333333,21.416666666666668,40.22018907887113,30.350333670750064,34.29827583399849,75,50,50,57.5,HIGH,0,1.328
2022-04-06,42.2,33.37916666666667,23.125,38.98666433955556,29.31092397779134,33.181220122497024,75,50,50,57.5,HIGH,0,1.311
2022-04-07,43.4,33.675,21.875,39.806045631395605,30.110117638030857,33.98848883537676,75,50,50,57.5,HIGH,0,1.341
2022-04-08,43.5,34.99166666666667,18.08333333333333,39.896859619277805,29.00885422903559,33.36405638513248,75,50,50,57.5,HIGH,0,1.344
2022-04-09,41.7,33.862500000000004,20.08333333333333,38.6825151936956,28.74848952597552,32.72209979306355,75,50,50,57.5,HIGH,0,1.298
2022-04-10,41.2,32.333333333333336,27.416666666666668,38.40729208295112,29.20348956771926,32.885010573812,75,50,50,57.5,HIGH,0,1.286
2022-04-11,40.9,32.55833333333333,33.833333333333336,38.10703140029116,29.3624115563241,32.86025949391093,75,50,50,57.5,HIGH,0,1.279
2022-04-12,40.8,32.43333333333333,23.33333333333333,37.40316856273779,27.70622830791918,31.585004409846626,75,25,25,40.0,MODERATE,0,1.276
2022-04-13,41.4,32.225,28.875,38.27962928649555,29.49714751612944,33.01014022427589,75,50,50,57.5,HIGH,0,1.291
2022-04-14,41.4,32.44583333333333,26.166666666666668,37.95082492321781,28.42941749942164,32.23798046894011,75,25,50,50.0,HIGH,0,1.291
2022-04-15,41.4,32.112500000000004,36.5,39.29855111202445,29.97324951579251,33.70337015428529,75,50,50,57.5,HIGH,0,1.291
2022-04-16,42.1,32.36666666666667,40.958333333333336,38.833669334764494,29.446719615226627,33.201499503041774,75,50,50,57.5,HIGH,0,1.308
2022-04-17,41.8,32.325,36.333333333333336,38.783709221795554,29.538987768342487,33.236876349723715,75,50,50,57.5,HIGH,0,1.301
2022-04-18,41.8,32.358333333333334,36.583333333333336,39.199770227091136,30.95722907142361,34.25424553369062,75,50,50,57.5,HIGH,0,1.301
2022-04-19,41.2,32.7125,32.041666666666664,38.9428769564445,29.9669377496043,33.55731343234038,75,50,50,57.5,HIGH,0,1.286
2022-04-20,40.9,33.32083333333333,32.541666666666664,40.00244981378447,30.68387172799998,34.41130296231377,75,50,50,57.5,HIGH,0,1.279
2022-04-21,41.3,33.84166666666667,25.58333333333333,39.02153998971557,30.014776766971504,33.617482056069136,75,50,50,57.5,HIGH,0,1.289
2022-04-22,41.3,33.5875,23.875,38.27962928649555,28.141045251029684,32.19647886521603,75,50,50,57.5,HIGH,0,1.289
2022-04-23,41.6,33.81666666666667,20.08333333333333,38.5815101861156,28.55730210750846,32.56698533895131,75,50,50,57.5,HIGH,0,1.296
2022-04-24,42.0,34.0,21.25,38.98666433955556,28.97612417018977,32.98034023793609,75,50,50,57.5,HIGH,0,1.306
2022-04-25,41.4,34.00416666666667,22.33333333333333,38.38006723251559,28.68322704125096,32.56196311775681,75,50,50,57.5,HIGH,0,1.291
2022-04-26,41.9,34.09166666666667,23.0,38.6825151936956,29.024580924068974,32.88775463191963,75,50,50,57.5,HIGH,0,1.303
2022-04-27,42.9,34.74166666666667,26.541666666666668,40.43346893399114,30.502206151051183,34.47471126422717,75,50,50,57.5,HIGH,0,1.328
2022-04-28,43.7,35.35,22.33333333333333,41.12038672103112,30.60081754668651,34.80864521642435,75,50,50,57.5,HIGH,0,1.349
2022-04-29,43.4,35.737500000000004,20.791666666666668,40.10752700556447,29.547197366631423,33.77132922220464,75,50,50,57.5,HIGH,0,1.341
2022-04-30,44.0,34.55416666666667,38.375,43.28550909977783,32.51026092895994,36.82036019728709,75,75,75,75.0,EXTREME,1,1.357
2022-05-01,43.6,34.00416666666667,41.625,42.0803741834756,31.494386992268268,35.7287818687512,75,50,75,67.5,HIGH,0,1.346
2022-05-02,41.7,34.05416666666667,40.04166666666666,40.08962503081781,30.16710627070664,34.13611377475111,75,50,50,57.5,HIGH,0,1.298
2022-05-03,41.9,33.300000000000004,33.125,40.416172208604486,30.06441802509464,34.20511969849858,75,50,50,57.5,HIGH,0,1.303
2022-05-04,41.8,33.72083333333333,31.375,39.199770227091136,29.860424613822158,33.59616285912975,75,50,50,57.5,HIGH,0,1.301
2022-05-05,41.0,33.425000000000004,43.125,39.22022225377784,31.198373263273805,34.40711285947542,75,50,75,67.5,HIGH,0,1.281
2022-05-06,41.8,34.81666666666667,33.125,40.75884306905783,30.96119012665238,34.88025130361456,75,50,50,57.5,HIGH,0,1.301
2022-05-07,42.2,35.1375,27.33333333333333,40.72266417601781,30.83488221822716,34.789995001343414,75,50,50,57.5,HIGH,0,1.311
2022-05-08,43.1,35.72083333333333,29.041666666666668,41.25784195580445,30.93104963468092,35.061766563130334,75,50,50,57.5,HIGH,0,1.333
2022-05-09,43.8,35.733333333333334,29.125,41.87875877436443,31.157792977556,35.44617929627937,75,50,75,67.5,HIGH,0,1.351
2022-05-10,44.4,36.5125,26.33333333333333,41.48110015491555,29.86684808224532,34.51254891131342,75,50,50,57.5,HIGH,0,1.367
2022-05-11,45.4,37.47083333333334,24.666666666666668,43.8241975081956,32.40402766543874,36.972095602541486,90,75,75,79.5,EXTREME,1,1.393
2022-05-12,44.9,36.7625,32.625,42.5924762249156,31.445592621540108,35.904346062890305,75,50,75,67.5,HIGH,0,1.38
2022-05-13,43.3,34.15833333333333,43.54166666666666,42.565561147695625,31.584350694018767,35.97683487548951,75,50,75,67.5,HIGH,0,1.339
2022-05-14,43.1,34.06666666666667,46.375,43.4003799192711,32.52257853730943,36.8736990900941,75,75,75,75.0,EXTREME,1,1.333
2022-05-15,43.2,34.62083333333333,41.958333333333336,42.409571901084426,31.64971971818764,35.95366059134635,75,50,75,67.5,HIGH,0,1.336
2022-05-16,43.3,33.770833333333336,43.583333333333336,41.65353473215112,31.132523839758505,35.34092819671555,75,50,75,67.5,HIGH,0,1.339
2022-05-17,40.6,32.8125,48.083333333333336,39.1205244854756,30.947992011020915,34.217005000802786,75,50,50,57.5,HIGH,0,1.271
2022-05-18,41.9,33.65,43.75,39.77781046242448,30.495542139596868,34.20844946872791,75,50,50,57.5,HIGH,0,1.303
2022-05-19,42.9,35.07083333333333,34.875,42.43778768695107,32.338265550628,36.37807440515723,75,50,75,67.5,HIGH,0,1.328
2022-05-20,42.6,34.40416666666667,44.91666666666666,42.409571901084426,32.094071516927926,36.22027167059052,75,50,75,67.5,HIGH,0,1.321
2022-05-21,42.6,33.25833333333333,49.375,42.02919087015108,30.9714943798099,35.394572975946375,75,50,50,57.5,HIGH,0,1.321
2022-05-22,41.3,33.0125,51.41666666666666,43.2018444190556,31.235316342580425,36.021927573170494,75,75,75,75.0,EXTREME,1,1.289
2022-05-23,41.6,33.375,53.875,44.335942373137854,31.780632324580484,36.80275634400344,75,75,75,75.0,EXTREME,2,1.296
2022-05-24,41.0,33.3125,51.708333333333336,41.42000708179559,31.96738334744102,35.74843284118285,75,50,75,67.5,HIGH,0,1.281
2022-05-25,40.8,33.6625,49.125,42.1634872587378,32.0896120380364,36.119162126316965,75,50,75,67.5,HIGH,0,1.276
2022-05-26,40.7,33.09166666666667,51.75,41.79699492045111,31.546503031141665,35.64669978686544,75,50,75,67.5,HIGH,0,1.274
2022-05-27,40.3,32.604166666666664,52.54166666666666,42.09028482969556,31.093991029657765,35.49250854967288,75,50,75,67.5,HIGH,0,1.264
2022-05-28,40.8,32.80833333333333,52.66666666666666,42.51700800993783,30.923490144075775,35.5608972904206,75,50,50,57.5,HIGH,0,1.276
2022-05-29,40.3,33.104166666666664,52.333333333333336,42.6418515341156,31.452944715957145,35.928507443220525,75,50,75,67.5,HIGH,0,1.264
2022-05-30,40.7,32.858333333333334,52.0,42.27415390699556,31.83800160581933,36.01246252628982,75,50,75,67.5,HIGH,0,1.274
2022-05-31,41.3,33.237500000000004,51.833333333333336,41.863095644444456,31.405673275769693,35.5886422232396,75,50,75,67.5,HIGH,0,1.289
2022-06-01,42.7,33.875,46.41666666666666,40.89508985825778,31.1737238397585,35.06227024715821,75,50,75,67.5,HIGH,0,1.323
2022-06-02,42.5,34.09166666666667,41.41666666666666,41.33345367172447,31.57279389363199,35.47705780486898,75,50,75,67.5,HIGH,0,1.318
2022-06-03,42.3,33.604166666666664,42.583333333333336,40.555133374104464,30.78871369178706,34.69528156471402,75,50,50,57.5,HIGH,0,1.313
2022-06-04,42.1,34.045833333333334,42.75,41.313814567484464,31.58421041313944,35.476052074877444,75,50,75,67.5,HIGH,0,1.308
2022-06-05,41.9,33.84583333333334,40.79166666666666,40.48780485977782,31.08375899183984,34.84537733901503,75,50,75,67.5,HIGH,0,1.303
2022-06-06,41.6,33.55833333333333,45.625,41.19649297755561,31.2501238397585,35.22867149487735,75,50,75,67.5,HIGH,0,1.296
2022-06-07,40.9,33.8875,49.625,43.05370546263781,31.968053632855437,36.40231436476839,75,75,75,75.0,EXTREME,1,1.279
2022-06-08,40.9,34.270833333333336,51.875,43.05370546263781,31.94969587403691,36.39129970947727,75,75,75,75.0,EXTREME,2,1.279
2022-06-09,40.8,33.612500000000004,53.708333333333336,43.31489594332445,32.06432483100048,36.56455327593007,75,75,75,75.0,EXTREME,3,1.276
2022-06-10,40.7,33.7125,51.66666666666666,43.13459541111117,32.423474974930265,36.70792314940263,75,75,75,75.0,EXTREME,4,1.274
2022-06-11,40.6,33.99583333333333,51.875,43.01424388179555,32.63133315966736,36.78449744851864,75,75,75,75.0,EXTREME,5,1.271
2022-06-12,36.8,31.73333333333333,62.0,41.36938992655783,30.988155404351225,35.14064921323387,50,50,50,50.0,HIGH,0,1.183
2022-06-13,33.8,30.808333333333334,65.20833333333333,38.51504901921771,29.12222071640732,32.87935203753148,25,50,50,42.5,MODERATE,0,1.117
2022-06-14,37.3,31.5,62.25,41.04862271117111,30.352980686900462,34.63123749660872,50,50,50,50.0,HIGH,0,1.194
2022-06-15,37.2,31.64583333333333,62.583333333333336,42.2365403005955,31.61637187050121,35.86443924253893,50,50,75,60.0,HIGH,0,1.192
2022-06-16,37.6,31.96666666666667,61.125,42.09345869543114,31.290040781487495,35.611407947064954,50,50,75,60.0,HIGH,0,1.201
2022-06-17,38.7,32.40416666666667,59.25,43.15735594578452,31.96250269005773,36.44044399234845,50,75,75,67.5,HIGH,0,1.226
2022-06-18,36.4,31.866666666666664,62.875,42.35903141091546,30.99024612148268,35.5377602372558,50,50,50,50.0,HIGH,0,1.174
2022-06-19,35.3,31.40833333333333,65.20833333333333,41.395034168984445,30.35013451215653,34.768094374887696,50,50,50,50.0,HIGH,0,1.149
2022-06-20,38.7,32.0125,61.5,43.18750889957114,31.928440560413648,36.432067896076646,50,75,75,67.5,HIGH,0,1.226
2022-06-21,37.8,31.791666666666668,63.04166666666666,42.310902254391145,31.03574798665859,35.54580969375161,50,50,75,60.0,HIGH,0,1.205
2022-06-22,37.8,31.85,61.833333333333336,42.10142447687111,32.38805642280361,36.27340364443061,50,50,75,60.0,HIGH,0,1.205
2022-06-23,36.9,31.52916666666667,65.08333333333333,42.67058355359782,31.989849561383025,36.26214315826894,50,50,75,60.0,HIGH,0,1.185
2022-06-24,39.2,32.483333333333334,61.25,42.9437602470045,31.926645990524307,36.33349169311639,50,50,75,60.0,HIGH,0,1.238
2022-06-25,39.7,33.475,54.54166666666666,43.10579006017559,32.636064481410585,36.82395471291659,50,75,75,67.5,HIGH,0,1.25
2022-06-26,41.1,33.916666666666664,56.208333333333336,46.70824766177781,34.53759756981525,39.40585760660027,75,75,90,81.0,EXTREME,1,1.284
2022-06-27,36.3,31.366666666666664,67.79166666666667,42.69196720755576,31.39702391142416,35.9150012298768,50,50,75,60.0,HIGH,0,1.171
2022-06-28,37.8,31.808333333333334,63.583333333333336,43.421575292284444,31.53265931038824,36.28822570314672,50,75,75,67.5,HIGH,0,1.205
2022-06-29,37.9,32.45,59.708333333333336,41.893907822675565,30.418370081977685,35.00858517825684,50,50,50,50.0,HIGH,0,1.208
2022-06-30,37.4,32.36666666666667,60.91666666666666,41.8613760804956,30.9482026003962,35.313471992435964,50,50,50,50.0,HIGH,0,1.196
2022-07-01,35.5,29.691666666666663,75.0,41.06247650461122,30.54893918280782,34.75435411152918,50,50,50,50.0,HIGH,0,1.154
2022-07-02,32.8,27.816666666666663,85.91666666666667,38.66809854812454,29.91964784262037,33.41902812482204,25,50,50,42.5,MODERATE,0,1.096
2022-07-03,34.0,29.166666666666668,77.95833333333333,40.564670267111104,30.897412707377526,34.764315731270955,25,50,50,42.5,MODERATE,0,1.121
2022-07-04,33.4,28.73333333333333,81.625,39.80531268339558,30.219173675469808,34.05362927864012,25,50,50,42.5,MODERATE,0,1.108
2022-07-05,32.2,28.29583333333333,82.66666666666667,38.85073410243568,29.24674416106017,33.08834013761037,25,50,50,42.5,MODERATE,0,1.083
2022-07-06,31.6,28.35833333333333,80.95833333333333,38.58867856428446,29.919225621509792,33.38700679861966,25,50,50,42.5,MODERATE,0,1.071
2022-07-07,32.4,28.72083333333333,79.45833333333333,39.73171554647122,30.54984992962897,34.22259617636587,25,50,50,42.5,MODERATE,0,1.087
2022-07-08,27.0,26.258333333333336,92.95833333333331,30.94733601911121,25.3069692381282,27.563115950521407,0,0,25,10.0,LOW,0,1.0
2022-07-09,30.7,27.40833333333333,85.0,36.853556731891146,27.879787727595875,31.469295329313983,25,25,25,25.0,MODERATE,0,1.053
2022-07-10,28.4,26.370833333333334,89.45833333333333,33.12197327073792,26.590361897908977,29.20300644704055,0,25,25,17.5,LOW,0,1.008
2022-07-11,27.9,25.745833333333334,91.20833333333331,31.99936296580461,26.26419275387515,28.558260838646937,0,0,25,10.0,LOW,0,1.0
2022-07-12,30.1,27.48333333333333,83.625,35.78664986666446,28.34251159855278,31.32016690579745,25,25,50,35.0,MODERATE,0,1.041
2022-07-13,32.3,27.90416666666667,81.41666666666667,39.46122974255111,30.44660957197767,34.052457640207045,25,50,50,42.5,MODERATE,0,1.085
2022-07-14,30.0,26.941666666666663,89.58333333333333,36.03886131111113,28.290257045009547,31.389698751450176,25,25,50,35.0,MODERATE,0,1.039
2022-07-15,30.3,27.254166666666663,87.54166666666667,36.31040537811568,27.90701774802887,31.268372800063595,25,25,25,25.0,MODERATE,0,1.045
2022-07-16,32.1,28.2125,81.375,37.93724899639793,28.288082359677297,32.14774901436555,25,25,50,35.0,MODERATE,0,1.081
2022-07-17,32.4,28.95833333333333,77.5,39.73171554647122,29.753849929628963,33.744996176365866,25,50,50,42.5,MODERATE,0,1.087
2022-07-18,31.6,28.175,80.16666666666667,37.38109409711125,29.290875009751613,32.526962644695466,25,25,50,35.0,MODERATE,0,1.071
2022-07-19,27.0,25.9,93.25,30.63066804577769,25.16138517326686,27.349098322271196,0,0,25,10.0,LOW,0,1.0
2022-07-20,32.6,28.316666666666663,79.16666666666667,38.18216967596455,29.05675002033602,32.706917882587426,25,50,50,42.5,MODERATE,0,1.092
2022-07-21,32.1,28.1,78.875,37.30897184543786,29.270937496117117,32.48615123584541,25,25,50,35.0,MODERATE,0,1.081
2022-07-22,32.0,27.995833333333334,80.125,38.33335376355572,29.572778764899248,33.077008764361835,25,50,50,42.5,MODERATE,0,1.079
2022-07-23,30.3,27.008333333333336,84.79166666666667,35.779975687695504,28.003787727595878,31.114262911635727,25,25,50,35.0,MODERATE,0,1.045
2022-07-24,27.7,25.820833333333336,92.33333333333331,31.777025115671115,25.46616262074876,27.9905076187177,0,0,25,10.0,LOW,0,1.0
2022-07-25,30.9,27.175,84.29166666666667,36.56068967177767,29.070235136691352,32.06641695072588,25,25,50,35.0,MODERATE,0,1.057
2022-07-26,29.0,26.75,86.20833333333333,33.897293531555505,26.892126505936517,29.694193316184112,0,25,25,17.5,LOW,0,1.019
2022-07-27,31.2,27.120833333333334,84.5,36.92881422455121,29.44048192450641,32.43581484452433,25,25,50,35.0,MODERATE,0,1.063
2022-07-28,32.5,28.308333333333334,77.66666666666667,37.46913364052446,29.816911052753643,32.87780008786197,25,25,50,35.0,MODERATE,0,1.09
2022-07-29,32.4,28.725,76.04166666666667,37.16001088161546,29.59771105275364,32.62263098429837,25,25,50,35.0,MODERATE,0,1.087
2022-07-30,31.9,28.45833333333333,76.20833333333333,36.31062581460455,29.40527822964602,32.16741726362943,25,25,50,35.0,MODERATE,0,1.077
2022-07-31,31.3,28.2125,76.54166666666667,36.31062581460455,28.76204857131999,31.78147946863381,25,25,50,35.0,MODERATE,0,1.065
2022-08-01,32.6,28.445833333333336,75.95833333333333,37.53769789623125,29.29970518825134,32.5949022714433,25,25,50,35.0,MODERATE,0,1.092
2022-08-02,31.9,28.2,81.25,39.06988406427577,30.37873789645353,33.85519636358242,25,50,50,42.5,MODERATE,0,1.077
2022-08-03,31.6,28.15416666666667,83.29166666666667,38.91894001249777,30.171444258974585,33.67044256038386,25,50,50,42.5,MODERATE,0,1.071
2022-08-04,31.4,27.6625,86.91666666666667,39.06695666762446,30.80203867052722,34.10800586936612,25,50,50,42.5,MODERATE,0,1.067
2022-08-05,30.3,27.066666666666663,89.45833333333333,37.4175633960955,30.127813135442487,33.04371323970369,25,25,50,35.0,MODERATE,0,1.045
2022-08-06,30.7,27.08333333333333,88.66666666666667,37.38059095922454,29.587061764619595,32.70447344246157,25,25,50,35.0,MODERATE,0,1.053
2022-08-07,32.5,28.391666666666666,83.20833333333333,40.74581760555563,31.45357559051387,35.17047239653057,25,50,75,52.5,HIGH,0,1.09
2022-08-08,32.5,28.6875,83.91666666666667,42.30925652777788,31.63835280605825,35.9067142947461,25,50,75,52.5,HIGH,0,1.09
2022-08-09,32.0,28.3125,85.83333333333333,40.40927367955577,31.10192181681958,34.82486256191406,25,50,75,52.5,HIGH,0,1.079
2022-08-10,31.2,27.73333333333333,84.58333333333333,38.26408044999111,29.48493049381071,32.99659047628287,25,50,50,42.5,MODERATE,0,1.063
2022-08-11,30.0,27.20833333333333,87.125,36.03886131111113,27.71625704500955,31.045298751450183,25,25,25,25.0,MODERATE,0,1.039
2022-08-12,31.5,27.84583333333333,83.25,38.49456536306456,29.47037975308036,33.08005399707404,25,50,50,42.5,MODERATE,0,1.069
2022-08-13,31.4,27.7,80.33333333333333,37.263807475384425,29.163272357798636,32.40348640483295,25,25,50,35.0,MODERATE,0,1.067
2022-08-14,30.6,26.745833333333334,84.25,36.26964304609783,28.63947427718395,31.6915417847495,25,25,50,35.0,MODERATE,0,1.051
2022-08-15,29.6,26.575,86.58333333333333,34.52896775996457,27.69840669383476,30.430631120286687,0,25,25,17.5,LOW,0,1.031
2022-08-16,27.5,25.816666666666663,91.95833333333331,31.134696943055765,25.362596107527175,27.671436441738614,0,0,25,10.0,LOW,0,1.0
2022-08-17,28.5,26.17083333333333,89.08333333333333,32.84086814644454,25.05898325440253,28.171737211219337,0,25,25,17.5,LOW,0,1.01
2022-08-18,29.8,26.78333333333333,84.75,35.75722778935101,28.03848608055762,31.125982764074976,0,25,50,27.5,MODERATE,0,1.035
2022-08-19,30.9,27.054166666666664,83.66666666666667,37.62933551273792,29.049711456578653,32.481561079042365,25,25,50,35.0,MODERATE,0,1.057
2022-08-20,31.2,27.641666666666666,80.83333333333333,36.639429006951175,28.86561110719409,31.975138267096924,25,25,50,35.0,MODERATE,0,1.063
2022-08-21,31.8,28.0,77.83333333333333,36.90573619219542,28.90743112602437,32.106753152492786,25,25,50,35.0,MODERATE,0,1.075
2022-08-22,29.1,27.05,82.25,33.7370596941311,26.021305738353984,29.10760732066483,0,25,25,17.5,LOW,0,1.021
2022-08-23,26.9,25.97083333333333,89.125,29.97311158491559,24.363949965601464,26.607614613327115,0,0,0,0.0,LOW,0,1.0
2022-08-24,29.9,26.6375,82.875,33.88487792837119,26.103387718665413,29.21598380254773,0,25,25,17.5,LOW,0,1.037
2022-08-25,31.2,27.0375,79.95833333333333,35.536341379395694,28.91368618139467,31.56274826059508,25,25,50,35.0,MODERATE,0,1.063
2022-08-26,31.0,27.4375,78.45833333333333,34.42573241441779,28.234842809256197,30.71119865132083,25,25,50,35.0,MODERATE,0,1.059
2022-08-27,30.3,26.98333333333333,82.25,35.28283770601565,29.111965613403857,31.58031445044857,25,25,50,35.0,MODERATE,0,1.045
2022-08-28,31.2,27.070833333333336,78.70833333333333,35.01746951132456,28.613470266716444,31.17506996455969,25,25,50,35.0,MODERATE,0,1.063
2022-08-29,30.9,27.59166666666667,79.95833333333333,35.13282209719792,29.220293223359757,31.58530477289502,25,25,50,35.0,MODERATE,0,1.057
2022-08-30,31.9,28.495833333333334,80.375,39.76179563209793,31.32005186094188,34.6967493694043,25,50,75,52.5,HIGH,0,1.077
2022-08-31,32.3,29.08333333333333,80.20833333333333,40.62683580385787,31.529575590513872,35.16847967585147,25,50,75,52.5,HIGH,0,1.085
2022-09-01,32.3,28.72083333333333,81.95833333333333,40.177589223635565,30.92054494097894,34.623362654041586,25,50,50,42.5,MODERATE,0,1.085
2022-09-02,32.3,28.7625,83.125,39.816139017651125,30.831059202711447,34.42509112868731,25,50,50,42.5,MODERATE,0,1.085
2022-09-03,33.0,29.679166666666664,79.125,41.403484995111086,31.595248377296286,35.5185430244222,25,50,75,52.5,HIGH,0,1.1
2022-09-04,33.0,29.229166666666668,71.79166666666667,37.62226879305571,29.360061988519675,32.66494471033409,25,25,50,35.0,MODERATE,0,1.1
2022-09-05,32.0,28.53333333333333,72.79166666666667,36.2604364620957,28.859426734764437,31.81983062569694,25,25,50,35.0,MODERATE,0,1.079
2022-09-06,31.5,28.3375,76.29166666666667,36.57935669079127,29.756226734764432,32.48547871717517,25,25,50,35.0,MODERATE,0,1.069
2022-09-07,34.0,29.65833333333333,70.66666666666667,38.39286542044451,30.88188734792241,33.886278576931254,25,50,50,42.5,MODERATE,0,1.121
2022-09-08,35.0,29.9,73.91666666666667,43.42203294476448,32.00289459317624,36.570549933811535,50,75,75,67.5,HIGH,0,1.143
2022-09-09,35.8,31.05,74.95833333333333,44.862132333671184,32.40408009492068,37.38730099042088,50,75,75,67.5,HIGH,0,1.16
2022-09-10,35.6,30.60833333333333,75.875,43.91276584636458,32.45747044383104,37.03958860484445,50,75,75,67.5,HIGH,0,1.156
2022-09-11,33.5,28.8,84.45833333333333,41.80228693511116,31.983740848172918,35.91115928294821,25,50,75,52.5,HIGH,0,1.111
2022-09-12,32.8,28.258333333333336,87.33333333333333,40.83692286935104,31.42344053156614,35.1888334666801,25,50,75,52.5,HIGH,0,1.096
2022-09-13,31.3,27.166666666666668,89.16666666666667,39.10697982771569,30.58598861109858,33.99438509774542,25,50,50,42.5,MODERATE,0,1.065
2022-09-14,30.5,26.7625,90.0,37.12206514155554,29.5694426099036,32.59049162256437,25,25,50,35.0,MODERATE,0,1.049
2022-09-15,30.0,26.304166666666664,92.41666666666669,36.54856370836459,28.956165795361613,31.993124960562803,25,25,50,35.0,MODERATE,0,1.039
2022-09-16,31.5,27.0,85.25,37.38109409711125,29.196264351212807,32.47019624957218,25,25,50,35.0,MODERATE,0,1.069
2022-09-17,31.5,27.17083333333333,80.54166666666667,35.182733568995545,28.76190002664089,31.33023344358276,25,25,50,35.0,MODERATE,0,1.069
2022-09-18,31.8,27.77083333333333,79.08333333333333,35.55203763279116,29.65685255037173,32.01492658333951,25,25,50,35.0,MODERATE,0,1.075
2022-09-19,31.5,27.75,76.66666666666667,35.66073354644448,28.953632673671784,31.636473022780866,25,25,50,35.0,MODERATE,0,1.069
2022-09-20,31.3,27.870833333333334,75.0,35.65159826097569,29.08009237033674,31.70869472659232,25,25,50,35.0,MODERATE,0,1.065
2022-09-21,31.4,27.429166666666664,73.54166666666667,34.926915054631245,28.384242755169584,31.00131167495425,25,25,50,35.0,MODERATE,0,1.067
2022-09-22,31.4,27.366666666666664,70.29166666666667,34.2800016413512,26.98426199551488,29.90255785384941,25,25,25,25.0,MODERATE,0,1.067
2022-09-23,31.0,27.266666666666666,70.875,33.665803991555485,26.930670251832808,29.62472374772188,25,25,25,25.0,MODERATE,0,1.059
2022-09-24,31.4,27.2875,72.16666666666667,34.45528245019576,28.104465348716992,30.644792189308497,25,25,50,35.0,MODERATE,0,1.067
2022-09-25,31.6,27.1125,73.75,34.1933344015645,28.558865348716992,30.812652969855996,25,25,50,35.0,MODERATE,0,1.071
2022-09-26,31.5,27.166666666666668,78.45833333333333,35.57801656399798,29.69042914514208,32.04546411268444,25,25,50,35.0,MODERATE,0,1.069
2022-09-27,32.2,27.933333333333334,73.16666666666667,36.48221239155565,29.59610395936826,32.35054733224322,25,25,50,35.0,MODERATE,0,1.083
2022-09-28,32.3,28.08333333333333,73.08333333333333,36.77512633244466,29.84246964738542,32.61553232140912,25,25,50,35.0,MODERATE,0,1.085
2022-09-29,33.6,28.541666666666668,69.875,37.850443735537766,30.258503429919426,33.29527955216676,25,25,50,35.0,MODERATE,0,1.113
2022-09-30,34.0,28.95,66.58333333333333,37.73453079511117,30.288793937841174,33.267088680749175,25,25,50,35.0,MODERATE,0,1.121
2022-10-01,33.7,29.079166666666666,59.375,36.04414917260437,29.25376264448033,31.969917255729943,25,25,50,35.0,MODERATE,0,1.115
2022-10-02,32.5,28.241666666666664,66.04166666666667,35.04451980555562,29.109826999953604,31.48370412219441,25,25,50,35.0,MODERATE,0,1.09
2022-10-03,32.7,28.34583333333333,66.20833333333333,34.79179459861124,29.26230858338297,31.47410298947428,25,25,50,35.0,MODERATE,0,1.094
2022-10-04,35.1,29.4875,54.583333333333336,36.13750250839786,29.76330036014672,32.312981219447174,50,25,50,42.5,MODERATE,0,1.145
2022-10-05,36.4,30.46666666666667,47.25,36.41478169155558,28.782651945949368,31.83550384419185,50,25,50,42.5,MODERATE,0,1.174
2022-10-06,34.5,30.25,53.29166666666666,35.75535508329567,28.85637444240604,31.61596669876189,25,25,50,35.0,MODERATE,0,1.132
2022-10-07,28.5,25.870833333333334,79.5,32.09432399463126,25.532426775292603,28.157185663028063,0,25,25,17.5,LOW,0,1.01
2022-10-08,27.4,25.0625,90.5,30.76812416140438,26.539505572180683,28.230953007870163,0,0,25,10.0,LOW,0,1.0
2022-10-09,31.3,27.254166666666663,84.66666666666667,36.88432429295104,29.071174515475224,32.19643442646555,25,25,50,35.0,MODERATE,0,1.065
2022-10-10,32.2,27.89583333333333,84.25,38.692929311715645,30.69167873442061,33.892178965338616,25,50,50,42.5,MODERATE,0,1.083
2022-10-11,33.5,28.45,75.29166666666667,37.002267798611165,29.912607571271497,32.748471662207365,25,25,50,35.0,MODERATE,0,1.111
2022-10-12,34.0,28.291666666666668,69.5,37.01083879755558,30.12826872399119,32.88129675341695,25,25,50,35.0,MODERATE,0,1.121
2022-10-13,34.1,27.366666666666664,55.16666666666666,33.51908717765115,28.543299971314347,30.533614853849063,25,25,50,35.0,MODERATE,0,1.123
2022-10-14,33.5,27.17083333333333,52.333333333333336,33.13646465177782,27.20459617188087,29.577343563839648,25,25,25,25.0,MODERATE,0,1.111
2022-10-15,34.1,27.09166666666667,51.708333333333336,33.36986995772452,27.861985256031897,30.065139136708943,25,25,25,25.0,MODERATE,0,1.123
2022-10-16,33.8,26.77916666666667,51.375,33.02024103015117,26.89642236081624,29.34594982855021,25,25,25,25.0,MODERATE,0,1.117
2022-10-17,34.1,26.85,44.91666666666666,32.39292790977781,25.96715924463833,28.53746671069413,25,25,25,25.0,MODERATE,0,1.123
2022-10-18,34.8,26.77083333333333,51.66666666666666,33.98764884692456,27.81447552198659,30.283744851961774,25,25,25,25.0,MODERATE,0,1.138
2022-10-19,34.2,27.066666666666663,53.29166666666666,33.98764884692456,28.037008692576123,30.417264754315497,25,25,50,35.0,MODERATE,0,1.125
2022-10-20,33.7,27.40416666666667,54.375,36.21120368155552,28.51862104295034,31.59565409839241,25,25,50,35.0,MODERATE,0,1.115
2022-10-21,34.6,27.89583333333333,42.125,33.14911354593783,26.79608811276551,29.33729828603444,25,25,25,25.0,MODERATE,0,1.134
2022-10-22,34.2,27.225,35.666666666666664,32.17364914455115,25.552414402503985,28.20090829932285,25,25,25,25.0,MODERATE,0,1.125
2022-10-23,34.1,26.4875,42.16666666666666,32.38601230228451,26.767545531279183,29.014932239681315,25,25,25,25.0,MODERATE,0,1.123
2022-10-24,33.7,26.370833333333334,41.458333333333336,31.940048661555554,26.56778707971969,28.71669171245404,25,0,25,17.5,LOW,0,1.115
2022-10-25,34.0,26.454166666666666,42.875,32.277837979597805,26.32211550106075,28.70440449247557,25,25,25,25.0,MODERATE,0,1.121
2022-10-26,33.4,26.304166666666664,47.25,32.073647803964484,27.150337552017927,29.11966165279655,25,25,25,25.0,MODERATE,0,1.108
2022-10-27,33.8,27.17083333333333,47.25,32.43395563492447,27.490544500563843,29.467908954308093,25,25,25,25.0,MODERATE,0,1.117
2022-10-28,34.4,26.925,44.375,33.05238764332449,27.55060298757954,29.75131684987752,25,25,25,25.0,MODERATE,0,1.13
2022-10-29,34.1,26.64583333333333,45.208333333333336,33.08287447089559,28.03020869257612,30.051275003903907,25,25,50,35.0,MODERATE,0,1.123
2022-10-30,34.5,26.6375,43.125,32.742842929357856,26.8940729369245,29.23358093389784,25,25,25,25.0,MODERATE,0,1.132
2022-10-31,33.2,25.329166666666666,43.25,31.394056379804532,24.97623708007637,27.543364799967637,25,0,0,7.5,LOW,0,1.104
2022-11-01,33.2,25.40833333333333,48.208333333333336,31.83792232252448,26.18676027649689,28.447225094907925,25,0,25,17.5,LOW,0,1.104
2022-11-02,34.3,26.23333333333333,50.333333333333336,33.17876188852448,27.060178380013134,29.507611783417676,25,25,25,25.0,MODERATE,0,1.128
2022-11-03,34.5,26.566666666666663,49.04166666666666,33.43419822244448,27.71304850173507,30.001508390018834,25,25,25,25.0,MODERATE,0,1.132
2022-11-04,34.9,26.554166666666664,50.5,33.6185967921156,27.70897932465093,30.0728263116368,25,25,25,25.0,MODERATE,0,1.141
2022-11-05,35.2,26.5875,51.16666666666666,33.871428248115606,27.87620779402048,30.274295975658525,50,25,25,32.5,MODERATE,0,1.147
2022-11-06,35.0,27.09166666666667,46.958333333333336,33.74460505555558,27.579391035390444,30.0454766434565,50,25,25,32.5,MODERATE,0,1.143
2022-11-07,34.2,26.60833333333333,49.875,33.05238764332449,27.27521074331277,29.586081503317452,25,25,25,25.0,MODERATE,0,1.125
2022-11-08,34.0,26.45,47.79166666666666,32.39292790977781,26.75250796379588,29.008675942188653,25,25,25,25.0,MODERATE,0,1.121
2022-11-09,33.8,26.14583333333333,46.66666666666666,32.04876029260454,26.389104600287496,28.65296687721431,25,25,25,25.0,MODERATE,0,1.117
2022-11-10,33.2,25.83333333333333,47.875,31.721403503564478,26.103664564405065,28.35076014006883,25,0,25,17.5,LOW,0,1.104
2022-11-11,33.6,26.425,43.958333333333336,32.06259338127783,25.95102140672249,28.395650196544626,25,25,25,25.0,MODERATE,0,1.113
2022-11-12,32.5,26.004166666666663,44.625,31.394984948611143,25.428187079719685,27.814906227276268,25,0,25,17.5,LOW,0,1.09
2022-11-13,32.1,24.78333333333333,45.29166666666666,30.60549244516446,25.32179343820907,27.435273040991227,25,0,25,17.5,LOW,0,1.081
2022-11-14,32.1,24.5875,48.083333333333336,30.81513032863115,26.18576820248333,28.037513052942455,25,0,25,17.5,LOW,0,1.081
2022-11-15,32.7,25.229166666666668,49.375,31.38651697783118,26.31801336709875,28.34541481139172,25,0,25,17.5,LOW,0,1.094
2022-11-16,32.8,25.504166666666663,46.04166666666666,31.26543070881779,26.0163523533429,28.11598369553285,25,0,25,17.5,LOW,0,1.096
2022-11-17,31.6,24.7625,37.083333333333336,29.844450121297783,23.993498570683645,26.333879190929306,25,0,0,7.5,LOW,0,1.071
2022-11-18,31.0,23.42083333333333,36.708333333333336,29.21934324844447,23.13431330984881,25.568325285287077,25,0,0,7.5,LOW,0,1.059
2022-11-19,30.6,22.704166666666666,39.208333333333336,28.772346040871145,22.76161788087907,25.165909144875897,25,0,0,7.5,LOW,0,1.051
2022-11-20,31.0,23.304166666666664,42.583333333333336,29.27700910977778,23.32373792043434,25.70504639617172,25,0,0,7.5,LOW,0,1.059
2022-11-21,30.6,23.066666666666663,44.25,28.862074399484484,22.756774355206375,25.19889437291762,25,0,0,7.5,LOW,0,1.051
2022-11-22,31.3,23.308333333333334,42.66666666666666,29.387130316151115,23.428313309848807,25.81184011236973,25,0,0,7.5,LOW,0,1.065
2022-11-23,31.0,23.09583333333333,41.583333333333336,29.27700910977778,23.67333792043434,25.91480639617172,25,0,0,7.5,LOW,0,1.059
2022-11-24,30.9,23.10833333333333,43.04166666666666,29.18514532479785,23.04131086453956,25.49884464864288,25,0,0,7.5,LOW,0,1.057
2022-11-25,30.6,22.54583333333333,38.375,28.772346040871145,22.07881788087907,24.756229144875896,25,0,0,7.5,LOW,0,1.051
2022-11-26,30.8,22.6375,37.833333333333336,28.98947117763555,23.009286048743224,25.401360100300156,25,0,0,7.5,LOW,0,1.055
2022-11-27,30.8,22.09166666666667,44.208333333333336,29.0940557446578,23.796456508109536,25.915496202728843,25,0,0,7.5,LOW,0,1.055
2022-11-28,30.9,22.35833333333333,44.66666666666666,29.246508132915597,24.034453796765124,26.119275531225316,25,0,0,7.5,LOW,0,1.057
2022-11-29,31.4,23.15416666666667,45.0,29.96410766499558,24.50737763435398,26.690069646610617,25,0,0,7.5,LOW,0,1.067
2022-11-30,31.3,23.92083333333333,39.41666666666666,29.55724569375781,23.263952962011626,25.781270054710102,25,0,0,7.5,LOW,0,1.065
2022-12-01,30.4,23.229166666666668,44.125,29.05500129463114,23.50952605736532,25.727716152271647,25,0,0,7.5,LOW,0,1.047
2022-12-02,30.0,22.6625,45.708333333333336,28.61567085555551,24.172653117996656,25.9498602130202,25,0,0,7.5,LOW,0,1.039
2022-12-03,30.0,22.5375,48.333333333333336,28.68186181111116,22.9787624554894,25.260002197738103,25,0,0,7.5,LOW,0,1.039
2022-12-04,30.9,22.570833333333336,46.54166666666666,29.246508132915597,23.80205379676512,25.979835531225312,25,0,0,7.5,LOW,0,1.057
2022-12-05,30.7,23.05,48.375,29.810015459535634,24.422685758088985,26.577617638667647,25,0,0,7.5,LOW,0,1.053
2022-12-06,31.3,24.375,50.41666666666666,30.608016457217783,25.464754096738545,27.52205904093024,25,0,25,17.5,LOW,0,1.065
2022-12-07,30.8,23.566666666666663,51.75,30.02981844241779,24.5207435981809,26.724373535875657,25,0,0,7.5,LOW,0,1.055
2022-12-08,29.9,22.675,38.29166666666666,28.2252142217756,21.92580777876774,24.445570355970887,0,0,0,0.0,LOW,0,1.037
2022-12-09,29.8,21.8,36.66666666666666,28.2786152806044,21.22267890182325,24.04505345333571,0,0,0,0.0,LOW,0,1.035
2022-12-10,30.4,22.2125,40.583333333333336,28.68783999868448,22.423966043309868,24.929515625459715,25,0,0,7.5,LOW,0,1.047
2022-12-11,31.4,23.558333333333334,44.79166666666666,30.05619754423113,24.166175119324546,26.52218408928718,25,0,0,7.5,LOW,0,1.067
2022-12-12,32.9,26.0625,49.333333333333336,32.69984507868444,27.18121581639018,29.388667521307884,25,25,25,25.0,MODERATE,0,1.098
2022-12-13,32.3,26.83333333333333,48.91666666666666,32.52945533039111,26.05913350094242,28.647262232721893,25,25,25,25.0,MODERATE,0,1.085
2022-12-14,30.3,25.97083333333333,45.958333333333336,30.862593380495525,25.159675065775254,27.440842391663363,25,0,25,17.5,LOW,0,1.045
2022-12-15,32.0,26.1875,51.875,31.93514174711116,26.343691134936293,28.58027137980624,25,0,25,17.5,LOW,0,1.079
2022-12-16,32.8,26.35,49.333333333333336,32.881969130435536,27.158873730660872,29.448111890570736,25,25,25,25.0,MODERATE,0,1.096
2022-12-17,33.3,26.89583333333333,42.79166666666666,32.55980467532447,26.690352580867923,29.038133418650546,25,25,25,25.0,MODERATE,0,1.106
2022-12-18,33.1,25.75,41.91666666666666,31.601938793437814,25.902745736043677,28.18242295900133,25,0,25,17.5,LOW,0,1.102
2022-12-19,32.5,24.695833333333336,48.5,30.936622215277787,24.982685758088984,27.364260340964503,25,0,0,7.5,LOW,0,1.09
2022-12-20,32.0,24.45,49.0,30.703782179111176,25.82751057253125,27.77801921516322,25,0,25,17.5,LOW,0,1.079
2022-12-21,31.8,23.566666666666663,29.5,29.621026886417788,22.24795463981308,25.197183538454965,25,0,0,7.5,LOW,0,1.075
2022-12-22,30.9,22.7375,31.916666666666668,28.991129228371165,22.38907950482708,25.029899394244715,25,0,0,7.5,LOW,0,1.057
2022-12-23,28.0,20.841666666666665,32.125,28.45405378401782,19.20973135533056,22.907460326805463,0,0,0,0.0,LOW,0,1.0
2022-12-24,26.5,19.191666666666663,45.66666666666666,31.07517259489552,20.135306785492865,24.511253109253925,0,0,0,0.0,LOW,0,1.0
2022-12-25,27.1,20.01666666666667,44.833333333333336,28.30144600759776,20.031135423453904,23.339259657111448,0,0,0,0.0,LOW,0,1.0
2022-12-26,28.1,20.216666666666665,45.25,29.221636542444497,21.62167436028887,24.66165923315112,0,0,0,0.0,LOW,0,1.002
2022-12-27,28.6,20.5,48.583333333333336,28.011638085395543,22.279571036774843,24.572397856223127,0,0,0,0.0,LOW,0,1.012
2022-12-28,29.4,20.991666666666667,47.75,28.17274142491562,22.401297129448075,24.70987484763509,0,0,0,0.0,LOW,0,1.027
2022-12-29,30.5,21.96666666666667,45.875,29.150727149111145,24.284689763758752,26.23110471789971,25,0,0,7.5,LOW,0,1.049
2022-12-30,30.0,22.8875,42.833333333333336,29.167844777777727,24.186066885240727,26.178778042255527,25,0,0,7.5,LOW,0,1.039
2022-12-31,27.7,20.729166666666668,49.0,26.839479943991154,20.951822562643823,23.30688551518276,0,0,0,0.0,LOW,0,1.0
2023-01-01,27.7,20.0125,44.583333333333336,29.339539534335614,21.34183096402058,24.5409143921466,0,0,0,0.0,LOW,0,1.0
2023-01-02,27.7,19.53333333333333,48.083333333333336,31.26703338577778,20.91062129122149,25.053186129044008,0,0,0,0.0,LOW,0,1.0
2023-01-03,27.4,20.066666666666663,46.083333333333336,28.42780307777779,20.233262568212076,23.51107877203836,0,0,0,0.0,LOW,0,1.0
2023-01-04,25.1,18.625,42.16666666666666,29.68444338090456,16.913721337994826,22.02201015515872,0,0,0,0.0,LOW,0,1.0
2023-01-05,25.9,18.65,42.41666666666666,32.918915393615535,19.525211509263567,24.882693063004357,0,25,0,7.5,LOW,0,1.0
2023-01-06,28.8,21.75,43.333333333333336,28.47121033735114,22.870570270097424,25.11082629699891,0,0,0,0.0,LOW,0,1.015
2023-01-07,30.0,23.375,50.79166666666666,29.167844777777727,23.722709426712584,25.90076356713864,25,0,0,7.5,LOW,0,1.039
2023-01-08,29.9,22.758333333333336,53.54166666666666,28.80971341106447,23.84668976375875,25.83189922268104,0,0,0,0.0,LOW,0,1.037
2023-01-09,29.9,22.4625,53.75,28.6597882547711,23.6271336985921,25.640195521063703,0,0,0,0.0,LOW,0,1.037
2023-01-10,29.9,22.016666666666666,51.16666666666666,28.465861756364493,23.37904614482592,25.41377238944135,0,0,0,0.0,LOW,0,1.037
2023-01-11,29.9,22.2,46.083333333333336,28.465861756364493,23.24916575086088,25.335844153062325,0,0,0,0.0,LOW,0,1.037
2023-01-12,29.1,22.883333333333336,53.583333333333336,28.291017706337755,23.332741936638616,25.31605224451827,0,0,0,0.0,LOW,0,1.021
2023-01-13,26.2,19.383333333333333,39.083333333333336,30.42579632439122,19.576275974860646,23.91608411467288,0,0,0,0.0,LOW,0,1.0
2023-01-14,25.7,18.104166666666668,44.29166666666666,31.55496649743121,19.149822033407645,24.11187981901707,0,0,0,0.0,LOW,0,1.0
2023-01-15,25.2,17.241666666666667,35.375,33.63074529363551,18.25968103789522,24.408106740191336,0,25,0,7.5,LOW,0,1.0
2023-01-16,26.0,16.854166666666668,36.54166666666666,38.95957531905552,18.27674689672373,26.54987826565645,0,50,0,15.0,LOW,0,1.0
2023-01-17,27.1,18.225,31.875,32.06044617559777,19.576885501785785,24.570309771310576,0,25,0,7.5,LOW,0,1.0
2023-01-18,27.9,19.016666666666666,34.791666666666664,32.20203447418448,19.81938752816633,24.772446306573592,0,25,0,7.5,LOW,0,1.0
2023-01-19,29.2,20.4875,39.208333333333336,30.427723461217813,21.826838090603918,25.267192238849475,0,0,0,0.0,LOW,0,1.023
2023-01-20,29.0,20.45,40.41666666666666,31.74548314579552,22.45116676616617,26.16889331801791,0,0,0,0.0,LOW,0,1.019
2023-01-21,27.8,20.09583333333333,35.333333333333336,32.60248236111116,20.79117255477728,25.51569647731083,0,25,0,7.5,LOW,0,1.0
2023-01-22,25.5,18.508333333333333,37.333333333333336,34.02192741572443,18.816522900832584,24.89868470678932,0,25,0,7.5,LOW,0,1.0
2023-01-23,25.9,18.191666666666663,44.79166666666666,33.15897420881779,19.5478569774573,24.992303870001493,0,25,0,7.5,LOW,0,1.0
2023-01-24,26.2,18.79583333333333,46.25,30.43834490527111,20.03452495941071,24.19605293775487,0,0,0,0.0,LOW,0,1.0
2023-01-25,26.4,19.03333333333333,37.91666666666666,32.12492443055103,18.798510247464044,24.12907592069884,0,25,0,7.5,LOW,0,1.0
2023-01-26,27.6,19.73333333333333,36.25,32.04173357548441,21.692197313427897,25.8320118182505,0,25,0,7.5,LOW,0,1.0
2023-01-27,28.9,21.383333333333336,49.125,28.1825764545045,23.059487105966443,25.108722845381664,0,0,0,0.0,LOW,0,1.017
2023-01-28,28.7,22.71666666666667,55.16666666666666,28.47956608015781,23.556012765708665,25.52543409148832,0,0,0,0.0,LOW,0,1.013
2023-01-29,28.0,21.27083333333333,73.58333333333333,28.27484308711111,24.927834490096995,26.26663792890264,0,0,0,0.0,LOW,0,1.0
2023-01-30,28.1,20.820833333333333,69.16666666666667,27.253170970684494,23.62331522287817,25.075257522000697,0,0,0,0.0,LOW,0,1.002
2023-01-31,27.9,20.7625,55.16666666666666,26.897041041164485,20.86222248651415,23.27614990837429,0,0,0,0.0,LOW,0,1.0
2023-02-01,27.2,20.195833333333333,51.333333333333336,26.66329010228452,20.95241453645245,23.23676476278528,0,0,0,0.0,LOW,0,1.0
2023-02-02,29.2,20.379166666666663,39.625,29.92064094385784,20.470825722226508,24.25075181087904,0,0,0,0.0,LOW,0,1.023
2023-02-03,30.0,21.25,40.75,29.24766109899557,22.277389762529243,25.065498297115777,25,0,0,7.5,LOW,0,1.039
2023-02-04,30.6,21.025,42.625,30.611561541875613,22.538101681343235,25.767485625556187,25,0,0,7.5,LOW,0,1.051
2023-02-05,31.7,22.0625,43.708333333333336,29.917249037404456,23.91080580402019,26.31338309737389,25,0,0,7.5,LOW,0,1.073
2023-02-06,30.2,22.329166666666666,53.583333333333336,28.866478765991165,23.935829312673743,25.908089094000715,25,0,0,7.5,LOW,0,1.043
2023-02-07,31.3,23.27916666666667,55.708333333333336,29.625042102195568,24.18042976424928,26.358274699427792,25,0,0,7.5,LOW,0,1.065
2023-02-08,31.6,22.60833333333333,40.25,29.56689004227557,23.62756759874912,26.0032965761597,25,0,0,7.5,LOW,0,1.071
2023-02-09,33.1,23.741666666666664,39.79166666666666,30.909987582984478,24.7026223632964,27.185568451171623,25,0,0,7.5,LOW,0,1.102
2023-02-10,32.8,23.929166666666664,39.125,30.811968624551103,24.385498570683644,26.956086592230623,25,0,0,7.5,LOW,0,1.096
2023-02-11,30.0,22.35833333333333,56.25,28.553710244444435,23.918640965844425,25.77266867728443,25,0,0,7.5,LOW,0,1.039
2023-02-12,32.9,24.40833333333333,43.208333333333336,30.59000491753779,23.35896342725676,26.251380023369173,25,0,0,7.5,LOW,0,1.098
2023-02-13,31.5,22.854166666666668,25.666666666666668,29.343333809555613,21.97520502895148,24.92245654119313,25,0,0,7.5,LOW,0,1.069
2023-02-14,33.0,23.079166666666666,31.791666666666668,30.627495551555597,23.301389506506165,26.23183192452593,25,0,0,7.5,LOW,0,1.1
2023-02-15,35.2,24.7125,33.958333333333336,34.69999324755558,26.819030318609656,29.97141549018803,50,25,25,32.5,MODERATE,0,1.147
2023-02-16,36.9,25.925,35.208333333333336,34.20481978613112,26.42509040630331,29.53698215823443,50,25,25,32.5,MODERATE,0,1.185
2023-02-17,36.5,26.425,31.83333333333333,33.817105030611174,25.342687772388448,28.732454675677538,50,25,25,32.5,MODERATE,0,1.176
2023-02-18,36.5,26.875,33.25,34.10065370377778,26.65759416678314,29.634817981580994,50,25,25,32.5,MODERATE,0,1.176
2023-02-19,36.4,26.691666666666663,35.958333333333336,34.10880824851552,27.118238142847623,29.914466185114783,50,25,25,32.5,MODERATE,0,1.174
2023-02-20,36.5,26.579166666666666,33.958333333333336,33.9010565695556,26.50811065725158,29.465289022173188,50,25,25,32.5,MODERATE,0,1.176
2023-02-21,34.5,25.266666666666666,37.708333333333336,32.15069626705559,25.62053851183623,28.23260161392397,25,25,25,25.0,MODERATE,0,1.132
2023-02-22,33.9,25.15416666666667,45.083333333333336,31.82759230588444,27.036957193607567,28.953211238518318,25,0,25,17.5,LOW,0,1.119
2023-02-23,33.7,25.15,42.25,31.430898582657772,25.80977254015936,28.058222957158726,25,0,25,17.5,LOW,0,1.115
2023-02-24,34.7,25.575,31.5,32.16904336731557,25.282611085451364,28.037183998197044,25,25,25,25.0,MODERATE,0,1.136
2023-02-25,34.6,25.491666666666664,32.625,32.18301123553778,25.89271230926764,28.408831879775697,25,25,25,25.0,MODERATE,0,1.134
2023-02-26,34.9,25.841666666666665,32.583333333333336,32.35642077819554,25.31300496408296,28.13037128972799,25,25,25,25.0,MODERATE,0,1.141
2023-02-27,36.0,27.15833333333333,28.041666666666668,33.33863418311114,25.848980629133155,28.84484205072435,50,25,25,32.5,MODERATE,0,1.165
2023-02-28,35.9,27.325,26.416666666666668,33.243763026531155,26.00763623402676,28.90208695102852,50,25,25,32.5,MODERATE,0,1.163
2023-03-01,36.4,28.1375,27.20833333333333,33.72086218583111,26.303431802361043,29.270403955749067,50,25,25,32.5,MODERATE,0,1.174
2023-03-02,37.1,28.329166666666666,26.70833333333333,34.40038627155558,26.791133716203817,29.83483473834453,50,25,25,32.5,MODERATE,0,1.189
2023-03-03,38.3,29.625,23.70833333333333,35.73570690651556,27.7893031938046,30.96786467888898,50,25,25,32.5,MODERATE,0,1.217
2023-03-04,38.7,30.379166666666663,21.5,36.15734535771563,27.87007604918708,31.184983772598496,50,25,25,32.5,MODERATE,0,1.226
2023-03-05,37.4,30.3,27.45833333333333,35.35915752929781,27.549817350560534,30.67355342205545,50,25,25,32.5,MODERATE,0,1.196
2023-03-06,36.4,28.254166666666663,33.5,34.10880824851552,26.701691511904183,29.66453820654872,50,25,25,32.5,MODERATE,0,1.174
2023-03-07,35.1,27.183333333333334,39.125,33.0417194786756,27.13102774886083,29.495304440786736,50,25,25,32.5,MODERATE,0,1.145
2023-03-08,36.0,28.1125,26.375,33.49075753644447,26.23186157839224,29.13541996161313,50,25,25,32.5,MODERATE,0,1.165
2023-03-09,35.4,27.775,30.416666666666668,32.896828921564435,25.566019807422503,28.49834345307928,50,25,25,32.5,MODERATE,0,1.151
2023-03-10,35.5,27.71666666666667,24.83333333333333,32.86702177661113,25.18609312431948,28.25846458523614,50,25,25,32.5,MODERATE,0,1.154
2023-03-11,36.1,28.1125,23.166666666666668,33.507294870995594,26.07504638987624,29.047945782323985,50,25,25,32.5,MODERATE,0,1.167
2023-03-12,37.4,29.09583333333333,22.541666666666668,34.80555209619558,26.63924120458044,29.90576556122649,50,25,25,32.5,MODERATE,0,1.196
2023-03-13,37.9,30.375,22.416666666666668,35.319136955795585,26.858015719085884,30.242464213769765,50,25,25,32.5,MODERATE,0,1.208
2023-03-14,37.8,30.166666666666668,23.125,35.09322673799115,26.58764120458043,29.98987541794472,50,25,25,32.5,MODERATE,0,1.205
2023-03-15,34.5,28.4375,27.20833333333333,32.30593905794451,24.15920277919051,27.41789729069211,25,25,0,15.0,LOW,0,1.132
2023-03-16,36.0,28.4375,35.75,34.047797027555575,26.906964490476856,29.763297505308344,50,25,25,32.5,MODERATE,0,1.165
2023-03-17,33.0,27.09166666666667,48.66666666666666,31.389669071997893,26.08640549731966,28.207710927190952,25,0,25,17.5,LOW,0,1.1
2023-03-18,33.9,26.34166666666667,56.125,32.98636029823112,27.30648397197878,29.57843450247972,25,25,25,25.0,MODERATE,0,1.119
2023-03-19,33.0,25.4625,55.25,31.754798024551103,27.102305009489346,28.963302215514048,25,0,25,17.5,LOW,0,1.1
2023-03-20,32.7,26.05,49.0,31.154972367517832,25.37256479787781,27.68552782573382,25,0,25,17.5,LOW,0,1.094
2023-03-21,33.5,26.766666666666666,47.083333333333336,31.718108318444493,26.243429096134737,28.43330078505864,25,0,25,17.5,LOW,0,1.111
2023-03-22,32.7,26.73333333333333,48.66666666666666,31.91488992242449,27.34610463297323,29.17361874875373,25,0,25,17.5,LOW,0,1.094
2023-03-23,33.9,27.84583333333333,50.958333333333336,33.152375537971174,27.691739985506576,29.87599420649241,25,25,25,25.0,MODERATE,0,1.119
2023-03-24,33.5,27.291666666666668,49.54166666666666,31.6187126950556,25.24934963572626,27.797094859458,25,0,25,17.5,LOW,0,1.111
2023-03-25,32.6,26.166666666666668,44.29166666666666,30.68622041427558,25.47346771787268,27.55856879643384,25,0,25,17.5,LOW,0,1.092
2023-03-26,33.8,26.72083333333333,37.5,31.66978244883561,25.69864398213962,28.087099368818016,25,0,25,17.5,LOW,0,1.117
2023-03-27,35.2,27.416666666666668,29.166666666666668,32.7729342312178,26.357742464610016,28.92381917125313,50,25,25,32.5,MODERATE,0,1.147
2023-03-28,35.0,27.47083333333333,29.70833333333333,32.65047505555558,26.64078747232204,29.044662505615456,50,25,25,32.5,MODERATE,0,1.143
2023-03-29,36.0,29.1125,32.375,33.933736896275555,27.35929576935776,29.989072220124875,50,25,25,32.5,MODERATE,0,1.165
2023-03-30,32.4,27.0,53.79166666666666,32.31731931987563,27.586160758789124,29.47862418322372,25,25,25,25.0,MODERATE,0,1.087
2023-03-31,33.3,26.570833333333336,51.833333333333336,31.603556700157817,25.898146493420207,28.180310576115254,25,0,25,17.5,LOW,0,1.106
2023-04-01,35.0,28.066666666666663,49.708333333333336,33.297485255555564,27.16854450056384,29.62012080256053,50,25,25,32.5,MODERATE,0,1.143
2023-04-02,35.2,28.379166666666663,38.625,33.53309114643562,27.343691511904183,29.819451365716763,50,25,25,32.5,MODERATE,0,1.147
2023-04-03,36.6,29.34583333333333,40.0,34.74409493427558,27.55910978041506,30.433103841959262,50,25,25,32.5,MODERATE,0,1.178
2023-04-04,35.1,29.166666666666668,43.25,34.817268934771135,28.694750427303067,31.14375783029029,50,25,50,42.5,MODERATE,0,1.145
2023-04-05,36.7,30.070833333333336,36.375,34.7845285346111,28.19057642555993,30.828157269180394,50,25,50,42.5,MODERATE,0,1.18
2023-04-06,37.4,30.008333333333336,28.45833333333333,34.80555209619558,27.856187890025996,30.635933572493823,50,25,25,32.5,MODERATE,0,1.196
2023-04-07,36.7,30.379166666666663,25.166666666666668,34.565035485057805,27.10384917538704,30.088323699255344,50,25,25,32.5,MODERATE,0,1.18
2023-04-08,37.1,31.1125,30.375,35.70851699167115,28.894164206183817,31.61990532037875,50,25,50,42.5,MODERATE,0,1.189
2023-04-09,38.7,31.73333333333333,25.125,36.502040487617805,28.92868094007449,31.958024759091813,50,25,50,42.5,MODERATE,0,1.226
2023-04-10,39.5,32.670833333333334,24.041666666666668,37.30684383073781,29.47189695495203,32.60587570526634,50,25,50,42.5,MODERATE,0,1.245
2023-04-11,40.0,33.141666666666666,26.166666666666668,38.38935690329778,29.5855908247578,33.107097256173795,75,50,50,57.5,HIGH,0,1.257
2023-04-12,39.5,32.34583333333334,27.666666666666668,37.8841498357778,29.121066536842164,32.626299856416416,50,25,50,42.5,MODERATE,0,1.245
2023-04-13,39.4,32.112500000000004,29.25,37.30684383073781,28.542603301722377,32.04829951332855,50,25,50,42.5,MODERATE,0,1.243
2023-04-14,39.8,32.362500000000004,28.041666666666668,37.77555870721781,29.492987768342484,32.80601614389262,50,25,50,42.5,MODERATE,0,1.252
2023-04-15,39.5,32.045833333333334,29.70833333333333,37.8841498357778,29.822629502623094,33.047237635884976,50,25,50,42.5,MODERATE,0,1.245
2023-04-16,39.6,31.85,31.875,37.12456357779558,29.509605188627845,32.555588544294935,50,25,50,42.5,MODERATE,0,1.247
2023-04-17,40.8,33.045833333333334,30.95833333333333,38.45410231251557,30.42060348198717,33.634003014198534,75,50,50,57.5,HIGH,0,1.276
2023-04-18,40.4,33.541666666666664,27.70833333333333,38.75418723571559,30.20361978752256,33.62384676679977,75,50,50,57.5,HIGH,0,1.267
2023-04-19,40.2,33.920833333333334,25.45833333333333,38.38935690329778,29.54605498960099,33.08337575507971,75,50,50,57.5,HIGH,0,1.262
2023-04-20,38.0,32.40416666666667,28.166666666666668,36.24759186044451,28.202195574594956,31.420354088934776,50,25,50,42.5,MODERATE,0,1.21
2023-04-21,38.5,31.6,36.16666666666666,36.275707823777765,28.137847421671218,31.39299158251384,50,25,50,42.5,MODERATE,0,1.222
2023-04-22,38.9,31.941666666666663,30.95833333333333,36.20923459733117,27.78022012534267,31.15182591413807,50,25,25,32.5,MODERATE,0,1.231
2023-04-23,40.4,32.22083333333333,26.83333333333333,37.20512295276447,27.61655150260566,31.451980082669184,75,25,25,40.0,MODERATE,0,1.267
2023-04-24,39.5,31.854166666666668,15.625,36.11186625355556,26.37623374091042,30.27048674596848,50,25,25,32.5,MODERATE,0,1.245
2023-04-25,40.0,32.25833333333333,16.708333333333332,36.82807374444446,27.98551271642889,31.52253712763512,75,25,25,40.0,MODERATE,0,1.257
2023-04-26,39.7,32.229166666666664,28.375,38.13578312345779,29.01548403615393,32.66360367107548,50,50,50,50.0,HIGH,0,1.25
2023-04-27,38.3,31.6625,41.708333333333336,37.28988247135115,28.98924811355897,32.309501856675844,50,25,50,42.5,MODERATE,0,1.217
2023-04-28,38.4,32.141666666666666,36.458333333333336,37.67941098387561,29.53828403615393,32.794734815242606,50,25,50,42.5,MODERATE,0,1.219
2023-04-29,34.2,28.416666666666668,54.79166666666666,33.93183322412451,27.855677680499845,30.28613989794971,25,25,25,25.0,MODERATE,0,1.125
2023-04-30,32.6,26.479166666666668,64.625,32.905686405484474,28.171786963538445,30.06534674031685,25,25,50,35.0,MODERATE,0,1.092
2023-05-01,34.6,28.141666666666666,54.875,34.10577632967112,27.98994135938078,30.436275347496917,25,25,25,25.0,MODERATE,0,1.134
2023-05-02,35.0,28.4625,57.208333333333336,35.33981687777781,29.822568475425367,32.029467836366344,50,25,50,42.5,MODERATE,0,1.143
2023-05-03,34.4,29.84166666666667,50.208333333333336,35.01117433583116,29.635435848785956,31.785731243604037,25,25,50,35.0,MODERATE,0,1.13
2023-05-04,37.5,31.675,43.958333333333336,37.6957981944445,30.66432898547608,33.47691666906345,50,25,50,42.5,MODERATE,0,1.198
2023-05-05,38.7,32.00416666666667,44.125,38.67545768775785,31.184368406957677,34.180804119277745,50,50,75,60.0,HIGH,0,1.226
2023-05-06,37.6,32.09583333333333,45.625,37.30808019103112,29.45955650533957,32.59896597961619,50,25,50,42.5,MODERATE,0,1.201
2023-05-07,40.0,33.983333333333334,38.958333333333336,40.35990904444444,30.853042907545696,34.65578936230519,75,50,50,57.5,HIGH,0,1.257
2023-05-08,40.2,33.92916666666667,34.75,39.6005813353578,30.93265602999627,34.39982615214088,75,50,50,57.5,HIGH,0,1.262
2023-05-09,42.7,34.733333333333334,33.458333333333336,41.00109455322446,31.455990126652377,35.27403189728121,75,50,75,67.5,HIGH,0,1.323
2023-05-10,43.3,34.74583333333333,21.5,40.32430210569557,29.604035723473853,33.892142276362534,75,50,50,57.5,HIGH,0,1.339
2023-05-11,43.1,34.97083333333333,18.875,40.32891583511115,29.760230091639844,33.987704389028366,75,50,50,57.5,HIGH,0,1.333
2023-05-12,43.6,35.645833333333336,20.83333333333333,40.30569731436448,29.396546474069336,33.7602068101874,75,50,50,57.5,HIGH,0,1.346
2023-05-13,43.7,35.829166666666666,27.58333333333333,41.49125952339557,30.711952585077764,35.02367536040489,75,50,50,57.5,HIGH,0,1.349
2023-05-14,42.7,34.97083333333333,37.41666666666666,41.78347337787558,31.54571499414356,35.64081834763637,75,50,75,67.5,HIGH,0,1.323
2023-05-15,41.9,33.608333333333334,51.083333333333336,42.43595682812449,31.88377907594799,36.1046501768186,75,50,75,67.5,HIGH,0,1.303
2023-05-16,41.6,33.45,52.66666666666666,42.63398697482441,32.066317447836184,36.293385258631474,75,50,75,67.5,HIGH,0,1.296
2023-05-17,41.3,33.608333333333334,50.04166666666666,41.28468026803562,31.96075761544513,35.69032667648133,75,50,75,67.5,HIGH,0,1.289
2023-05-18,40.7,33.6375,46.5,41.68850828844455,32.21785386837714,36.006115636404104,75,50,75,67.5,HIGH,0,1.274
2023-05-19,42.0,34.81666666666667,42.54166666666666,43.19437673663117,32.91543697712457,37.02701288092721,75,75,75,75.0,EXTREME,1,1.306
2023-05-20,42.1,34.84166666666667,42.54166666666666,42.98942316219557,32.66253315966737,36.793289160678654,75,50,75,67.5,HIGH,0,1.308
2023-05-21,41.7,34.61666666666667,44.5,41.65353473215112,31.839193893631997,35.76493022903964,75,50,75,67.5,HIGH,0,1.298
2023-05-22,41.5,33.75,49.04166666666666,41.79699492045111,31.99639917870467,35.91663747540325,75,50,75,67.5,HIGH,0,1.293
2023-05-23,40.9,33.59583333333333,51.16666666666666,41.25439422963559,31.31091944631928,35.2883093596458,75,50,75,67.5,HIGH,0,1.279
2023-05-24,42.6,34.270833333333336,48.29166666666666,43.02620105697562,31.65365649428542,36.20267431936151,75,75,75,75.0,EXTREME,1,1.321
2023-05-25,41.6,34.041666666666664,45.75,41.58078392503119,30.77601975841821,35.09792542506341,75,50,50,57.5,HIGH,0,1.296
2023-05-26,41.3,33.30416666666667,50.75,43.32602275819553,31.190831228002256,36.04490784007956,75,75,75,75.0,EXTREME,1,1.289
2023-05-27,42.3,33.77916666666667,51.375,43.5797896681578,31.740674974930265,36.47632085222128,75,75,75,75.0,EXTREME,2,1.313
2023-05-28,39.4,33.25416666666667,51.29166666666666,43.73397665827559,32.376643020773884,36.91957647577456,50,75,75,67.5,HIGH,0,1.243
2023-05-29,36.9,30.391666666666666,61.333333333333336,39.23963494237114,30.435850909506453,33.95736452265233,50,50,50,50.0,HIGH,0,1.185
2023-05-30,37.7,30.854166666666668,59.25,40.57779183609559,32.073346657501524,35.47512472893915,50,50,75,60.0,HIGH,0,1.203
2023-05-31,39.9,33.166666666666664,42.458333333333336,40.04780723500451,30.955913691787057,34.59267110907404,50,50,50,50.0,HIGH,0,1.255
2023-06-01,41.7,33.916666666666664,45.04166666666666,41.488846309235605,30.4580995575732,34.87039825823816,75,50,50,57.5,HIGH,0,1.298
2023-06-02,40.7,33.81666666666667,53.958333333333336,43.13459541111117,31.84133247445512,36.35863764911754,75,75,75,75.0,EXTREME,1,1.274
2023-06-03,39.4,32.858333333333334,58.41666666666666,43.53650995119117,32.817163274846585,37.10490194538442,50,75,75,67.5,HIGH,0,1.243
2023-06-04,40.6,33.5625,56.833333333333336,43.03333522994446,32.15460351323288,36.50609619991751,75,75,75,75.0,EXTREME,1,1.271
2023-06-05,41.6,34.30416666666667,53.458333333333336,44.58839399444448,32.94436096638318,37.6019741776077,75,75,75,75.0,EXTREME,2,1.296
2023-06-06,41.6,34.0875,52.91666666666666,43.32602275819553,32.69931263517901,36.94999668438562,75,75,75,75.0,EXTREME,3,1.296
2023-06-07,42.4,34.579166666666666,51.958333333333336,43.85926085427556,32.76314132993268,37.20158913966984,75,75,75,75.0,EXTREME,4,1.316
2023-06-08,41.5,34.77916666666667,50.125,44.06229884092451,32.70534185763814,37.24812465095269,75,75,75,75.0,EXTREME,5,1.293
2023-06-09,41.8,34.78333333333333,48.54166666666666,43.268345465591146,32.23446448141058,36.64801687508281,75,75,75,75.0,EXTREME,6,1.301
2023-06-10,41.0,34.2125,51.458333333333336,44.04375904639112,32.554883162545025,37.15043351608347,75,75,75,75.0,EXTREME,7,1.281
2023-06-11,39.3,33.31666666666667,55.833333333333336,43.631261812611086,31.683578304741246,36.46265170788918,50,75,75,67.5,HIGH,0,1.24
2023-06-12,39.3,32.78333333333333,57.0,42.23902266866449,31.015631228002256,35.504987804267145,50,50,75,60.0,HIGH,0,1.24
2023-06-13,36.8,31.945833333333336,63.16666666666666,42.43650502865787,30.22384599052431,35.10890960577773,50,50,50,50.0,HIGH,0,1.183
2023-06-14,36.7,31.308333333333334,65.75,42.83909740851561,30.413734778128607,35.38387983028341,50,50,50,50.0,HIGH,0,1.18
2023-06-15,34.3,29.7125,71.79166666666667,38.70984559563564,27.46302627116608,31.9617540009539,25,50,25,32.5,MODERATE,0,1.128
2023-06-16,36.0,29.8,72.08333333333333,41.41854391155563,28.130050399362112,33.44544780423952,50,50,50,50.0,HIGH,0,1.165
2023-06-17,34.5,30.175,68.66666666666667,39.88022217177785,28.51280324981137,33.05977081859796,25,50,50,42.5,MODERATE,0,1.132
2023-06-18,36.6,31.475,62.208333333333336,41.14959698689782,29.129324991628057,33.93743378973596,50,50,50,50.0,HIGH,0,1.178
2023-06-19,37.6,31.804166666666664,61.79166666666666,42.96248666220456,31.166625498057392,35.88496996371626,50,50,75,60.0,HIGH,0,1.201
2023-06-20,37.8,32.25416666666667,58.958333333333336,41.28011848668445,30.482461641931064,34.801524379832415,50,50,50,50.0,HIGH,0,1.205
2023-06-21,39.0,32.954166666666666,55.91666666666666,42.48817846243557,31.67989585389729,36.003208897312604,50,50,75,60.0,HIGH,0,1.233
2023-06-22,38.5,33.0,56.833333333333336,42.7314179879444,32.01176469267742,36.29962601078421,50,50,75,60.0,HIGH,0,1.222
2023-06-23,38.8,33.38333333333333,56.0,42.48817846243557,31.267755873541937,35.75592490909939,50,50,75,60.0,HIGH,0,1.229
2023-06-24,36.1,31.825,61.583333333333336,40.43800889463115,30.315127694898827,34.36428017479176,50,50,50,50.0,HIGH,0,1.167
2023-06-25,35.8,29.679166666666664,75.83333333333333,41.77429078807121,31.811204352305783,35.796438926611955,50,50,75,60.0,HIGH,0,1.16
2023-06-26,31.1,27.729166666666668,85.83333333333333,36.96948016347562,28.39032311002882,31.82198593140754,25,25,50,35.0,MODERATE,0,1.061
2023-06-27,29.9,27.70833333333333,85.70833333333333,35.75722778935101,27.858086080557623,31.01774276407498,0,25,25,17.5,LOW,0,1.037
2023-06-28,32.8,27.8125,87.95833333333333,40.65317770487115,30.77523537302393,34.72641230576282,25,50,50,42.5,MODERATE,0,1.096
2023-06-29,29.4,26.804166666666664,90.75,35.162845805564515,27.437916600051583,30.527888282256757,0,25,25,17.5,LOW,0,1.027
2023-06-30,27.9,26.05,93.875,32.95960282465777,26.283987561891145,28.954233666997798,0,25,25,17.5,LOW,0,1.0
2023-07-01,29.8,26.34583333333333,93.16666666666669,37.05922669041773,28.785544907700206,32.09501762078722,0,25,50,27.5,MODERATE,0,1.035
2023-07-02,33.1,28.8625,82.75,41.69025567407118,30.94619860300285,35.243821431430185,25,50,50,42.5,MODERATE,0,1.102
2023-07-03,33.9,29.97083333333333,78.0,43.17699356388446,32.52632370103748,36.78659164617627,25,75,75,60.0,HIGH,0,1.119
2023-07-04,33.8,30.02916666666667,80.70833333333333,43.76278992695126,32.13509352250891,36.78617208428585,25,75,75,60.0,HIGH,0,1.117
2023-07-05,33.6,29.258333333333336,82.58333333333333,42.98917633367119,31.936246092508565,36.35741818897361,25,50,75,52.5,HIGH,0,1.113
2023-07-06,31.4,28.175,87.29166666666667,40.04366063943112,29.84170408464324,33.92248670655839,25,50,50,42.5,MODERATE,0,1.067
2023-07-07,31.2,27.954166666666666,87.91666666666667,38.81561699499562,29.770409218171423,33.3884923289011,25,50,50,42.5,MODERATE,0,1.063
2023-07-08,32.1,27.954166666666666,87.66666666666667,40.336024129697776,30.296672893409397,34.31241338792475,25,50,50,42.5,MODERATE,0,1.081
2023-07-09,30.2,27.325,89.54166666666667,37.412816272124616,28.441340747991013,32.02993095764445,25,25,50,35.0,MODERATE,0,1.043
2023-07-10,31.0,26.683333333333334,92.125,39.50222479155551,29.140476038010803,33.285175539428685,25,50,50,42.5,MODERATE,0,1.059
2023-07-11,32.3,28.525,83.16666666666667,41.30118542689564,29.87133321795776,34.44327410153291,25,50,50,42.5,MODERATE,0,1.085
2023-07-12,32.7,28.695833333333336,82.70833333333333,41.717281624504615,31.094536062050768,35.34363428703231,25,50,75,52.5,HIGH,0,1.094
2023-07-13,32.4,28.9125,81.625,40.09279065287127,30.278926951551803,34.20447243207959,25,50,50,42.5,MODERATE,0,1.087
2023-07-14,32.8,28.90833333333333,80.25,39.72086129665786,30.483277213335963,34.17831084666472,25,50,50,42.5,MODERATE,0,1.096
2023-07-15,29.7,27.89583333333333,85.20833333333333,37.02525314308462,28.934897688911057,32.17103987058048,0,25,50,27.5,MODERATE,0,1.033
2023-07-16,33.1,29.1375,77.45833333333333,39.26991952877112,30.67880320020575,34.1152497316319,25,50,50,42.5,MODERATE,0,1.102
2023-07-17,32.6,29.291666666666668,78.66666666666667,40.65317770487115,31.09683537302393,34.91937230576282,25,50,75,52.5,HIGH,0,1.092
2023-07-18,31.0,28.120833333333334,87.29166666666667,39.83783645644454,29.614801951924512,33.70401575373252,25,50,50,42.5,MODERATE,0,1.059
2023-07-19,31.1,27.6375,90.33333333333331,40.50104811471791,31.254781347269336,34.953288054248766,25,50,75,52.5,HIGH,0,1.061
2023-07-20,32.7,27.79583333333333,89.08333333333333,42.93984714041781,31.237273528627743,35.91830297334377,25,50,75,52.5,HIGH,0,1.094
2023-07-21,32.8,28.775,84.70833333333333,42.42346980385773,31.760729201966186,36.025825442722805,25,50,75,52.5,HIGH,0,1.096
2023-07-22,31.3,27.6875,88.25,39.40094385771561,31.17800921817142,34.4671830739891,25,50,75,52.5,HIGH,0,1.065
2023-07-23,31.9,27.85,88.79166666666667,40.47828533753773,29.82291354955788,34.08506226474982,25,50,50,42.5,MODERATE,0,1.077
2023-07-24,31.4,27.816666666666663,86.125,40.04366063943112,29.79640591226818,33.89530780313336,25,50,50,42.5,MODERATE,0,1.067
2023-07-25,31.7,27.883333333333336,86.41666666666667,39.88822849001779,29.5234728934094,33.66937513205275,25,50,50,42.5,MODERATE,0,1.073
2023-07-26,32.1,28.254166666666663,84.66666666666667,40.704078368415566,30.59815189438693,34.64052248399838,25,50,50,42.5,MODERATE,0,1.081
2023-07-27,33.0,28.6375,83.33333333333333,41.403484995111086,31.245960181261268,35.3089701068012,25,50,75,52.5,HIGH,0,1.1
2023-07-28,31.9,28.1,83.79166666666667,39.06988406427577,29.257537896453528,33.182476363582424,25,50,50,42.5,MODERATE,0,1.077
2023-07-29,31.7,27.745833333333334,82.20833333333333,38.86094437290459,29.310799367911194,33.130857369908554,25,50,50,42.5,MODERATE,0,1.073
2023-07-30,31.4,27.766666666666666,82.16666666666667,38.051438537884536,28.83647808616471,32.52246226685264,25,50,50,42.5,MODERATE,0,1.067
2023-07-31,31.3,27.21666666666667,86.54166666666667,39.40094385771561,30.24742435710841,33.90883215735129,25,50,50,42.5,MODERATE,0,1.065
2023-08-01,31.6,27.854166666666668,84.0,38.692929311715645,28.89029128102402,32.81134649330067,25,50,50,42.5,MODERATE,0,1.071
2023-08-02,32.8,28.5875,78.58333333333333,39.36290717779549,29.154827490174508,33.2380593652229,25,50,50,42.5,MODERATE,0,1.096
2023-08-03,31.2,28.20833333333333,80.33333333333333,36.96948016347562,27.62668737122665,31.36380448812624,25,25,25,25.0,MODERATE,0,1.063
2023-08-04,31.7,28.15416666666667,82.75,38.53040728683566,29.066851819991747,32.85227400672931,25,50,50,42.5,MODERATE,0,1.073
2023-08-05,32.3,28.9625,80.04166666666667,38.77103398500444,29.53428246128241,33.22898307077122,25,50,50,42.5,MODERATE,0,1.085
2023-08-06,32.6,28.8625,77.04166666666667,38.51466065153786,28.417550020336023,32.45639427281676,25,50,50,42.5,MODERATE,0,1.092
2023-08-07,32.0,28.570833333333336,73.5,37.07428412177793,27.451248461903905,31.300462725853517,25,25,25,25.0,MODERATE,0,1.079
2023-08-08,32.0,28.758333333333336,73.79166666666667,37.691331245777945,27.876368830363937,31.802353796529538,25,25,25,25.0,MODERATE,0,1.079
2023-08-09,31.9,28.48333333333333,76.29166666666667,37.57446888753559,28.7342168696562,32.27031767680796,25,25,50,35.0,MODERATE,0,1.077
2023-08-10,32.0,27.98333333333333,80.58333333333333,38.20581567725109,29.170297195345235,32.78450458810757,25,50,50,42.5,MODERATE,0,1.079
2023-08-11,31.9,28.1,78.125,36.84174641063781,29.499367104368368,32.436318826876146,25,25,50,35.0,MODERATE,0,1.077
2023-08-12,31.7,27.92083333333333,79.08333333333333,37.4325310240712,29.40491753426391,32.615962930186825,25,25,50,35.0,MODERATE,0,1.073
2023-08-13,32.3,28.679166666666664,73.45833333333333,37.54580958161787,28.379568830363937,32.046065130865514,25,25,50,35.0,MODERATE,0,1.085
2023-08-14,32.5,28.78333333333333,75.0,37.94237669444462,28.93075136366536,32.53540149597706,25,25,50,35.0,MODERATE,0,1.09
2023-08-15,32.4,28.991666666666664,74.16666666666667,38.353811838915625,29.197257392663637,32.85987917116443,25,50,50,42.5,MODERATE,0,1.087
2023-08-16,33.2,28.891666666666666,74.95833333333333,37.94237669444462,29.69434858873933,32.99355983102144,25,25,50,35.0,MODERATE,0,1.104
2023-08-17,32.3,28.433333333333334,73.20833333333333,37.46913364052446,28.34881160823401,31.99694042115019,25,25,50,35.0,MODERATE,0,1.085
2023-08-18,32.9,28.558333333333334,69.45833333333333,36.33079502241779,28.689004257370875,31.745720563389643,25,25,50,35.0,MODERATE,0,1.098
2023-08-19,33.3,28.695833333333336,71.79166666666667,36.90136592578457,29.446910456995784,32.428692644511294,25,25,50,35.0,MODERATE,0,1.106
2023-08-20,31.5,28.1125,75.875,36.784657198444485,28.523767104368368,31.828123141998816,25,25,50,35.0,MODERATE,0,1.069
2023-08-21,30.6,27.78333333333333,78.875,35.73459665427562,27.92676561340386,31.04989802975256,25,25,25,25.0,MODERATE,0,1.051
2023-08-22,32.8,28.8,75.95833333333333,38.3312440373155,29.52213820323479,33.04578053686707,25,50,50,42.5,MODERATE,0,1.096
2023-08-23,32.9,28.941666666666663,72.41666666666667,37.273004613464565,28.66364857131999,32.10739098817782,25,25,50,35.0,MODERATE,0,1.098
2023-08-24,33.6,29.325,70.0,38.50312205979564,28.888713708353635,32.734477048930444,25,50,50,42.5,MODERATE,0,1.113
2023-08-25,34.3,29.354166666666668,70.58333333333333,38.47331737911121,29.715831224481157,33.218825686333176,25,50,50,42.5,MODERATE,0,1.128
2023-08-26,33.7,28.7875,71.75,37.52986117420437,29.462514716343588,32.6894532994879,25,25,50,35.0,MODERATE,0,1.115
2023-08-27,34.0,28.9625,69.16666666666667,37.95779035708452,29.598140971626947,32.942000725809976,25,25,50,35.0,MODERATE,0,1.121
2023-08-28,34.7,29.058333333333334,68.45833333333333,37.56421285531556,29.334991697833672,32.626680160826425,25,25,50,35.0,MODERATE,0,1.136
2023-08-29,34.3,29.1875,67.5,38.07810072057563,29.987265904439607,33.22359983089402,25,50,50,42.5,MODERATE,0,1.128
2023-08-30,34.1,29.34166666666667,67.875,37.95779035708452,30.31023844833322,33.36925921183374,25,25,50,35.0,MODERATE,0,1.123
2023-08-31,33.8,29.566666666666663,68.45833333333333,38.402339327535685,30.68709846646986,33.773194810896186,25,50,50,42.5,MODERATE,0,1.117
2023-09-01,34.8,30.0875,63.333333333333336,38.458679509111136,31.44708734792241,34.2517242123979,25,50,75,52.5,HIGH,0,1.138
2023-09-02,34.9,30.316666666666663,60.833333333333336,38.28569183039781,30.61474514203563,33.683123817380505,25,50,50,42.5,MODERATE,0,1.141
2023-09-03,34.4,30.325,61.625,38.9300934206755,30.62388734792241,33.94636977702365,25,50,50,42.5,MODERATE,0,1.13
2023-09-04,34.5,29.941666666666663,58.16666666666666,37.483663913277866,29.97607371163173,32.97910979229019,25,25,50,35.0,MODERATE,0,1.132
2023-09-05,35.8,30.47083333333333,59.458333333333336,39.09115466508454,30.635858632575253,34.01797704557897,50,50,50,50.0,HIGH,0,1.16
2023-09-06,36.7,31.17083333333333,60.875,41.36938992655783,30.79437284516927,35.024379677724696,50,50,50,50.0,HIGH,0,1.18
2023-09-07,36.0,30.20833333333333,72.95833333333333,41.83291942311117,31.164804352305783,35.43205038062794,50,50,75,60.0,HIGH,0,1.165
2023-09-08,36.3,29.504166666666663,75.83333333333333,42.64919922295124,31.685946999490188,36.07124788887461,50,50,75,60.0,HIGH,0,1.171
2023-09-09,36.6,29.891666666666666,73.16666666666667,40.32950552940437,29.74294445073236,33.97756888220116,50,50,50,50.0,HIGH,0,1.178
2023-09-10,35.3,29.829166666666666,68.66666666666667,40.05757246347558,30.725064929851733,34.45806794330127,50,50,50,50.0,HIGH,0,1.149
2023-09-11,35.7,30.075,66.33333333333333,40.3426237854845,30.261669802601663,34.2940513957548,50,50,50,50.0,HIGH,0,1.158
2023-09-12,34.9,29.4125,68.20833333333333,38.36930317597128,29.696671758178667,33.16572432529571,25,50,50,42.5,MODERATE,0,1.141
2023-09-13,33.9,29.90833333333333,66.79166666666667,38.62769929603572,30.1279530391579,33.52785154190903,25,50,50,42.5,MODERATE,0,1.119
2023-09-14,34.3,30.2625,66.04166666666667,39.187218137617705,30.687382284945173,34.087316626014186,25,50,50,42.5,MODERATE,0,1.128
2023-09-15,32.5,29.275,72.5,38.353811838915625,29.60384257885042,33.1038302828765,25,50,50,42.5,MODERATE,0,1.09
2023-09-16,33.0,28.65,76.25,38.47331737911121,28.57284506755646,32.53303399217836,25,50,50,42.5,MODERATE,0,1.1
2023-09-17,28.0,25.92083333333333,90.54166666666669,32.73258643911113,25.516022232394672,28.402647915081253,0,25,25,17.5,LOW,0,1.0
2023-09-18,26.4,25.508333333333336,93.54166666666669,29.1433815965156,24.545546377503054,26.38468046510808,0,0,0,0.0,LOW,0,1.0
2023-09-19,29.1,26.48333333333333,88.75,33.94281318847107,26.976166732098548,29.76282531464756,0,25,25,17.5,LOW,0,1.021
2023-09-20,30.4,27.2875,88.45833333333333,38.00266040716455,29.16937553158057,32.70268948181416,25,50,50,42.5,MODERATE,0,1.047
2023-09-21,32.5,28.495833333333334,83.41666666666667,39.46122974255111,30.84375022761015,34.29074203358654,25,50,50,42.5,MODERATE,0,1.09
2023-09-22,32.2,28.5875,83.04166666666667,39.4399276395912,30.65702371895923,34.17018528721202,25,50,50,42.5,MODERATE,0,1.083
2023-09-23,31.3,28.058333333333334,86.54166666666667,39.74047668909108,30.551927648319907,34.22734726462838,25,50,50,42.5,MODERATE,0,1.065
2023-09-24,30.5,27.35833333333333,88.08333333333333,37.40986151661093,29.67488005066543,32.76887263704363,25,25,50,35.0,MODERATE,0,1.049
2023-09-25,31.0,27.454166666666666,85.875,38.21222073644439,30.616573873970545,33.654832618960086,25,50,50,42.5,MODERATE,0,1.059
2023-09-26,32.3,27.929166666666664,86.41666666666667,41.30118542689564,31.499326951551804,35.42007034168934,25,50,75,52.5,HIGH,0,1.085
2023-09-27,31.7,27.39583333333333,89.5,41.719278214895525,29.80160638454153,34.568675116683124,25,50,50,42.5,MODERATE,0,1.073
2023-09-28,33.1,27.59166666666667,88.95833333333333,43.35506363209781,32.69130582804376,36.95680894966538,25,75,75,60.0,HIGH,0,1.102
2023-09-29,34.0,28.98333333333333,78.70833333333333,41.60348779651565,31.98659757074797,35.83335366105504,25,50,75,52.5,HIGH,0,1.121
2023-09-30,35.6,29.070833333333336,67.91666666666667,39.91665920673792,31.177299654645523,34.67304347548248,50,50,75,60.0,HIGH,0,1.156
2023-10-01,35.7,28.854166666666668,64.83333333333333,40.67967030579567,31.987495213435,35.46436525037927,50,50,75,60.0,HIGH,0,1.158
2023-10-02,33.6,27.866666666666664,70.875,39.46122974255111,30.048244252179032,33.81343844832786,25,50,50,42.5,MODERATE,0,1.113
2023-10-03,33.6,27.55,67.08333333333333,39.76179563209793,29.9338021416919,33.86499953785431,25,50,50,42.5,MODERATE,0,1.113
2023-10-04,33.2,26.925,68.79166666666667,39.649617373944544,29.991447204661466,33.85471527237469,25,50,50,42.5,MODERATE,0,1.104
2023-10-05,33.0,26.816666666666663,68.29166666666667,38.81561699499562,29.67678387317772,33.33231712190488,25,50,50,42.5,MODERATE,0,1.1
2023-10-06,32.3,26.625,72.95833333333333,39.649617373944544,29.542626734764436,33.58542299043648,25,50,50,42.5,MODERATE,0,1.085
2023-10-07,32.5,27.55,74.625,37.38109409711125,30.55915136366536,33.28792845704371,25,25,50,35.0,MODERATE,0,1.09
2023-10-08,33.4,28.066666666666663,71.70833333333333,38.733145081971166,30.725611608234008,33.928624997728875,25,50,50,42.5,MODERATE,0,1.108
2023-10-09,33.6,27.695833333333336,69.0,38.60854546615113,30.46963657890582,33.725200133803945,25,50,50,42.5,MODERATE,0,1.113
2023-10-10,32.3,27.391666666666666,71.79166666666667,38.53040728683566,29.50585448413592,33.11567560521581,25,50,50,42.5,MODERATE,0,1.085
2023-10-11,33.9,28.1125,66.58333333333333,36.288948908444574,30.238798377317856,32.65885858976854,25,25,50,35.0,MODERATE,0,1.119
2023-10-12,34.5,28.704166666666666,61.708333333333336,36.23284518068442,30.50142804084825,32.79399489678272,25,25,50,35.0,MODERATE,0,1.132
2023-10-13,35.5,28.991666666666664,58.208333333333336,40.51858159279783,29.84306574632573,34.11327208491457,50,50,50,50.0,HIGH,0,1.154
2023-10-14,35.3,29.266666666666666,54.91666666666666,37.95779035708452,31.03543844833322,33.80437921183374,50,25,75,52.5,HIGH,0,1.149
2023-10-15,33.3,29.08333333333333,65.25,38.33335376355572,29.60835443622068,33.098354167154696,25,50,50,42.5,MODERATE,0,1.106
2023-10-16,34.0,27.9875,60.958333333333336,36.1001477517244,29.456103939466672,32.11372146436976,25,25,50,35.0,MODERATE,0,1.121
2023-10-17,33.6,27.433333333333334,57.91666666666666,34.16322831780448,28.769163981146555,30.92678971580973,25,25,50,35.0,MODERATE,0,1.113
2023-10-18,33.3,27.4,60.208333333333336,34.62928997659557,28.897829530652167,31.190413709029528,25,25,50,35.0,MODERATE,0,1.106
2023-10-19,33.9,28.041666666666668,54.458333333333336,35.71130804273777,28.61647263661621,31.454406799064834,25,25,50,35.0,MODERATE,0,1.119
2023-10-20,35.2,28.02083333333333,50.41666666666666,35.26385719363564,29.257112978917817,31.659810664804944,50,25,50,42.5,MODERATE,0,1.147
2023-10-21,34.5,27.54583333333333,48.41666666666666,35.688660880444495,29.556962168484844,32.0096416532687,25,25,50,35.0,MODERATE,0,1.132
2023-10-22,35.0,27.391666666666666,46.125,34.6589470200245,29.16865239653455,31.36477024593053,50,25,50,42.5,MODERATE,0,1.143
2023-10-23,34.0,27.65,46.875,34.318642408504424,28.735494456219328,30.968753637133368,25,25,50,35.0,MODERATE,0,1.121
2023-10-24,34.5,27.20833333333333,47.16666666666666,33.91986541755557,28.536485217255937,30.68983729737579,25,25,50,35.0,MODERATE,0,1.132
2023-10-25,34.0,26.5875,44.458333333333336,34.0846407567712,28.20220869257612,30.55518151825415,25,25,50,35.0,MODERATE,0,1.121
2023-10-26,34.5,26.8125,46.66666666666666,33.43419822244448,27.60624850173507,29.93742839001883,25,25,25,25.0,MODERATE,0,1.132
2023-10-27,34.0,26.370833333333334,45.91666666666666,32.65984514931556,27.575552580867928,29.609269608246983,25,25,25,25.0,MODERATE,0,1.121
2023-10-28,33.3,26.1875,47.41666666666666,32.52968410299565,27.525152580867925,29.52696518971901,25,25,25,25.0,MODERATE,0,1.106
2023-10-29,34.6,27.09166666666667,45.16666666666666,33.39997308273785,27.25130092689963,29.71076978923492,25,25,25,25.0,MODERATE,0,1.134
2023-10-30,34.5,26.916666666666668,42.41666666666666,33.27411555927787,26.74768397197878,29.35825660689841,25,25,25,25.0,MODERATE,0,1.132
2023-10-31,34.2,26.8375,43.375,33.378988353191176,26.867948629161088,29.472364518773123,25,25,25,25.0,MODERATE,0,1.125
2023-11-01,34.1,26.554166666666664,43.875,33.6486596164445,27.67653736719084,30.065386266892304,25,25,25,25.0,MODERATE,0,1.123
2023-11-02,33.8,26.6875,45.54166666666666,33.09546424796444,27.74054977572727,29.88251556462214,25,25,25,25.0,MODERATE,0,1.117
2023-11-03,34.4,26.808333333333334,44.16666666666666,32.901676049617855,27.30836243730657,29.54568788223109,25,25,25,25.0,MODERATE,0,1.13
2023-11-04,34.4,26.604166666666668,45.5,33.00077941171555,27.53121991868871,29.71904371589945,25,25,25,25.0,MODERATE,0,1.13
2023-11-05,34.8,27.10833333333333,39.91666666666666,33.19860046300449,26.71028703669612,29.305612407219467,25,25,25,25.0,MODERATE,0,1.138
2023-11-06,34.2,25.95833333333333,43.083333333333336,32.901676049617855,26.84045729597235,29.26494479743055,25,25,25,25.0,MODERATE,0,1.125
2023-11-07,34.2,26.229166666666668,43.958333333333336,32.63986813291561,26.536242573046646,28.977692796994237,25,25,25,25.0,MODERATE,0,1.125
2023-11-08,34.5,27.45,39.75,33.12271302955562,26.60830978041506,29.21407108007128,25,25,25,25.0,MODERATE,0,1.132
2023-11-09,34.7,26.5625,44.208333333333336,33.152375537971174,27.841391035390444,29.96578483642273,25,25,25,25.0,MODERATE,0,1.136
2023-11-10,34.7,27.116666666666664,45.125,33.86862174681559,27.82051208334145,30.23975594873111,25,25,25,25.0,MODERATE,0,1.136
2023-11-11,33.5,26.08333333333333,40.79166666666666,31.718108318444493,25.31993870761082,27.87920655194429,25,0,25,17.5,LOW,0,1.111
2023-11-12,33.0,24.65,37.29166666666666,30.93952493511112,24.508749605600315,27.08105973740464,25,0,0,7.5,LOW,0,1.1
2023-11-13,31.8,23.866666666666664,43.125,30.480205070851152,25.303369545389163,27.37410375557396,25,0,25,17.5,LOW,0,1.075
2023-11-14,32.1,24.675,41.75,30.60549244516446,25.50673259344408,27.546236534132237,25,0,25,17.5,LOW,0,1.081
2023-11-15,32.0,24.8625,43.91666666666666,30.590995150951105,24.81218093486753,27.12370662130096,25,0,0,7.5,LOW,0,1.079
2023-11-16,31.8,24.829166666666666,44.833333333333336,30.590995150951105,24.993260306297245,27.232354244158792,25,0,0,7.5,LOW,0,1.075
2023-11-17,31.4,24.495833333333334,48.0,30.4810152112178,25.09096954538916,27.24698781172061,25,0,25,17.5,LOW,0,1.067
2023-11-18,31.2,24.4625,48.29166666666666,30.257454773777752,25.806925788291267,27.58713738248586,25,0,25,17.5,LOW,0,1.063
2023-11-19,32.5,25.475,46.66666666666666,31.664595931944486,26.387481572873053,28.498327316501623,25,0,25,17.5,LOW,0,1.09
2023-11-20,33.4,26.7875,47.5,33.082027380017834,27.322141122861943,29.6260956257243,25,25,25,25.0,MODERATE,0,1.108
2023-11-21,32.8,26.53333333333333,46.54166666666666,32.06581547033781,26.55937847840961,28.76195327518089,25,25,25,25.0,MODERATE,0,1.096
2023-11-22,31.8,24.6875,45.75,30.288190110524468,25.31423050212529,27.30381434548497,25,0,25,17.5,LOW,0,1.075
2023-11-23,30.8,23.308333333333334,46.29166666666666,29.15391196339556,23.981203996355397,26.05028718317146,25,0,0,7.5,LOW,0,1.055
2023-11-24,32.5,24.791666666666668,40.208333333333336,31.5264213055556,24.933721908795555,27.570801667499573,25,0,0,7.5,LOW,0,1.09
2023-11-25,32.6,26.258333333333336,40.208333333333336,32.091830523075586,25.6784646565152,28.243811003139356,25,25,25,25.0,MODERATE,0,1.092
2023-11-26,30.7,23.995833333333334,67.45833333333333,31.9459762356357,25.16584716064167,27.87789879063928,25,0,25,17.5,LOW,0,1.053
2023-11-27,26.8,22.34583333333333,82.70833333333333,27.475013606051093,24.160777424804305,25.48647189730302,0,0,0,0.0,LOW,0,1.0
2023-11-28,26.5,21.541666666666668,79.33333333333333,27.21563548155557,23.699933353838382,25.10621420492525,0,0,0,0.0,LOW,0,1.0
2023-11-29,27.4,21.604166666666668,73.58333333333333,27.8809811523377,24.432977375776524,25.812178886400996,0,0,0,0.0,LOW,0,1.0
2023-11-30,28.3,22.15,72.5,28.60144785757121,24.83447386759805,26.34126346358731,0,0,0,0.0,LOW,0,1.006
2023-12-01,27.6,22.77083333333333,73.66666666666667,28.876536675537903,24.26638726168721,26.110447027227487,0,0,0,0.0,LOW,0,1.0
2023-12-02,28.3,23.995833333333334,71.29166666666667,29.54368846479128,24.51802973735348,26.5282932283286,0,0,0,0.0,LOW,0,1.006
2023-12-03,28.4,24.0625,75.70833333333333,29.9312793695646,25.000504517002064,26.97281445802708,0,0,25,10.0,LOW,0,1.008
2023-12-04,27.9,23.041666666666668,72.125,28.79485756011563,24.564059086372755,26.256378475869905,0,0,0,0.0,LOW,0,1.0
2023-12-05,27.7,22.10833333333333,69.25,28.20199748601776,23.34911310231888,25.290266855798432,0,0,0,0.0,LOW,0,1.0
2023-12-06,27.5,22.204166666666666,69.83333333333333,28.22227943194455,23.688791692458395,25.502186788252857,0,0,0,0.0,LOW,0,1.0
2023-12-07,27.8,22.508333333333336,65.75,28.120703260184435,23.797616043920417,25.526850930426026,0,0,0,0.0,LOW,0,1.0
2023-12-08,28.3,22.129166666666663,66.41666666666667,28.381999301651145,24.306938514479626,25.936962829348232,0,0,0,0.0,LOW,0,1.006
2023-12-09,28.5,21.729166666666668,62.29166666666666,28.27911672727775,24.24572388966361,25.859081024709266,0,0,0,0.0,LOW,0,1.01
2023-12-10,28.8,21.891666666666666,62.5,28.58201873665782,24.600079290270884,26.192855068825654,0,0,0,0.0,LOW,0,1.015
2023-12-11,28.7,21.754166666666663,62.91666666666666,28.22793063119112,24.49592393943764,25.988726616139036,0,0,0,0.0,LOW,0,1.013
2023-12-12,28.6,21.47083333333333,63.16666666666666,27.984516942275565,24.10701373143314,25.65801501577011,0,0,0,0.0,LOW,0,1.012
2023-12-13,28.9,21.77916666666667,59.333333333333336,28.33797592205119,23.401293402862382,25.375966410537902,0,0,0,0.0,LOW,0,1.017
2023-12-14,29.5,22.566666666666663,54.0,29.130128917055583,24.256689497157584,26.206065265116784,0,0,0,0.0,LOW,0,1.029
2023-12-15,30.4,23.2125,55.333333333333336,29.2144894349156,24.78251116542875,26.55530247322349,25,0,0,7.5,LOW,0,1.047
2023-12-16,29.5,22.7125,53.54166666666666,28.50998052377775,23.442689763758757,25.469606067766357,0,0,0,0.0,LOW,0,1.029
2023-12-17,28.4,21.025,48.75,28.380356770115583,22.304359790013574,24.734758582054383,0,0,0,0.0,LOW,0,1.008
2023-12-18,27.4,21.23333333333333,46.79166666666666,26.560832602364435,20.066581004599765,22.664281643705635,0,0,0,0.0,LOW,0,1.0
2023-12-19,26.2,20.7125,48.5,26.45058530703119,19.539588639081884,22.303987306261607,0,0,0,0.0,LOW,0,1.0
2023-12-20,26.2,20.925,45.083333333333336,26.80505267815112,19.33158369516961,22.32097128836221,0,0,0,0.0,LOW,0,1.0
2023-12-21,27.8,21.34583333333333,48.0,26.95218497655112,20.74954278371263,23.230599660848025,0,0,0,0.0,LOW,0,1.0
2023-12-22,28.8,22.025,53.5,27.95237541043558,22.63832595548689,24.763945737466365,0,0,0,0.0,LOW,0,1.015
2023-12-23,29.8,22.004166666666663,53.833333333333336,28.714706064924467,23.431177029773927,25.544588643834143,0,0,0,0.0,LOW,0,1.035
2023-12-24,30.2,22.479166666666668,52.0,29.10131137292449,23.609633808878613,25.806304834496963,25,0,0,7.5,LOW,0,1.043
2023-12-25,30.1,21.870833333333334,60.29166666666666,29.17756728457563,24.39611116542875,26.308693613087502,25,0,0,7.5,LOW,0,1.041
2023-12-26,30.3,22.041666666666668,62.75,29.481977715617763,25.291089497157586,26.96744478454165,25,0,25,17.5,LOW,0,1.045
2023-12-27,29.9,22.0,65.45833333333333,29.1511489608356,24.59638939891895,26.41829322368561,0,0,0,0.0,LOW,0,1.037
2023-12-28,29.9,22.97083333333333,61.04166666666666,29.57454062841556,24.099820771659992,26.28970871436222,0,0,0,0.0,LOW,0,1.037
2023-12-29,29.7,22.59166666666667,62.708333333333336,29.455111510097748,24.95052749091669,26.752361098589112,0,0,0,0.0,LOW,0,1.033
2023-12-30,29.8,22.27083333333333,67.875,29.46132480099555,24.9801360096199,26.77261152617016,0,0,0,0.0,LOW,0,1.035
2023-12-31,28.9,21.59583333333333,66.5,28.58201873665782,24.588684512893728,26.186018202399367,0,0,0,0.0,LOW,0,1.017
2024-01-01,28.3,20.925,70.625,27.822974461804503,24.094840799119943,25.58609426419377,0,0,0,0.0,LOW,0,1.006
2024-01-02,27.9,20.83333333333333,71.66666666666667,27.91075786899556,24.128488157511946,25.64139604210539,0,0,0,0.0,LOW,0,1.0
2024-01-03,26.9,19.758333333333333,67.125,26.7198488481956,22.347028326147637,24.09615653496682,0,0,0,0.0,LOW,0,1.0
2024-01-04,26.4,18.95,65.16666666666667,26.27702561844453,21.79118612319143,23.585521921292667,0,0,0,0.0,LOW,0,1.0
2024-01-05,25.9,18.479166666666668,67.125,26.21393163439773,21.893642300871985,23.621758034282287,0,0,0,0.0,LOW,0,1.0
2024-01-06,26.1,18.866666666666667,65.45833333333333,27.70391932923562,21.19400867368717,23.79797293590655,0,0,0,0.0,LOW,0,1.0
2024-01-07,26.5,20.15,66.58333333333333,27.016399483777747,22.182683037874494,24.116169616235798,0,0,0,0.0,LOW,0,1.0
2024-01-08,27.5,21.84166666666667,71.25,28.22227943194455,23.538043909166227,25.411738118277555,0,0,0,0.0,LOW,0,1.0
2024-01-09,27.9,22.35833333333333,63.41666666666666,28.088265612631226,23.27248964846082,25.19880003412898,0,0,0,0.0,LOW,0,1.0
2024-01-10,27.9,21.8625,69.29166666666667,28.425125720737828,24.01376868772769,25.77831150093175,0,0,0,0.0,LOW,0,1.0
2024-01-11,28.6,21.445833333333336,71.0,28.744026422915606,24.573360526841327,26.24162688527104,0,0,0,0.0,LOW,0,1.012
2024-01-12,28.9,21.445833333333336,71.29166666666667,28.872441313635527,25.748023832466117,26.99779082493388,0,0,25,10.0,LOW,0,1.017
2024-01-13,28.8,21.15,63.833333333333336,28.27911672727775,24.0915273464352,25.766563098772217,0,0,0,0.0,LOW,0,1.015
2024-01-14,27.7,19.391666666666666,45.75,31.36743080087106,20.494495345642918,24.84366952773417,0,0,0,0.0,LOW,0,1.0
2024-01-15,26.7,18.5875,56.54166666666666,32.8819562035556,22.05568745836933,26.386194956443845,0,25,0,7.5,LOW,0,1.0
2024-01-16,26.5,18.691666666666663,60.25,26.69126690615112,21.00740717011093,23.28095106452701,0,0,0,0.0,LOW,0,1.0
2024-01-17,26.5,19.275,61.41666666666666,27.55001016047117,22.34220108273261,24.42532471382804,0,0,0,0.0,LOW,0,1.0
2024-01-18,27.7,19.97083333333333,57.54166666666666,29.45974633977562,22.787432383063955,25.456357965748623,0,0,0,0.0,LOW,0,1.0
2024-01-19,27.3,20.1375,51.5,27.18243808161783,21.49759556232921,23.771532570044656,0,0,0,0.0,LOW,0,1.0
2024-01-20,26.8,19.529166666666665,45.79166666666666,29.004790501804464,20.85777864397529,24.11658338710696,0,0,0,0.0,LOW,0,1.0
2024-01-21,26.7,19.454166666666666,46.54166666666666,29.97250306383118,20.39749379609115,24.227497503187163,0,0,0,0.0,LOW,0,1.0
2024-01-22,27.0,18.67083333333333,48.25,31.414580281164515,20.699623432939,24.985606172229204,0,0,0,0.0,LOW,0,1.0
2024-01-23,27.3,19.304166666666667,44.208333333333336,32.39691726527782,20.81109379609115,25.44542318376582,0,25,0,7.5,LOW,0,1.0
2024-01-24,27.1,19.59583333333333,47.833333333333336,30.110726300364476,21.25599013834194,24.797884603150955,0,0,0,0.0,LOW,0,1.0
2024-01-25,27.5,19.479166666666668,50.29166666666666,30.21659026044445,21.448222486514148,24.955569596086267,0,0,0,0.0,LOW,0,1.0
2024-01-26,27.9,19.633333333333333,50.875,29.2122076624956,21.4594225893272,24.56053661859456,0,0,0,0.0,LOW,0,1.0
2024-01-27,29.2,20.2125,50.16666666666666,29.447252454951112,22.47732094376519,25.26529354823956,0,0,0,0.0,LOW,0,1.023
2024-01-28,29.6,20.9125,49.79166666666666,30.299995898895546,23.226198414796816,26.05571740843631,0,0,0,0.0,LOW,0,1.031
2024-01-29,27.9,20.570833333333333,51.708333333333336,28.94307188711107,22.80185779014985,25.25834342893433,0,0,0,0.0,LOW,0,1.0
2024-01-30,29.1,21.883333333333336,55.25,28.08034228466448,23.770323836486096,25.49433121575745,0,0,0,0.0,LOW,0,1.021
2024-01-31,29.1,21.9625,56.91666666666666,28.291017706337755,23.983584138762115,25.706557565792373,0,0,0,0.0,LOW,0,1.021
2024-02-01,29.0,22.879166666666663,62.54166666666666,28.199663933777813,24.597439141352524,26.03832905832264,0,0,0,0.0,LOW,0,1.019
2024-02-02,29.7,22.92083333333333,57.125,28.69815324953788,24.37849580897605,26.106358785200783,0,0,0,0.0,LOW,0,1.033
2024-02-03,31.9,23.683333333333334,50.54166666666666,30.593410423031187,25.439322679314717,27.500957776801304,25,0,25,17.5,LOW,0,1.077
2024-02-04,32.8,24.875,52.708333333333336,31.754798024551103,25.800014402503983,28.181927851322836,25,0,25,17.5,LOW,0,1.096
2024-02-05,30.0,24.09166666666667,63.66666666666666,29.927305577777776,25.37969550409644,27.19873953356897,25,0,25,17.5,LOW,0,1.039
2024-02-06,30.6,24.075,56.54166666666666,30.03794720423116,25.89216337885684,27.55047690900657,25,0,25,17.5,LOW,0,1.051
2024-02-07,30.3,23.72083333333333,53.0,29.38368334273561,24.72172908505243,26.5865107881257,25,0,0,7.5,LOW,0,1.045
2024-02-08,28.0,22.495833333333334,42.54166666666666,27.050498819111127,21.54462222893518,23.74697286500556,0,0,0,0.0,LOW,0,1.0
2024-02-09,28.5,21.33333333333333,35.375,27.96971255615781,22.387797811751035,24.620563709513743,0,0,0,0.0,LOW,0,1.01
2024-02-10,29.5,21.6375,37.083333333333336,28.388895015944403,22.75780092572967,25.01023856181556,0,0,0,0.0,LOW,0,1.029
2024-02-11,29.5,21.945833333333336,39.875,28.17855778905552,23.08381156158249,25.1217100525717,0,0,0,0.0,LOW,0,1.029
2024-02-12,29.4,22.3625,41.04166666666666,28.04005853356453,23.761412794597696,25.47287109018443,0,0,0,0.0,LOW,0,1.027
2024-02-13,29.6,23.3375,40.75,28.388402093671107,24.167743716686616,25.85600706748041,0,0,0,0.0,LOW,0,1.031
2024-02-14,30.1,23.254166666666663,37.04166666666666,28.5833395458378,23.968305981393065,25.814319407170963,25,0,0,7.5,LOW,0,1.041
2024-02-15,32.0,24.65,42.29166666666666,30.59818369155558,24.808828151137597,27.124570367304788,25,0,0,7.5,LOW,0,1.079
2024-02-16,33.9,25.95,39.333333333333336,32.536936131037805,26.04924981292119,28.644324340167834,25,25,25,25.0,MODERATE,0,1.119
2024-02-17,34.7,26.6875,37.04166666666666,33.22023515655782,27.558888112765512,29.82342693028244,25,25,25,25.0,MODERATE,0,1.136
2024-02-18,34.3,25.96666666666667,31.875,31.953887519295613,25.730160091974334,28.219651062902848,25,0,25,17.5,LOW,0,1.128
2024-02-19,34.3,26.429166666666664,31.20833333333333,32.28045701565115,24.738228097130857,27.755119664538974,25,25,0,15.0,LOW,0,1.128
2024-02-20,32.4,25.4375,55.04166666666666,31.039625888195587,26.415786623689232,28.265322329491774,25,0,25,17.5,LOW,0,1.087
2024-02-21,30.4,25.03333333333333,56.41666666666666,29.2144894349156,24.461812003642635,26.362882976151823,25,0,0,7.5,LOW,0,1.047
2024-02-22,29.9,24.03333333333333,56.333333333333336,28.73268675051561,23.257440965844424,25.4475392797129,0,0,0,0.0,LOW,0,1.037
2024-02-23,29.8,22.9125,30.08333333333333,28.05097803603558,22.05030247803977,24.45057270123809,0,0,0,0.0,LOW,0,1.035
2024-02-24,30.6,22.6625,18.041666666666668,28.624929626915574,20.532745063503093,23.769618888868088,25,0,0,7.5,LOW,0,1.051
2024-02-25,31.4,22.933333333333334,19.416666666666668,29.3079312312178,20.72871009254083,24.160398548011617,25,0,0,7.5,LOW,0,1.067
2024-02-26,33.1,25.308333333333334,31.45833333333333,31.1145179388711,24.365608367489852,27.065172196042354,25,0,0,7.5,LOW,0,1.102
2024-02-27,34.7,26.7,38.25,33.22023515655782,28.14940779402048,30.17773873903541,25,25,50,35.0,MODERATE,0,1.136
2024-02-28,34.1,26.5,41.75,32.277837979597805,26.26446456440506,28.66981393048216,25,25,25,25.0,MODERATE,0,1.123
2024-02-29,37.0,28.004166666666663,34.833333333333336,34.90246276577779,28.267890114852896,30.92171917522285,50,25,50,42.5,MODERATE,0,1.187
2024-03-01,36.9,28.83333333333333,34.833333333333336,34.939242456984445,26.75337860023595,30.027724142935348,50,25,25,32.5,MODERATE,0,1.185
2024-03-02,30.1,24.9875,60.0,31.197839876504503,25.45126779479991,27.749896627481743,25,0,25,17.5,LOW,0,1.041
2024-03-03,25.3,19.5,40.0,29.46950161027565,18.52831741241258,22.904791091557808,0,0,0,0.0,LOW,0,1.0
2024-03-04,27.6,20.29583333333333,36.083333333333336,30.68068734459555,21.430411848743965,25.1305220470846,0,0,0,0.0,LOW,0,1.0
2024-03-05,30.4,21.75,32.333333333333336,29.17042799649558,22.75570454730764,25.32159392698281,25,0,0,7.5,LOW,0,1.047
2024-03-06,31.8,23.2,34.833333333333336,29.70620915180444,24.171208056251785,26.385208494472845,25,0,0,7.5,LOW,0,1.075
2024-03-07,32.3,24.133333333333336,31.5,30.083315596095563,24.107615350589604,26.497895448791983,25,0,0,7.5,LOW,0,1.085
2024-03-08,32.5,24.67083333333333,31.625,30.29949482777781,24.11582379098937,26.589292205704748,25,0,0,7.5,LOW,0,1.09
2024-03-09,32.4,25.079166666666666,28.416666666666668,30.1726332933156,23.735044125313816,26.31007979251453,25,0,0,7.5,LOW,0,1.087
2024-03-10,33.9,26.21666666666667,36.0,31.85688478077116,25.76093428104882,28.19931448093776,25,0,25,17.5,LOW,0,1.119
2024-03-11,35.1,27.48333333333333,30.416666666666668,32.6736106351378,25.111311949521053,28.136231423767757,50,25,25,32.5,MODERATE,0,1.145
2024-03-12,34.9,28.0,35.916666666666664,33.052885393271126,26.67325158538408,29.225105108538894,25,25,25,25.0,MODERATE,0,1.141
2024-03-13,34.4,26.7375,36.458333333333336,32.38787476167109,26.15681336709875,28.64923792492769,25,25,25,25.0,MODERATE,0,1.13
2024-03-14,33.5,26.53333333333333,38.458333333333336,31.298293855944465,25.36319136139249,27.73723235921328,25,0,25,17.5,LOW,0,1.111
2024-03-15,34.1,26.73333333333333,29.5,31.823557104897837,25.83713381024217,28.231703128104435,25,0,25,17.5,LOW,0,1.123
2024-03-16,35.1,27.39583333333333,31.58333333333333,32.83916202329781,25.967032075087232,28.715884054371465,50,25,25,32.5,MODERATE,0,1.145
2024-03-17,35.8,28.4125,28.0,33.47317024819556,26.37160652884299,29.212232016584014,50,25,25,32.5,MODERATE,0,1.16
2024-03-18,36.2,28.416666666666668,21.291666666666668,33.407935248995585,26.339314288160725,29.16676267249467,50,25,25,32.5,MODERATE,0,1.169
2024-03-19,36.9,28.53333333333333,18.916666666666668,34.12068752207114,25.566019313022604,28.987886596642017,50,25,25,32.5,MODERATE,0,1.185
2024-03-20,38.2,29.225,21.916666666666668,35.37144634775113,26.92527238692684,30.30374197125656,50,25,25,32.5,MODERATE,0,1.215
2024-03-21,38.0,29.48333333333333,21.08333333333333,35.176472655111134,27.50115767916968,30.57128366954626,50,25,25,32.5,MODERATE,0,1.21
2024-03-22,38.3,29.954166666666666,19.541666666666668,35.251701855724455,26.520519981905128,30.01299273143286,50,25,25,32.5,MODERATE,0,1.217
2024-03-23,38.5,30.133333333333336,26.83333333333333,36.10460423394444,29.24361088225032,31.988008222927963,50,25,50,42.5,MODERATE,0,1.222
2024-03-24,37.3,30.29583333333333,34.041666666666664,35.46085647363555,28.092462458327677,31.039820064450826,50,25,50,42.5,MODERATE,0,1.194
2024-03-25,38.8,30.6375,35.791666666666664,37.71803175735111,30.18644811355897,33.19908157107583,50,25,50,42.5,MODERATE,0,1.229
2024-03-26,40.0,32.1125,32.25,38.93952085467556,30.707799921776363,34.00048829493604,75,50,50,57.5,HIGH,0,1.257
2024-03-27,40.8,33.020833333333336,31.75,39.55445250305779,30.9184743637586,34.37286561947828,75,50,50,57.5,HIGH,0,1.276
2024-03-28,40.4,33.25833333333333,29.45833333333333,39.6291927014756,30.541984136203457,34.17686756231231,75,50,50,57.5,HIGH,0,1.267
2024-03-29,39.8,32.1375,29.25,38.012168630595575,29.434325432645764,32.865462711825685,50,50,50,50.0,HIGH,0,1.252
2024-03-30,37.9,30.82083333333333,30.666666666666668,35.6063395615378,27.18196406587427,30.551714264139683,50,25,25,32.5,MODERATE,0,1.208
2024-03-31,37.1,29.820833333333336,29.541666666666668,34.65069602641555,27.653465568168567,30.45235775146736,50,25,25,32.5,MODERATE,0,1.189
2024-04-01,38.1,30.5625,31.625,35.881855359555566,27.832574627886945,31.052286920554398,50,25,25,32.5,MODERATE,0,1.212
2024-04-02,37.5,30.433333333333334,25.375,35.1681188277778,27.09929310698685,30.32682339530323,50,25,25,32.5,MODERATE,0,1.198
2024-04-03,37.3,30.854166666666668,28.33333333333333,35.09218479409559,27.18053646765314,30.34519579823012,50,25,25,32.5,MODERATE,0,1.194
2024-04-04,37.5,31.141666666666666,31.916666666666668,35.64498483194451,27.59373351055006,30.81423403910784,50,25,25,32.5,MODERATE,0,1.198
2024-04-05,37.5,31.1625,33.0,35.1681188277778,26.48381239598291,29.957534968700863,50,25,25,32.5,MODERATE,0,1.198
2024-04-06,37.9,31.8375,26.041666666666668,35.6063395615378,27.113412395982916,30.510583262204868,50,25,25,32.5,MODERATE,0,1.208
2024-04-07,38.8,31.15,22.70833333333333,36.0514605729956,27.9625031938046,31.198086145481,50,25,25,32.5,MODERATE,0,1.229
2024-04-08,40.1,32.40833333333333,27.791666666666668,37.26993069647115,28.35570422153665,31.921394811510453,75,25,50,50.0,HIGH,0,1.259
2024-04-09,41.0,32.612500000000004,22.625,38.431972503111126,29.50082704125096,33.07328522599502,75,50,50,57.5,HIGH,0,1.281
2024-04-10,40.0,33.291666666666664,21.541666666666668,37.4526717141956,29.21662255352789,32.51104221779497,75,25,50,50.0,HIGH,0,1.257
2024-04-11,40.5,33.3375,27.666666666666668,38.87940838705558,29.50677591457715,33.25582890356852,75,50,50,57.5,HIGH,0,1.269
2024-04-12,38.9,31.6375,30.416666666666668,37.60280972907559,29.475556853344425,32.72645800363689,50,25,50,42.5,MODERATE,0,1.231
2024-04-13,38.7,31.004166666666663,41.16666666666666,38.22334762929778,30.298252773760016,33.468290715975115,50,50,50,50.0,HIGH,0,1.226
2024-04-14,39.5,32.766666666666666,42.66666666666666,40.83606433251558,32.20110717705015,35.65509003923633,50,50,75,60.0,HIGH,0,1.245
2024-04-15,40.8,33.608333333333334,35.458333333333336,40.531150340551136,31.541271561043786,35.13722307284672,75,50,75,67.5,HIGH,0,1.276
2024-04-16,41.3,34.24583333333333,26.666666666666668,39.590416011617776,29.823028020983827,33.729983217237404,75,50,50,57.5,HIGH,0,1.289
2024-04-17,42.9,35.395833333333336,24.25,40.89055981179562,31.551604316964163,35.287186514896746,75,50,75,67.5,HIGH,0,1.328
2024-04-18,41.6,34.81666666666667,25.08333333333333,39.96422091793781,29.804517638030852,33.86839894999363,75,50,50,57.5,HIGH,0,1.296
2024-04-19,39.7,33.43333333333333,32.625,38.82873348844443,29.91074595035746,33.477940965592246,50,50,50,50.0,HIGH,0,1.25
2024-04-20,37.9,31.679166666666664,30.08333333333333,36.12601675418447,28.24695150260566,31.398577603237182,50,25,50,42.5,MODERATE,0,1.208
2024-04-21,38.3,31.54583333333333,36.458333333333336,36.92166642615113,29.218065072750367,32.29950561411067,50,25,50,42.5,MODERATE,0,1.217
2024-04-22,38.5,31.7375,31.041666666666668,36.275707823777765,28.418129354664615,31.56116074230988,50,25,50,42.5,MODERATE,0,1.222
2024-04-23,39.4,32.18333333333333,31.916666666666668,37.87601161730447,29.59354751612944,32.90653315659945,50,25,50,42.5,MODERATE,0,1.243
2024-04-24,40.9,33.229166666666664,29.041666666666668,39.131180447295606,30.80901265311192,34.1378797707854,75,50,50,57.5,HIGH,0,1.279
2024-04-25,40.8,33.862500000000004,30.791666666666668,40.23886073367108,31.23558702761856,34.836896510039566,75,50,75,67.5,HIGH,0,1.276
2024-04-26,40.3,33.37916666666667,31.70833333333333,37.67761732349114,29.068370490672297,32.512069223799834,75,25,50,50.0,HIGH,0,1.264
2024-04-27,39.8,33.65833333333333,28.83333333333333,37.77555870721781,28.432843674243017,32.16992968743293,50,25,50,42.5,MODERATE,0,1.252
2024-04-28,40.8,34.079166666666666,19.791666666666668,37.99046161415115,27.85444367711132,31.90885085192725,75,25,25,40.0,MODERATE,0,1.276
2024-04-29,40.7,34.166666666666664,25.33333333333333,38.85363964441783,28.825407160015175,32.836700153776235,75,50,50,57.5,HIGH,0,1.274
2024-04-30,40.6,33.59583333333333,16.625,37.58185623891554,27.865977127511137,31.7523287720729,75,25,25,40.0,MODERATE,0,1.271
2024-05-01,40.8,33.0125,16.833333333333332,37.0837518592178,26.40635738359349,30.677315173843212,75,25,25,40.0,MODERATE,0,1.276
2024-05-02,40.3,32.645833333333336,13.0,36.802594699635584,27.322023817906747,31.114252170598284,75,25,25,40.0,MODERATE,0,1.264
2024-05-03,42.1,33.90833333333333,18.625,38.833669334764494,28.734253523857006,32.77401984822,75,50,50,57.5,HIGH,0,1.308
2024-05-04,41.4,34.987500000000004,33.5,41.8090829784712,30.619011147077963,35.09503987963525,75,50,50,57.5,HIGH,0,1.291
2024-05-05,39.5,34.55416666666667,34.541666666666664,40.61499162927779,30.017444539456733,34.25646337538515,50,50,50,50.0,HIGH,0,1.245
2024-05-06,41.0,33.92916666666667,39.75,40.33307540427557,30.95956234091414,34.70896756625871,75,50,50,57.5,HIGH,0,1.281
2024-05-07,43.1,35.13333333333333,41.5,43.2343156337778,33.23879582268359,37.23700374712128,75,75,75,75.0,EXTREME,1,1.333
2024-05-08,42.7,35.479166666666664,36.958333333333336,42.83257379667557,32.072654888841456,36.376622451975095,75,50,75,67.5,HIGH,0,1.323
2024-05-09,42.4,35.7625,32.666666666666664,42.52998864867558,31.839450285794307,36.115665630946815,75,50,75,67.5,HIGH,0,1.316
2024-05-10,42.2,35.4,41.75,43.02620105697562,32.392733245720684,36.64612037022266,75,75,75,75.0,EXTREME,1,1.311
2024-05-11,41.0,34.93333333333333,40.75,43.13028508852446,32.79649208256229,36.93000928494716,75,75,75,75.0,EXTREME,2,1.281
2024-05-12,41.7,34.979166666666664,40.5,43.131208395404514,32.71621674482726,36.88221340505816,75,75,75,75.0,EXTREME,3,1.298
2024-05-13,39.5,33.791666666666664,42.375,41.68850828844455,31.607853868377145,35.640115636404104,50,50,75,60.0,HIGH,0,1.245
2024-05-14,40.0,33.8375,35.416666666666664,40.01842425555557,31.52546265802297,34.92264729703601,75,50,75,67.5,HIGH,0,1.257
2024-05-15,41.0,35.24166666666667,26.166666666666668,40.19116199523555,31.08131245348341,34.72525227018426,75,50,75,67.5,HIGH,0,1.281
2024-05-16,42.7,35.895833333333336,28.70833333333333,42.14314149785784,31.79537073580292,35.93447904062489,75,50,75,67.5,HIGH,0,1.323
2024-05-17,45.0,37.204166666666666,24.0,43.46671785555561,31.50379047456199,36.28896142695943,90,75,75,79.5,EXTREME,1,1.383
2024-05-18,45.4,36.99583333333333,29.625,43.48144046423111,31.832829542077477,36.49227391093893,90,75,75,79.5,EXTREME,2,1.393
2024-05-19,45.5,38.583333333333336,18.58333333333333,43.12240372511111,30.52157343218854,35.56190554935757,90,75,50,69.5,HIGH,0,1.396
2024-05-20,44.7,37.84583333333333,24.75,42.523850760231134,30.880163379071792,35.53763833153553,75,50,50,57.5,HIGH,0,1.375
2024-05-21,45.2,37.516666666666666,28.916666666666668,43.71935221011558,31.88313334706745,36.6176208922867,90,75,75,79.5,EXTREME,1,1.388
2024-05-22,45.9,38.00833333333333,33.208333333333336,45.75247347580441,33.89422913392822,38.6375268706787,90,75,75,79.5,EXTREME,2,1.407
2024-05-23,46.5,38.65833333333333,27.20833333333333,44.45658777719115,31.6356644193089,36.7640337624618,90,75,75,79.5,EXTREME,3,1.423
2024-05-24,45.8,38.00833333333333,30.83333333333333,45.0214716169245,32.32783620657312,37.40529037071367,90,75,75,79.5,EXTREME,4,1.404
2024-05-25,44.6,36.38333333333333,41.79166666666666,45.5725891094845,32.72888059168037,37.86636399880202,75,75,75,75.0,EXTREME,5,1.372
2024-05-26,43.9,36.645833333333336,42.625,46.462289212175584,33.31826206788211,38.5758729255995,75,75,75,75.0,EXTREME,6,1.354
2024-05-27,44.3,35.791666666666664,47.375,47.77960176580447,33.37239345413439,39.13527677880242,75,75,75,75.0,EXTREME,7,1.364
2024-05-28,44.2,35.19583333333333,48.458333333333336,47.2364467417578,33.16092787111914,38.791135419374605,75,75,75,75.0,EXTREME,8,1.362
2024-05-29,42.9,34.67916666666667,52.29166666666666,46.59039961485112,32.70060175351142,38.2565208980473,75,75,75,75.0,EXTREME,9,1.328
2024-05-30,42.5,34.275,52.208333333333336,45.38744300801783,33.01315779158077,37.9628718781556,75,75,75,75.0,EXTREME,10,1.318
2024-05-31,41.9,34.625,51.083333333333336,43.78127920791781,32.27651263517902,36.87841926427454,75,75,75,75.0,EXTREME,11,1.303
2024-06-01,41.9,34.6375,48.583333333333336,42.96232408828448,31.748361137606697,36.23394631787781,75,50,75,67.5,HIGH,0,1.303
2024-06-02,41.6,34.550000000000004,46.54166666666666,42.45705972369551,32.53582992120699,36.5043218422024,75,50,75,67.5,HIGH,0,1.296
2024-06-03,41.3,34.90833333333333,49.91666666666666,45.33716276997112,33.63035759963911,38.31307966777192,75,75,75,75.0,EXTREME,1,1.289
2024-06-04,40.9,35.083333333333336,47.75,44.257683689064464,33.08847987021999,37.556161397757776,75,75,75,75.0,EXTREME,2,1.279
2024-06-05,41.3,34.90833333333333,44.66666666666666,42.62151714091557,32.075510497685165,36.293913154977325,75,50,75,67.5,HIGH,0,1.289
2024-06-06,41.6,35.083333333333336,44.79166666666666,43.59810250641785,32.89390717413573,37.17558530704858,75,75,75,75.0,EXTREME,1,1.296
2024-06-07,41.6,35.59583333333334,45.25,44.93238015699554,33.21955779158077,37.90468673774668,75,75,75,75.0,EXTREME,2,1.296
2024-06-08,40.9,35.15,45.04166666666666,44.52199956645118,32.90795779158077,37.553574501528935,75,75,75,75.0,EXTREME,3,1.279
2024-06-09,42.2,35.87083333333333,44.375,45.21028162252443,33.460119325638125,38.160184244392646,75,75,75,75.0,EXTREME,4,1.311
2024-06-10,40.9,34.9625,47.208333333333336,43.37220508428452,32.559031629438664,36.884301011377005,75,75,75,75.0,EXTREME,5,1.279
2024-06-11,41.3,34.862500000000004,48.625,43.78127920791781,32.440379484834594,36.97673937406788,75,75,75,75.0,EXTREME,6,1.289
2024-06-12,40.8,34.18333333333333,50.333333333333336,43.07214316313776,32.39557320406862,36.666201187696274,75,75,75,75.0,EXTREME,7,1.276
2024-06-13,41.2,34.15,49.458333333333336,41.123457248017786,31.65110473084857,35.44004573771626,75,50,75,67.5,HIGH,0,1.286
2024-06-14,40.7,33.9375,50.625,41.152996970444576,31.35428990505308,35.273772731209675,75,50,75,67.5,HIGH,0,1.274
2024-06-15,39.9,33.94583333333333,52.25,41.15869824316448,31.16265229407525,35.16107067371094,50,50,75,60.0,HIGH,0,1.255
2024-06-16,41.0,34.61666666666667,50.66666666666666,43.31489594332445,32.30083052446919,36.706456692011294,75,75,75,75.0,EXTREME,1,1.281
2024-06-17,40.9,34.729166666666664,52.333333333333336,44.43732419743114,32.744089425484376,37.42138333426308,75,75,75,75.0,EXTREME,2,1.279
2024-06-18,40.0,34.079166666666666,54.16666666666666,45.02207485555552,32.690568444929745,37.623171009180055,75,75,75,75.0,EXTREME,3,1.257
2024-06-19,40.5,33.87083333333333,55.208333333333336,46.12780252105563,32.04071387589492,37.6755493339592,75,75,75,75.0,EXTREME,4,1.269
2024-06-20,41.9,34.375,53.375,44.898305129437816,32.25166062348493,37.310318425866086,75,75,75,75.0,EXTREME,5,1.303
2024-06-21,41.3,34.25416666666667,55.083333333333336,46.28036811579553,33.12686167365364,38.3882642505104,75,75,75,75.0,EXTREME,6,1.289
2024-06-22,40.2,34.670833333333334,51.333333333333336,45.58963565388445,33.44420082874934,38.30237475880338,75,75,75,75.0,EXTREME,7,1.262
2024-06-23,41.7,34.641666666666666,53.958333333333336,46.59039961485112,33.97229181039954,39.01953493218017,75,75,75,75.0,EXTREME,8,1.298
2024-06-24,40.0,33.358333333333334,58.54166666666666,47.129150211111096,34.0067037952715,39.25568236160734,75,75,90,81.0,EXTREME,9,1.257
2024-06-25,35.1,30.754166666666663,73.45833333333333,43.46400177757116,32.03554704881979,36.60692894032033,50,75,75,67.5,HIGH,0,1.145
2024-06-26,37.3,32.28333333333333,66.83333333333333,46.01505843993763,33.16009064529156,38.30207776314999,50,75,75,67.5,HIGH,0,1.194
2024-06-27,35.1,31.116666666666664,72.54166666666667,43.13995390244455,30.75944769956548,35.71165018071711,50,75,50,57.5,HIGH,0,1.145
2024-06-28,32.5,29.429166666666664,78.75,40.74581760555563,29.530552241390406,34.016658387056495,25,50,50,42.5,MODERATE,0,1.09
2024-06-29,31.6,28.320833333333336,86.70833333333333,39.94479875276451,28.8637269515518,33.29615567203689,25,50,50,42.5,MODERATE,0,1.071
2024-06-30,31.2,27.70833333333333,90.08333333333331,40.47144302092473,30.048867141168188,34.21789749307081,25,50,50,42.5,MODERATE,0,1.063
2024-07-01,28.6,27.079166666666666,91.45833333333331,34.238013432551185,26.563045390548314,29.633032607349463,0,25,25,17.5,LOW,0,1.012
2024-07-02,29.4,27.079166666666666,89.625,36.3722031758758,27.511913412281917,31.056029317719467,0,25,25,17.5,LOW,0,1.027
2024-07-03,33.6,29.579166666666666,82.0,43.04206740577781,31.31311363255418,36.004695141843634,25,75,75,60.0,HIGH,0,1.113
2024-07-04,33.4,29.90833333333333,78.625,41.33629090369775,31.13119465043832,35.213233151742095,25,50,75,52.5,HIGH,0,1.108
2024-07-05,30.6,28.09166666666667,87.95833333333333,37.999671547055485,28.25788495830717,32.154599593806495,25,25,50,35.0,MODERATE,0,1.051
2024-07-06,32.8,29.55,80.625,40.93691312165117,30.351742903641675,34.585810990845474,25,50,50,42.5,MODERATE,0,1.096
2024-07-07,33.3,29.96666666666667,77.66666666666667,41.45707028340455,30.220029231699627,34.7148456523816,25,50,50,42.5,MODERATE,0,1.106
2024-07-08,33.2,29.5125,80.66666666666667,40.406971776195554,31.103129664241457,34.824666509023096,25,50,75,52.5,HIGH,0,1.104
2024-07-09,32.7,29.15833333333333,83.79166666666667,42.52539026689562,31.89234552027088,36.14556341892077,25,50,75,52.5,HIGH,0,1.094
2024-07-10,32.7,29.0875,80.58333333333333,39.818373129004456,29.6980917119196,33.74620427875354,25,50,50,42.5,MODERATE,0,1.094
2024-07-11,32.9,29.09583333333333,80.33333333333333,41.51146773677124,31.2838145011338,35.374875795388775,25,50,75,52.5,HIGH,0,1.098
2024-07-12,32.7,28.829166666666666,81.16666666666667,41.32362985563567,30.179127648319906,34.63692853124621,25,50,50,42.5,MODERATE,0,1.094
2024-07-13,33.1,29.070833333333336,81.91666666666667,41.81473200289784,30.757137337664417,35.180175203757784,25,50,50,42.5,MODERATE,0,1.102
2024-07-14,33.1,29.72083333333333,79.0,42.09546739397117,31.312775590513876,35.62585231189679,25,50,75,52.5,HIGH,0,1.102
2024-07-15,30.7,27.916666666666668,88.79166666666667,39.23061220780441,29.91690408464324,33.642387333907706,25,50,50,42.5,MODERATE,0,1.053
2024-07-16,32.8,28.8125,85.91666666666667,43.68722863292448,31.86550317469186,36.594193357984906,25,75,75,60.0,HIGH,0,1.096
2024-07-17,32.8,29.116666666666664,81.41666666666667,40.55713142255123,30.038942903641672,34.246218311205496,25,50,50,42.5,MODERATE,0,1.096
2024-07-18,33.6,29.175,80.45833333333333,41.8925354524978,31.195973847482566,35.474598489488656,25,50,75,52.5,HIGH,0,1.113
2024-07-19,31.7,28.683333333333334,82.70833333333333,40.29844313139562,30.40973152125981,34.36521616531414,25,50,50,42.5,MODERATE,0,1.073
2024-07-20,32.4,28.90833333333333,81.95833333333333,40.460505431075774,29.99590624321463,34.181745918359084,25,50,50,42.5,MODERATE,0,1.087
2024-07-21,33.1,29.425,80.04166666666667,41.29237080057558,30.653132299151693,34.90882769972125,25,50,50,42.5,MODERATE,0,1.102
2024-07-22,30.8,28.15,87.08333333333333,39.54228576273788,29.85443878381649,33.72957757538504,25,50,50,42.5,MODERATE,0,1.055
2024-07-23,31.7,28.141666666666666,84.875,38.26426284867556,28.759444258974582,32.56137169485497,25,50,50,42.5,MODERATE,0,1.073
2024-07-24,29.3,27.175,89.95833333333333,36.10349490044448,27.83325377268756,31.14135022379033,0,25,25,17.5,LOW,0,1.025
2024-07-25,30.4,27.370833333333334,86.95833333333333,36.29986161233781,27.820594580509127,31.2123013932406,25,25,25,25.0,MODERATE,0,1.047
2024-07-26,31.1,28.08333333333333,85.08333333333333,39.17185738711115,29.176723917402363,33.17477730528588,25,50,50,42.5,MODERATE,0,1.061
2024-07-27,30.3,27.558333333333334,87.79166666666667,36.30769416242455,27.89814356940149,31.26196380661072,25,25,25,25.0,MODERATE,0,1.045
2024-07-28,31.4,27.766666666666666,89.41666666666667,39.06695666762446,29.042323917402364,33.0521770174912,25,50,50,42.5,MODERATE,0,1.067
2024-07-29,28.1,26.7875,93.875,33.3527935709044,26.619641762156505,29.312902485655663,0,25,25,17.5,LOW,0,1.002
2024-07-30,31.5,27.98333333333333,86.33333333333333,38.642918039777946,29.5223720935448,33.17059047203806,25,50,50,42.5,MODERATE,0,1.069
2024-07-31,32.4,28.508333333333336,82.54166666666667,39.02948434908452,29.865459085317298,33.531069190824184,25,50,50,42.5,MODERATE,0,1.087
2024-08-01,30.8,27.383333333333336,87.5,37.35837401201768,28.366291217850662,31.963124335517477,25,25,50,35.0,MODERATE,0,1.055
2024-08-02,29.1,26.8875,88.25,34.57990708911781,26.017878298068634,29.442689814488304,0,25,25,17.5,LOW,0,1.021
2024-08-03,29.0,26.45,92.625,35.63663782311106,27.65489975326833,30.847594981205425,0,25,25,17.5,LOW,0,1.019
2024-08-04,30.1,27.275,88.16666666666667,36.574860963671206,28.258500288764715,31.58504455872731,25,25,50,35.0,MODERATE,0,1.041
2024-08-05,29.3,27.1125,86.625,34.89390768052441,27.319557500535872,30.349297572531285,0,25,25,17.5,LOW,0,1.025
2024-08-06,31.3,27.929166666666664,81.375,37.48020533643569,28.387026894693403,32.024298271390315,25,25,50,35.0,MODERATE,0,1.065
2024-08-07,31.7,28.054166666666664,79.41666666666667,36.96690400375789,28.74733749611711,32.03516409917342,25,25,50,35.0,MODERATE,0,1.073
2024-08-08,31.1,27.433333333333334,82.29166666666667,37.56347965129794,29.121850700551903,32.49850228085032,25,25,50,35.0,MODERATE,0,1.061
2024-08-09,29.9,26.7625,87.95833333333333,35.26460912211558,28.185086851458795,31.016895759721507,0,25,50,27.5,MODERATE,0,1.037
2024-08-10,29.6,26.629166666666663,91.08333333333331,35.70892751116451,27.581544368690977,30.832497625680396,0,25,25,17.5,LOW,0,1.031
2024-08-11,29.0,26.625,87.375,33.98723374723567,26.303681881285677,29.37710262766567,0,25,25,17.5,LOW,0,1.019
2024-08-12,30.5,27.17083333333333,87.375,37.70637076372449,28.575572222539115,32.227891639013265,25,25,50,35.0,MODERATE,0,1.049
2024-08-13,31.1,27.35833333333333,87.83333333333333,37.56347965129794,28.837835500675,32.328093160924176,25,25,50,35.0,MODERATE,0,1.061
2024-08-14,31.4,28.22083333333333,85.0,39.35700334556448,29.40403867052722,33.385224540542126,25,50,50,42.5,MODERATE,0,1.067
2024-08-15,31.1,28.03333333333333,84.25,38.17885859513787,29.060551894386933,32.70787457468731,25,50,50,42.5,MODERATE,0,1.061
2024-08-16,31.7,27.8375,83.75,38.53040728683566,29.71803428754894,33.24298348726363,25,50,50,42.5,MODERATE,0,1.073
2024-08-17,32.3,28.258333333333336,81.41666666666667,38.107001950995496,29.667630421902626,33.04337903353977,25,50,50,42.5,MODERATE,0,1.085
2024-08-18,32.7,28.77916666666667,79.83333333333333,39.10735497499564,30.408161336016672,33.88783879160826,25,50,50,42.5,MODERATE,0,1.094
2024-08-19,32.6,29.275,79.04166666666667,40.65317770487115,31.112035373023925,34.928492305762816,25,50,75,52.5,HIGH,0,1.092
2024-08-20,31.1,28.370833333333334,82.25,38.17885859513787,30.09855189438693,33.33067457468731,25,50,50,42.5,MODERATE,0,1.061
2024-08-21,31.9,28.4375,83.70833333333333,39.41276758098467,30.930346818384606,34.323315123424635,25,50,50,42.5,MODERATE,0,1.077
2024-08-22,32.0,28.59166666666667,86.33333333333333,40.40927367955577,30.93992181681958,34.72766256191406,25,50,50,42.5,MODERATE,0,1.079
2024-08-23,30.6,27.77916666666667,91.75,40.21938489987571,30.64683151953858,34.47585287167344,25,50,50,42.5,MODERATE,0,1.051
2024-08-24,26.9,26.14583333333333,94.16666666666669,30.831021320835685,25.876459368074705,27.85828414917909,0,0,25,10.0,LOW,0,1.0
2024-08-25,29.6,26.25,92.16666666666669,35.95638176001786,27.548804477870505,30.911835390729447,0,25,25,17.5,LOW,0,1.031
2024-08-26,29.3,25.916666666666668,93.125,35.82811786948443,27.18934850786145,30.64485625251064,0,25,25,17.5,LOW,0,1.025
2024-08-27,26.3,25.3625,91.0,28.7568212978579,23.03941109400869,25.32637517554837,0,0,0,0.0,LOW,0,1.0
2024-08-28,29.6,26.52083333333333,86.875,34.30443810833765,25.84364730690624,29.227963627478804,0,25,25,17.5,LOW,0,1.031
2024-08-29,31.1,27.320833333333336,84.20833333333333,37.59868427155554,27.92304341492601,31.793299757577824,25,25,25,25.0,MODERATE,0,1.061
2024-08-30,30.5,27.304166666666664,85.20833333333333,37.12206514155554,28.263938040601428,31.80718888098307,25,25,50,35.0,MODERATE,0,1.049
2024-08-31,32.2,27.879166666666663,80.20833333333333,37.02505731228448,29.669071928052784,32.61146608174546,25,25,50,35.0,MODERATE,0,1.083
2024-09-01,32.1,28.416666666666668,80.625,37.93724899639793,30.18115136366536,33.283590416758386,25,25,50,35.0,MODERATE,0,1.081
2024-09-02,30.8,27.558333333333334,85.75,38.8930978593956,28.891355523175584,32.8920524576636,25,50,50,42.5,MODERATE,0,1.055
2024-09-03,29.1,26.4,90.79166666666669,34.57990708911781,28.125078298068637,30.707009814488305,0,25,50,27.5,MODERATE,0,1.021
2024-09-04,29.4,26.6875,86.41666666666667,34.93181968371563,27.95467427718395,30.745532439796623,0,25,25,17.5,LOW,0,1.027
2024-09-05,30.5,26.625,88.16666666666667,36.56068967177767,28.851230421902624,31.93501412185264,25,25,50,35.0,MODERATE,0,1.049
2024-09-06,30.8,27.008333333333336,86.95833333333333,36.77978283745783,28.94808192450642,32.08076228968698,25,25,50,35.0,MODERATE,0,1.055
2024-09-07,31.2,27.604166666666668,82.83333333333333,37.10851573436451,29.65368089427028,32.63561483030797,25,25,50,35.0,MODERATE,0,1.063
2024-09-08,30.9,27.104166666666668,86.95833333333333,37.33137107881575,29.377435500675,32.5590097319313,25,25,50,35.0,MODERATE,0,1.057
2024-09-09,31.7,27.92083333333333,84.58333333333333,39.19742693545792,30.179829095365648,33.78686823140256,25,50,50,42.5,MODERATE,0,1.073
2024-09-10,31.4,27.729166666666668,84.625,38.36936101729785,30.09483668408542,33.40464641737039,25,50,50,42.5,MODERATE,0,1.067
2024-09-11,30.6,27.066666666666663,87.5,37.12206514155554,29.205938040601428,32.37238888098307,25,25,50,35.0,MODERATE,0,1.051
2024-09-12,32.0,28.0375,78.0,37.20615874945767,29.041758718031545,32.307518730602,25,25,50,35.0,MODERATE,0,1.079
2024-09-13,31.1,27.166666666666668,77.70833333333333,34.32017456463127,28.45155724532502,30.79900417304752,25,25,50,35.0,MODERATE,0,1.061
2024-09-14,30.5,26.20833333333333,83.29166666666667,35.00839744727117,28.67339522207886,31.207396112155784,25,25,50,35.0,MODERATE,0,1.049
2024-09-15,30.8,26.629166666666663,81.95833333333333,34.69651163695783,28.36049720462631,30.89490297755892,25,25,50,35.0,MODERATE,0,1.055
2024-09-16,31.2,26.791666666666668,78.54166666666667,34.31842873655127,28.620951055231235,30.89994212775925,25,25,50,35.0,MODERATE,0,1.063
2024-09-17,31.3,27.05,78.5,35.75910990139553,29.3086590691184,31.88883940202925,25,25,50,35.0,MODERATE,0,1.065
2024-09-18,32.1,27.8875,76.875,36.70606677129562,29.30729560334335,32.26680407052426,25,25,50,35.0,MODERATE,0,1.081
2024-09-19,32.6,28.266666666666666,75.0,38.602807305555714,30.2314679956207,33.58000371959471,25,50,50,42.5,MODERATE,0,1.092
2024-09-20,32.9,28.65416666666667,73.79166666666667,39.36290717779549,30.193697689767056,33.86138148497843,25,50,50,42.5,MODERATE,0,1.098
2024-09-21,31.8,28.675,77.16666666666667,37.8871695441513,30.095578764899244,33.21221507660007,25,25,50,35.0,MODERATE,0,1.075
2024-09-22,33.1,29.1125,77.25,40.51858159279783,31.256845260708143,34.96153979354402,25,50,75,52.5,HIGH,0,1.102
2024-09-23,33.6,29.7,72.25,40.31329650099551,30.712856670771664,34.5530326028612,25,50,50,42.5,MODERATE,0,1.113
2024-09-24,33.5,29.53333333333333,79.5,42.27077626415111,31.751128447655372,35.95898757425367,25,50,75,52.5,HIGH,0,1.111
2024-09-25,33.0,29.133333333333336,81.54166666666667,42.20831798355553,31.425855079760623,35.73884024127859,25,50,75,52.5,HIGH,0,1.1
2024-09-26,31.5,27.745833333333334,89.16666666666667,39.649617373944544,29.698897537180684,33.67918547188623,25,50,50,42.5,MODERATE,0,1.069
2024-09-27,30.2,27.070833333333336,89.83333333333333,37.69950468033791,29.020555523175585,32.492135186040514,25,25,50,35.0,MODERATE,0,1.043
2024-09-28,30.1,26.83333333333333,90.625,36.846262757615605,28.763337916032345,31.99650785266565,25,25,50,35.0,MODERATE,0,1.041
2024-09-29,29.7,26.6625,91.875,36.46275255633777,28.43397463872017,31.64548580576721,0,25,50,27.5,MODERATE,0,1.033
2024-09-30,32.0,27.75,87.33333333333333,41.2193531805957,31.040838575333428,35.11224441743833,25,50,75,52.5,HIGH,0,1.079
2024-10-01,33.4,29.15833333333333,82.16666666666667,41.73808346028444,31.20900502776022,35.42063640076991,25,50,75,52.5,HIGH,0,1.108
2024-10-02,33.5,29.416666666666668,77.95833333333333,41.21585400289785,31.39486701226642,35.32326180851899,25,50,75,52.5,HIGH,0,1.111
2024-10-03,32.5,28.52083333333333,79.0,38.09826894505786,29.588111052753643,32.992174209675326,25,50,50,42.5,MODERATE,0,1.09
2024-10-04,31.7,27.77916666666667,81.75,37.32609009747559,28.99306126123777,32.3262727957329,25,25,50,35.0,MODERATE,0,1.073
2024-10-05,31.9,27.53333333333333,81.5,36.729870259697854,29.75057878376007,32.54229537413518,25,25,50,35.0,MODERATE,0,1.077
2024-10-06,32.2,27.4125,78.54166666666667,36.93199960131567,29.773574914052325,32.63694478895766,25,25,50,35.0,MODERATE,0,1.083
2024-10-07,34.4,28.329166666666666,65.79166666666667,38.0630219216178,30.37989846646986,33.453147848529035,25,50,50,42.5,MODERATE,0,1.13
2024-10-08,34.4,28.679166666666664,67.20833333333333,38.71232838543117,30.398362685378743,33.723948965399714,25,50,50,42.5,MODERATE,0,1.13
2024-10-09,34.3,28.65833333333333,63.208333333333336,37.51048434579564,29.986591697833667,32.99614875701846,25,25,50,35.0,MODERATE,0,1.128
2024-10-10,29.4,26.491666666666664,80.08333333333333,33.21375493548458,26.714957977339274,29.314476760597397,0,25,25,17.5,LOW,0,1.027
2024-10-11,30.6,27.766666666666666,70.04166666666667,34.722588831484536,26.68943526901832,29.902696694004806,25,25,25,25.0,MODERATE,0,1.051
2024-10-12,31.8,26.8875,78.08333333333333,36.90573619219542,29.009420303573613,32.167946659022334,25,25,50,35.0,MODERATE,0,1.075
2024-10-13,31.4,27.383333333333336,82.95833333333333,38.692929311715645,30.1010749364758,33.53781668657173,25,50,50,42.5,MODERATE,0,1.067
2024-10-14,31.4,27.7625,80.66666666666667,37.39782079059559,28.78971180371332,32.23295539846623,25,25,50,35.0,MODERATE,0,1.067
2024-10-15,32.9,28.55,78.70833333333333,39.72086129665786,30.777656670771663,34.354938521126144,25,50,50,42.5,MODERATE,0,1.098
2024-10-16,33.0,28.8125,78.45833333333333,40.08584861820451,30.81151984385941,34.52125135359745,25,50,50,42.5,MODERATE,0,1.1
2024-10-17,33.6,28.4375,67.54166666666667,36.61499381223106,29.77767371163173,32.512601751871465,25,25,50,35.0,MODERATE,0,1.113
2024-10-18,33.8,28.75,63.875,38.288741326417735,30.17374434956081,33.41974314030358,25,50,50,42.5,MODERATE,0,1.117
2024-10-19,32.4,28.225,80.70833333333333,40.460505431075774,31.089494212700718,34.837898700050744,25,50,75,52.5,HIGH,0,1.087
2024-10-20,31.9,27.791666666666668,80.5,36.548019169164405,29.644671928052784,32.40601082449743,25,25,50,35.0,MODERATE,0,1.077
2024-10-21,30.9,27.433333333333334,80.70833333333333,36.46833885867572,29.12841926605906,32.06438710310572,25,25,50,35.0,MODERATE,0,1.057
2024-10-22,32.4,27.10833333333333,78.20833333333333,37.39010061219566,30.244564306423257,33.10277882873222,25,25,50,35.0,MODERATE,0,1.087
2024-10-23,33.4,28.104166666666668,64.5,37.14161818651551,29.89832512648963,32.79564235049998,25,25,50,35.0,MODERATE,0,1.108
2024-10-24,33.8,27.75,58.5,35.182733568995545,28.765451833546937,31.332364527726376,25,25,50,35.0,MODERATE,0,1.117
2024-10-25,33.6,26.579166666666666,59.625,34.6586825550045,28.625924201350053,31.039027542811837,25,25,50,35.0,MODERATE,0,1.113
2024-10-26,34.3,27.125,63.833333333333336,36.03209503735782,29.93830232426424,32.37581940950167,25,25,50,35.0,MODERATE,0,1.128
2024-10-27,35.7,28.1375,55.208333333333336,36.39240091105561,29.941439263754447,32.52182392267491,50,25,50,42.5,MODERATE,0,1.158
2024-10-28,36.0,28.275,55.25,38.059598087555614,30.21033433348766,33.35003983511484,50,50,50,50.0,HIGH,0,1.165
2024-10-29,36.8,29.5,52.41666666666666,37.1698370232245,30.13398876914585,32.948328070777315,50,25,50,42.5,MODERATE,0,1.183
2024-10-30,36.3,29.40833333333333,46.79166666666666,35.67044402991783,28.63352076438285,31.448290070596844,50,25,50,42.5,MODERATE,0,1.171
2024-10-31,35.9,28.90833333333333,45.5,35.85604743735117,28.92434381835816,31.69702526595536,50,25,50,42.5,MODERATE,0,1.163
2024-11-01,35.8,28.575,44.625,34.64948091499559,28.15299581776629,30.75158985665801,50,25,50,42.5,MODERATE,0,1.16
2024-11-02,34.8,27.316666666666663,45.29166666666666,33.341518725457846,27.72290092689963,29.97034804632292,25,25,25,25.0,MODERATE,0,1.138
2024-11-03,35.0,27.67083333333333,47.125,34.27413465555555,27.79315619404371,30.38554757864845,50,25,25,32.5,MODERATE,0,1.143
2024-11-04,34.9,27.9875,47.29166666666666,34.32929425183114,27.9556479200549,30.5051064527654,25,25,25,25.0,MODERATE,0,1.141
2024-11-05,35.0,27.725,48.79166666666666,34.27413465555555,28.073741509239976,30.553898767766206,50,25,50,42.5,MODERATE,0,1.143
2024-11-06,34.5,27.566666666666663,48.66666666666666,34.16133020955562,28.00101152289781,30.46513899756093,25,25,50,35.0,MODERATE,0,1.132
2024-11-07,34.4,27.391666666666666,54.25,34.318642408504424,28.61373150972988,30.8956958692397,25,25,50,35.0,MODERATE,0,1.13
2024-11-08,34.3,27.275,53.708333333333336,34.27979001113782,28.242582568476568,30.657465545541065,25,25,50,35.0,MODERATE,0,1.128
2024-11-09,34.2,27.454166666666666,48.0,34.13289986273782,28.312674316727943,30.640764535131897,25,25,50,35.0,MODERATE,0,1.125
2024-11-10,34.3,26.854166666666668,48.083333333333336,33.41969375757116,27.490141122861942,29.861962176745628,25,25,25,25.0,MODERATE,0,1.128
2024-11-11,33.5,26.754166666666663,46.583333333333336,32.55980467532447,27.291791997506,29.39899706863339,25,25,25,25.0,MODERATE,0,1.111
2024-11-12,33.4,27.166666666666668,46.875,32.76280817377556,27.13218928277591,29.38443683917577,25,25,25,25.0,MODERATE,0,1.108
2024-11-13,33.1,28.245833333333334,40.625,31.848195060095584,26.44928993427891,28.60885198460558,25,0,25,17.5,LOW,0,1.102
2024-11-14,33.0,27.83333333333333,40.91666666666666,31.181688440444468,25.349344731770856,27.6822822152403,25,0,25,17.5,LOW,0,1.1
2024-11-15,32.6,27.2375,39.625,30.852121527697797,25.356805989201185,27.55493220459983,25,0,25,17.5,LOW,0,1.092
2024-11-16,32.6,27.441666666666663,36.29166666666666,30.68622041427558,24.84265258937285,27.180079719333943,25,0,0,7.5,LOW,0,1.092
2024-11-17,32.8,27.34166666666667,36.583333333333336,30.888594636035563,24.922806732292045,27.30912189378945,25,0,0,7.5,LOW,0,1.096
2024-11-18,32.1,26.820833333333336,37.458333333333336,30.421226638515577,24.898337163905715,27.10749295374966,25,0,0,7.5,LOW,0,1.081
2024-11-19,31.4,26.258333333333336,40.41666666666666,29.96410766499558,24.82617763435398,26.88134964661062,25,0,0,7.5,LOW,0,1.067
2024-11-20,30.7,25.625,39.875,29.345108038391217,24.14690071166217,26.22618364235379,25,0,0,7.5,LOW,0,1.053
2024-11-21,30.0,24.6375,36.375,28.34817124444444,22.775764879897714,25.004727425716403,25,0,0,7.5,LOW,0,1.039
2024-11-22,29.3,23.89583333333333,38.25,27.908417284717828,22.562280834128394,24.700735414364168,0,0,0,0.0,LOW,0,1.025
2024-11-23,29.7,23.941666666666663,41.708333333333336,28.350594288815643,23.557105981393065,25.474501304362093,0,0,0,0.0,LOW,0,1.033
2024-11-24,30.1,24.3625,42.66666666666666,28.922239026515587,24.10757702977393,26.033441828470597,25,0,0,7.5,LOW,0,1.041
2024-11-25,30.0,24.78333333333333,40.958333333333336,28.61567085555551,23.33329998531996,25.446248333414182,25,0,0,7.5,LOW,0,1.039
2024-11-26,30.5,24.83333333333333,35.041666666666664,28.728487921055564,22.888776075925115,25.22466081397729,25,0,0,7.5,LOW,0,1.049
2024-11-27,30.5,25.066666666666663,34.083333333333336,28.68712440511111,22.76289991273548,25.13258970968573,25,0,0,7.5,LOW,0,1.049
2024-11-28,30.4,25.141666666666666,35.875,28.85055131073785,23.49210504283745,25.63548354999761,25,0,0,7.5,LOW,0,1.047
2024-11-29,28.7,23.96666666666667,38.875,27.481563830924458,22.08130453930243,24.24140825595124,0,0,0,0.0,LOW,0,1.013
2024-11-30,27.9,22.891666666666666,37.833333333333336,26.82311721451558,20.93809957792548,23.29210663256152,0,0,0,0.0,LOW,0,1.0
2024-12-01,28.2,22.829166666666666,40.16666666666666,26.964862631804436,21.13275379951677,23.465597332431837,0,0,0,0.0,LOW,0,1.004
2024-12-02,29.3,23.504166666666663,39.91666666666666,28.010266258415584,22.232701812129942,24.543727590644203,0,0,0,0.0,LOW,0,1.025
2024-12-03,31.1,25.445833333333336,41.25,30.03528856946448,24.28319804868008,26.58403425699384,25,0,0,7.5,LOW,0,1.061
2024-12-04,31.3,26.34583333333333,42.04166666666666,30.484763635935565,24.93176954538916,27.15296718160772,25,0,0,7.5,LOW,0,1.065
2024-12-05,31.3,26.141666666666666,40.083333333333336,30.608016457217783,25.433745583982528,27.50345393327663,25,0,25,17.5,LOW,0,1.065
2024-12-06,30.3,24.65833333333333,35.166666666666664,28.650220916557814,23.135471695425064,25.34137138387816,25,0,0,7.5,LOW,0,1.045
2024-12-07,28.9,23.60833333333333,37.208333333333336,27.591488397037843,21.95563720744141,24.20997768327998,0,0,0,0.0,LOW,0,1.017
2024-12-08,28.5,22.979166666666668,33.375,27.005392103777783,20.029295152422492,22.81973393296461,0,0,0,0.0,LOW,0,1.01
2024-12-09,26.7,20.816666666666663,21.58333333333333,26.482299185671145,17.556004849979374,21.12652258425608,0,0,0,0.0,LOW,0,1.0
2024-12-10,25.4,20.03333333333333,33.541666666666664,29.696366602364467,17.87288103789522,22.60227526368292,0,0,0,0.0,LOW,0,1.0
2024-12-11,26.6,20.629166666666663,36.375,29.453560568017878,19.58990980926872,23.535370112768383,0,0,0,0.0,LOW,0,1.0
2024-12-12,26.9,20.6625,39.16666666666666,28.768803273695564,20.59301504864964,23.863330338668007,0,0,0,0.0,LOW,0,1.0
2024-12-13,25.7,20.183333333333334,32.625,29.344027278817787,17.42587604202314,22.193136536741,0,0,0,0.0,LOW,0,1.0
2024-12-14,26.3,20.229166666666668,31.70833333333333,29.93631780044445,18.630619774606632,23.15289898494176,0,0,0,0.0,LOW,0,1.0
2024-12-15,27.9,21.120833333333334,33.208333333333336,29.98510035628447,20.351332595627127,24.204839699890066,0,0,0,0.0,LOW,0,1.0
2024-12-16,28.6,21.791666666666668,33.875,29.03969653525116,21.092831593975216,24.271577570485597,0,0,0,0.0,LOW,0,1.012
2024-12-17,28.4,21.47083333333333,38.75,29.36453241116452,21.484427946353208,24.63646973227773,0,0,0,0.0,LOW,0,1.008
2024-12-18,29.1,22.433333333333334,40.083333333333336,27.748241820637848,22.57859841479682,24.646455777133237,0,0,0,0.0,LOW,0,1.021
2024-12-19,28.9,22.370833333333334,47.125,27.73628069023121,22.904425805144893,24.837167759179422,0,0,0,0.0,LOW,0,1.017
2024-12-20,27.4,21.575,43.79166666666666,26.806965281751086,21.299250571007125,23.502336455304707,0,0,0,0.0,LOW,0,1.0
2024-12-21,29.6,23.05,49.333333333333336,28.388402093671107,23.3628820772088,25.373090083793727,0,0,0,0.0,LOW,0,1.031
2024-12-22,27.7,23.21666666666667,52.75,27.813965985695543,23.422040799119944,25.178810873750184,0,0,0,0.0,LOW,0,1.0
2024-12-23,26.4,21.90416666666667,48.91666666666666,26.212182737475597,20.90766696917002,23.029473276492247,0,0,0,0.0,LOW,0,1.0
2024-12-24,25.9,20.241666666666667,43.583333333333336,29.28429947419558,20.069310514511763,23.75530609838529,0,0,0,0.0,LOW,0,1.0
2024-12-25,28.2,22.15833333333333,57.91666666666666,27.98958259825781,23.759494512547157,25.45152974683142,0,0,0,0.0,LOW,0,1.004
2024-12-26,29.5,23.9625,62.875,29.68463245844446,25.3809077290614,27.102397620814624,0,0,25,10.0,LOW,0,1.029
2024-12-27,28.2,23.90416666666667,65.5,28.58270721363556,24.91874196201279,26.384328062661897,0,0,0,0.0,LOW,0,1.004
2024-12-28,26.7,21.84166666666667,59.54166666666666,26.6054084855911,22.80519946595835,24.32528307381145,0,0,0,0.0,LOW,0,1.0
2024-12-29,27.0,21.416666666666668,53.54166666666666,27.23930029911114,22.978031496437264,24.682539017506816,0,0,0,0.0,LOW,0,1.0
2024-12-30,27.0,21.066666666666663,55.083333333333336,27.126322248444502,22.67039585497201,24.45276641236101,0,0,0,0.0,LOW,0,1.0
2024-12-31,28.3,21.691666666666663,57.083333333333336,27.721938942035614,23.466368463108434,25.168596654679305,0,0,0,0.0,LOW,0,1.006
2025-01-01,28.5,22.1875,62.125,28.117701619055524,23.74911286564338,25.49654836700824,0,0,0,0.0,LOW,0,1.01
2025-01-02,29.7,23.15416666666667,56.79166666666666,29.04682118043564,24.189266885240727,26.13228860331869,0,0,0,0.0,LOW,0,1.033
2025-01-03,30.4,23.541666666666668,49.41666666666666,28.982213669795588,23.90459918558588,25.93564497926976,25,0,0,7.5,LOW,0,1.047
2025-01-04,30.3,23.225,49.875,28.760625212317816,23.570215126657654,25.64637916092172,25,0,0,7.5,LOW,0,1.045
2025-01-05,28.0,22.4875,49.0,27.2434696537778,22.19193580730685,24.212549345895237,0,0,0,0.0,LOW,0,1.0
2025-01-06,26.4,20.5125,41.625,28.497529910737757,19.923155088483533,23.352905017385226,0,0,0,0.0,LOW,0,1.0
2025-01-07,25.5,20.133333333333333,36.79166666666666,28.8382944789756,18.259168863494505,22.490819109686942,0,0,0,0.0,LOW,0,1.0
2025-01-08,25.6,19.120833333333334,40.29166666666666,31.52490250233557,18.33319715782453,23.609879295628943,0,0,0,0.0,LOW,0,1.0
2025-01-09,27.4,20.308333333333334,43.125,30.77818799580443,21.077021291221488,24.95748797305467,0,0,0,0.0,LOW,0,1.0
2025-01-10,28.6,22.254166666666663,43.04166666666666,28.03071736076447,22.23422065329654,24.55281933628371,0,0,0,0.0,LOW,0,1.012
2025-01-11,27.7,22.754166666666663,49.79166666666666,27.122565418817796,22.66105947887271,24.44566185485074,0,0,0,0.0,LOW,0,1.0
2025-01-12,27.1,21.375,42.083333333333336,26.17703631967117,20.165135825817828,22.569896023359163,0,0,0,0.0,LOW,0,1.0
2025-01-13,25.1,19.225,45.25,28.374446205795596,19.24794903566777,22.8985479037189,0,0,0,0.0,LOW,0,1.0
2025-01-14,26.7,19.791666666666668,51.16666666666666,28.089900311491142,21.27528236038305,24.00112954082629,0,0,0,0.0,LOW,0,1.0
2025-01-15,27.1,21.7125,57.5,27.32693132463115,23.223949918295272,24.865142480829626,0,0,0,0.0,LOW,0,1.0
2025-01-16,27.6,21.35,42.16666666666666,27.0079121531112,19.76496350743521,22.662142965705605,0,0,0,0.0,LOW,0,1.0
2025-01-17,27.0,20.929166666666667,57.208333333333336,27.23930029911114,22.49534893363229,24.39292947982383,0,0,0,0.0,LOW,0,1.0
2025-01-18,30.2,23.5625,56.833333333333336,29.5813845288356,24.682355671349526,26.64196721434396,25,0,0,7.5,LOW,0,1.043
2025-01-19,31.1,25.15833333333333,50.583333333333336,29.745586538231123,24.72137817665429,26.731061521285024,25,0,0,7.5,LOW,0,1.061
2025-01-20,31.2,25.17083333333333,46.375,29.76023892771559,24.903380084927115,26.846123622042505,25,0,0,7.5,LOW,0,1.063
2025-01-21,30.7,24.954166666666666,46.125,29.345108038391217,24.566508196692546,26.477948133372013,25,0,0,7.5,LOW,0,1.053
2025-01-22,29.2,23.916666666666668,43.54166666666666,27.795327973964515,22.92028595068092,24.87030275999436,0,0,0,0.0,LOW,0,1.023
2025-01-23,28.4,22.58333333333333,37.083333333333336,27.19128442327109,21.54374807460856,23.80276261407357,0,0,0,0.0,LOW,0,1.008
2025-01-24,28.1,22.5375,41.333333333333336,26.99869510743782,21.088134519193133,23.45235875449101,0,0,0,0.0,LOW,0,1.002
2025-01-25,28.8,22.67083333333333,39.0,27.824911901724462,22.714200408334868,24.75848500569071,0,0,0,0.0,LOW,0,1.015
2025-01-26,29.8,23.070833333333336,43.958333333333336,28.568309799751063,23.919375514409083,25.77894922854588,0,0,0,0.0,LOW,0,1.035
2025-01-27,29.8,23.433333333333334,43.41666666666666,28.568309799751063,23.4891624554894,25.520821393194066,0,0,0,0.0,LOW,0,1.035
2025-01-28,31.3,24.8,41.375,30.047208763651145,25.123598048680076,27.093042334668503,25,0,25,17.5,LOW,0,1.065
2025-01-29,31.4,25.104166666666668,40.25,29.3237427836978,23.554886048743224,25.86242874272505,25,0,0,7.5,LOW,0,1.067
2025-01-30,30.1,24.08333333333333,38.833333333333336,28.64245468036443,24.01952595548689,25.86869744543791,25,0,0,7.5,LOW,0,1.041
2025-01-31,29.1,23.4625,40.833333333333336,27.62681677828449,22.129051051175285,24.32815734201897,0,0,0,0.0,LOW,0,1.021
2025-02-01,27.7,22.175,36.66666666666666,26.539319226451127,20.607300911427565,22.98010823743699,0,0,0,0.0,LOW,0,1.0
2025-02-02,28.6,22.616666666666664,29.291666666666668,27.843076033777788,20.76095482866489,23.593803310710047,0,0,0,0.0,LOW,0,1.012
2025-02-03,30.3,24.64583333333333,29.875,28.453590591635564,22.047534887521277,24.60995716916699,25,0,0,7.5,LOW,0,1.045
2025-02-04,28.7,23.71666666666667,31.875,27.194972476104468,20.864692527855667,23.39680450715519,0,0,0,0.0,LOW,0,1.013
2025-02-05,28.0,22.066666666666663,28.666666666666668,28.604312494835515,19.81300115509124,23.32952569098895,0,0,0,0.0,LOW,0,1.0
2025-02-06,28.3,22.133333333333336,27.45833333333333,27.96971255615781,19.157480458811825,22.682373297750217,0,0,0,0.0,LOW,0,1.006
2025-02-07,29.5,23.22083333333333,31.416666666666668,27.940085390444423,21.66147890182325,24.172921497271723,0,0,0,0.0,LOW,0,1.029
2025-02-08,30.9,24.375,31.291666666666668,29.18514532479785,23.65408372724482,25.866508366266032,25,0,0,7.5,LOW,0,1.057
2025-02-09,32.5,25.058333333333334,34.583333333333336,30.3433336819445,24.65799585536605,26.932130985997432,25,0,0,7.5,LOW,0,1.09
2025-02-10,32.2,25.7375,29.70833333333333,29.994441151395588,23.302815350589604,25.979465670912,25,0,0,7.5,LOW,0,1.083
2025-02-11,30.7,24.53333333333333,36.125,28.95029160580451,23.49500092572967,25.677117197759607,25,0,0,7.5,LOW,0,1.053
2025-02-12,31.6,25.5,45.54166666666666,29.777246640284478,24.805889763758756,26.79443251436904,25,0,0,7.5,LOW,0,1.071
2025-02-13,31.7,26.016666666666666,28.20833333333333,29.61729876290449,23.605745727712534,26.01036694178932,25,0,0,7.5,LOW,0,1.073
2025-02-14,33.1,26.73333333333333,30.166666666666668,30.7713988447378,24.104118254656488,26.77103049068901,25,0,0,7.5,LOW,0,1.102
2025-02-15,34.0,27.025,33.083333333333336,31.795530828444477,25.441137163905715,27.98289462972122,25,0,25,17.5,LOW,0,1.121
2025-02-16,32.7,27.0,40.29166666666666,30.957146794957836,25.474975273803334,27.66784388226513,25,0,25,17.5,LOW,0,1.094
2025-02-17,33.2,27.35833333333333,43.0,31.60114046899558,26.019393438209068,28.252092250523678,25,0,25,17.5,LOW,0,1.104
2025-02-18,33.4,28.1875,38.16666666666666,31.512333135875604,25.47628803876073,27.89070607760668,25,0,25,17.5,LOW,0,1.108
2025-02-19,33.4,27.48333333333333,33.416666666666664,31.422927804071133,25.135760091974333,27.650627176813053,25,0,25,17.5,LOW,0,1.108
2025-02-20,33.3,27.5125,36.29166666666666,31.21667005495111,25.828669656114133,27.983869815648923,25,0,25,17.5,LOW,0,1.106
2025-02-21,33.2,28.175,31.5,31.13911355415112,25.01380450252202,27.46392812317366,25,0,25,17.5,LOW,0,1.104
2025-02-22,33.8,27.9125,29.5,31.595055488604537,25.5951772861534,27.99512856713385,25,0,25,17.5,LOW,0,1.117
2025-02-23,34.1,27.96666666666667,26.83333333333333,31.702442803937807,25.05985584652225,27.716890629488475,25,0,25,17.5,LOW,0,1.123
2025-02-24,34.0,28.1875,27.33333333333333,31.724664789777844,25.017828589282008,27.700563069480346,25,0,25,17.5,LOW,0,1.121
2025-02-25,34.7,28.433333333333334,27.291666666666668,32.513790301704454,25.434912037826145,28.266463343377467,25,25,25,25.0,MODERATE,0,1.136
2025-02-26,35.9,29.354166666666668,28.08333333333333,33.6865748168978,26.36397431013699,29.293014512841317,50,25,25,32.5,MODERATE,0,1.163
2025-02-27,36.1,30.1,29.666666666666668,34.30728730677116,27.326226118443028,30.11865059377428,50,25,25,32.5,MODERATE,0,1.167
2025-02-28,35.3,29.425,29.58333333333333,32.734976975315575,25.44205121533614,28.359221519327917,50,25,25,32.5,MODERATE,0,1.149
2025-03-01,34.0,28.4,39.54166666666666,31.96186302711112,25.59533600576765,28.14194681430504,25,0,25,17.5,LOW,0,1.121
2025-03-02,33.3,28.129166666666663,34.166666666666664,31.40664590313561,25.60160836748985,27.92362338174816,25,0,25,17.5,LOW,0,1.106
2025-03-03,34.3,28.566666666666663,33.75,32.383320704951174,26.46446938743626,28.832009914442224,25,25,25,25.0,MODERATE,0,1.128
2025-03-04,32.4,27.09583333333333,28.25,30.1435417771378,23.246577208584256,26.00536303600568,25,0,0,7.5,LOW,0,1.087
2025-03-05,32.6,25.4,12.791666666666666,30.31364434867559,20.82087463877588,24.61798252273576,25,0,0,7.5,LOW,0,1.092
2025-03-06,33.1,26.6875,15.458333333333334,30.7044647463178,22.50984728997515,25.787694272512205,25,0,0,7.5,LOW,0,1.102
2025-03-07,35.9,28.96666666666667,17.75,33.31231470939558,25.05700691269645,28.359130031376104,50,25,25,32.5,MODERATE,0,1.163
2025-03-08,37.2,30.554166666666664,23.95833333333333,34.843666284017786,27.253037163133424,30.289288811487168,50,25,25,32.5,MODERATE,0,1.192
2025-03-09,38.0,31.445833333333336,24.33333333333333,35.56388081244448,27.948793585291572,30.99482847615274,50,25,25,32.5,MODERATE,0,1.21
2025-03-10,39.4,32.34583333333333,22.375,36.727484402631134,28.422063665819493,31.74423196054415,50,25,50,42.5,MODERATE,0,1.243
2025-03-11,40.1,33.30833333333333,20.5,37.672994378195575,29.12744112098151,32.545662423867135,75,25,50,50.0,HIGH,0,1.259
2025-03-12,39.5,33.045833333333334,19.83333333333333,36.83195737661114,27.74015461271168,31.376875718271464,50,25,25,32.5,MODERATE,0,1.245
2025-03-13,39.0,32.05416666666667,19.875,36.02172619155556,26.1295656982366,30.08642989556418,50,25,25,32.5,MODERATE,0,1.233
2025-03-14,38.3,32.0,25.166666666666668,35.73570690651556,27.656978600235952,30.888469922747795,50,25,25,32.5,MODERATE,0,1.217
2025-03-15,37.4,31.14583333333333,27.666666666666668,35.20366511731558,27.500935301427223,30.582027227782568,50,25,25,32.5,MODERATE,0,1.196
2025-03-16,36.2,30.354166666666668,27.291666666666668,33.788238321617804,26.12087627756681,29.18782109518721,50,25,25,32.5,MODERATE,0,1.169
2025-03-17,35.5,29.995833333333334,19.666666666666668,32.86702177661113,25.551150847932124,28.477499219403725,50,25,25,32.5,MODERATE,0,1.154
2025-03-18,36.3,30.370833333333334,21.70833333333333,33.70354215771561,26.321344593862072,29.27422361940349,50,25,25,32.5,MODERATE,0,1.171
2025-03-19,36.1,30.141666666666666,19.83333333333333,33.507294870995594,25.899236234026763,28.942459688814296,50,25,25,32.5,MODERATE,0,1.167
2025-03-20,35.0,29.275,26.08333333333333,32.574688277777824,25.330557880152277,28.22821003920249,50,25,25,32.5,MODERATE,0,1.143
2025-03-21,35.3,29.55,30.33333333333333,32.87265906601778,26.755325768429906,29.202259087465052,50,25,25,32.5,MODERATE,0,1.149
2025-03-22,37.4,31.445833333333336,20.08333333333333,34.80555209619558,26.89025025397148,30.05637099086112,50,25,25,32.5,MODERATE,0,1.196
2025-03-23,38.7,32.375,17.541666666666668,35.862936216951134,27.549971611518043,30.87515745369128,50,25,25,32.5,MODERATE,0,1.226
2025-03-24,39.6,33.108333333333334,15.083333333333334,36.45336288876448,27.791939615695277,31.256508924922954,50,25,25,32.5,MODERATE,0,1.247
2025-03-25,39.3,33.170833333333334,17.833333333333332,36.46037183375113,27.813109994494447,31.27201473019712,50,25,25,32.5,MODERATE,0,1.24
2025-03-26,37.8,31.90416666666667,27.125,36.00496849820444,28.130192085719766,31.28010265071364,50,25,50,42.5,MODERATE,0,1.205
2025-03-27,36.1,30.48333333333333,34.291666666666664,34.047797027555575,27.17820518995635,29.92604192499604,50,25,25,32.5,MODERATE,0,1.167
2025-03-28,36.2,30.0875,12.208333333333334,33.29099821923556,22.674208154259432,26.920924180249884,50,25,0,22.5,LOW,0,1.169
2025-03-29,36.8,29.741666666666664,7.958333333333333,33.76549630028447,23.629908131453604,27.684143398985952,50,25,0,22.5,LOW,0,1.183
2025-03-30,38.4,30.870833333333334,9.75,35.099394963537776,25.32252745164742,29.233274456403564,50,25,25,32.5,MODERATE,0,1.219
2025-03-31,39.4,32.2125,10.5,36.025795063875584,26.4957251109956,30.307753092147596,50,25,25,32.5,MODERATE,0,1.243
2025-04-01,40.0,33.30833333333333,9.75,36.5886453159178,26.840256132075403,30.739611805612363,75,25,25,40.0,MODERATE,0,1.257
2025-04-02,40.1,33.18333333333333,10.75,36.62955276667559,27.388509995449706,31.08492710394006,75,25,25,40.0,MODERATE,0,1.259
2025-04-03,40.2,33.5,13.75,36.5867626216178,26.802028237603277,30.715921991209083,75,25,25,40.0,MODERATE,0,1.262
2025-04-04,40.5,33.420833333333334,21.875,36.975876513555576,27.26146981418448,31.14723249393292,75,25,25,40.0,MODERATE,0,1.269
2025-04-05,41.3,34.175000000000004,17.375,37.87058572836448,28.303364604223127,32.13025305387967,75,25,50,50.0,HIGH,0,1.289
2025-04-06,42.4,35.24583333333333,15.041666666666666,38.63401780867558,27.94068285890028,32.2180168388104,75,50,25,47.5,MODERATE,0,1.316
2025-04-07,42.5,35.37083333333333,14.166666666666666,38.72188810555557,28.07488240423293,32.33368468476199,75,50,50,57.5,HIGH,0,1.318
2025-04-08,42.8,35.575,14.875,39.24312800353782,28.708470513809903,32.92233350970107,75,50,50,57.5,HIGH,0,1.326
2025-04-09,43.2,36.00833333333333,14.458333333333334,39.52267991431781,28.967897355055943,33.18981037876069,75,50,50,57.5,HIGH,0,1.336
2025-04-10,42.4,34.96666666666667,17.416666666666668,38.8718359464178,28.883171457222115,32.87863725290039,75,50,50,57.5,HIGH,0,1.316
2025-04-11,38.1,31.77916666666667,35.083333333333336,36.908824515277786,29.3622334034672,32.38086984819144,50,25,50,42.5,MODERATE,0,1.212
2025-04-12,40.3,32.38333333333333,47.125,38.38935690329778,30.55091661271498,33.686292728948104,75,50,50,57.5,HIGH,0,1.264
2025-04-13,41.4,33.62916666666667,37.91666666666666,38.59043453562448,30.099799921776363,33.49605376731561,75,50,50,57.5,HIGH,0,1.291
2025-04-14,41.9,34.5875,28.291666666666668,39.59689719891558,30.12360053396579,33.912919199945705,75,50,50,57.5,HIGH,0,1.303
2025-04-15,42.7,34.80416666666667,32.875,41.4769144430556,31.785416433089758,35.662015637076095,75,50,75,67.5,HIGH,0,1.323
2025-04-16,42.9,34.983333333333334,38.083333333333336,41.54261334044445,32.19859753996916,35.936203860159274,75,50,75,67.5,HIGH,0,1.328
2025-04-17,42.3,34.43333333333333,37.04166666666666,40.8346362559445,31.158049429843157,35.02868416028369,75,50,75,67.5,HIGH,0,1.313
2025-04-18,42.7,35.0625,30.5,40.06288502931563,30.63973983427322,34.40899791229019,75,50,50,57.5,HIGH,0,1.323
2025-04-19,40.6,33.575,26.45833333333333,38.38118329681559,29.73936092485345,33.19608987363831,75,50,50,57.5,HIGH,0,1.271
2025-04-20,40.2,33.02916666666667,34.708333333333336,38.01232357777779,29.901137092007712,33.145611686315746,75,50,50,57.5,HIGH,0,1.262
2025-04-21,40.8,34.416666666666664,29.041666666666668,38.45410231251557,29.6883452216846,33.19464805801699,75,50,50,57.5,HIGH,0,1.276
2025-04-22,41.5,34.84583333333333,16.791666666666668,37.66433098127782,27.06440470154331,31.304375213437115,75,25,25,40.0,MODERATE,0,1.293
2025-04-23,42.0,35.4125,11.583333333333334,37.89137608844447,26.92379503476609,31.310827456237444,75,25,25,40.0,MODERATE,0,1.306
2025-04-24,41.5,34.775,19.20833333333333,38.4806941990556,29.151302107508457,32.88305894412731,75,50,50,57.5,HIGH,0,1.293
2025-04-25,40.8,33.96666666666667,29.0,38.75418723571559,30.02090832343621,33.51421988834796,75,50,50,57.5,HIGH,0,1.276
2025-04-26,42.0,34.083333333333336,35.333333333333336,39.66160001895114,31.402553474027417,34.706172091996905,75,50,75,67.5,HIGH,0,1.306
2025-04-27,42.8,35.329166666666666,29.25,40.7622262368356,31.980250613634126,35.49304086291471,75,50,75,67.5,HIGH,0,1.326
2025-04-28,43.9,35.40833333333333,33.083333333333336,40.81091595955557,31.270013359025093,35.086374399237286,75,50,75,67.5,HIGH,0,1.354
2025-04-29,43.8,35.1375,36.375,42.12213298807111,32.12272666740645,36.12248919567232,75,50,75,67.5,HIGH,0,1.351
2025-04-30,44.1,36.04166666666666,27.041666666666668,40.80368065956448,30.600156498818045,34.68156616311662,75,50,50,57.5,HIGH,0,1.359
2025-05-01,43.8,35.90416666666667,26.541666666666668,40.5044522113245,30.8936743637586,34.73798550278496,75,50,50,57.5,HIGH,0,1.351
2025-05-02,43.4,35.7875,27.20833333333333,40.54706459975114,30.12010147464534,34.29088672468767,75,50,50,57.5,HIGH,0,1.341
2025-05-03,41.4,33.86666666666667,37.91666666666666,39.46661685361779,30.195368058810423,33.903867576733376,75,50,50,57.5,HIGH,0,1.291
2025-05-04,37.6,31.9875,46.958333333333336,39.76421703041787,31.456117477846284,34.77935729887491,50,50,75,60.0,HIGH,0,1.201
2025-05-05,37.4,31.616666666666664,50.04166666666666,40.05929366355547,31.351081091391144,34.834366120256874,50,50,75,60.0,HIGH,0,1.196
2025-05-06,32.3,27.34583333333333,67.66666666666667,34.79570411673779,29.165829704479755,31.41777946938297,25,25,50,35.0,MODERATE,0,1.085
2025-05-07,30.9,25.766666666666666,82.54166666666667,35.91870161327123,29.73158298895997,32.20643043868448,25,25,50,35.0,MODERATE,0,1.057
2025-05-08,32.3,27.675,74.45833333333333,36.34395780775126,30.422832644701632,32.79128270992148,25,25,50,35.0,MODERATE,0,1.085
2025-05-09,33.8,28.7625,71.75,37.6348463880356,30.77242270955716,33.517392180948534,25,25,50,35.0,MODERATE,0,1.117
2025-05-10,34.8,29.71666666666667,65.75,38.75423738019568,30.974720706010505,34.08652737568457,25,50,50,42.5,MODERATE,0,1.138
2025-05-11,35.4,30.741666666666664,62.458333333333336,38.970880569795554,30.77222270991697,34.051685853868406,50,50,50,50.0,HIGH,0,1.151
2025-05-12,37.0,32.0875,53.75,40.05929366355547,31.257903391002998,34.778459500023985,50,50,75,60.0,HIGH,0,1.187
2025-05-13,37.7,32.86666666666667,51.0,40.08503163468442,31.478114828138374,34.92088155075679,50,50,75,60.0,HIGH,0,1.203
2025-05-14,39.5,33.829166666666666,46.04166666666666,41.18973183459559,32.16172627356049,35.77292849797453,50,50,75,60.0,HIGH,0,1.245
2025-05-15,40.1,34.208333333333336,49.208333333333336,42.88649703583116,32.80191744783618,36.835749283034176,75,50,75,67.5,HIGH,0,1.259
2025-05-16,38.2,33.645833333333336,53.333333333333336,42.96762940247119,32.539008835072735,36.71045706203212,50,50,75,60.0,HIGH,0,1.215
2025-05-17,39.1,33.737500000000004,53.083333333333336,43.15735594578452,32.57599850728821,36.808541482686735,50,75,75,67.5,HIGH,0,1.236
2025-05-18,40.4,34.479166666666664,49.0,43.46073427063119,32.98566448141058,37.17569239709883,75,75,75,75.0,EXTREME,1,1.267
2025-05-19,40.9,34.391666666666666,51.91666666666666,46.04273529113783,34.01126642451883,38.82385397116643,75,75,90,81.0,EXTREME,2,1.279
2025-05-20,41.1,35.4125,46.91666666666666,45.33716276997112,33.92828893066485,38.49183846638736,75,75,75,75.0,EXTREME,3,1.284
2025-05-21,40.9,35.7875,42.79166666666666,44.04375904639112,33.700883162545026,37.83803351608346,75,75,75,75.0,EXTREME,4,1.279
2025-05-22,40.5,35.2125,48.0,46.12780252105563,33.94219207269931,38.81643625204184,75,75,75,75.0,EXTREME,5,1.269
2025-05-23,42.1,36.41666666666666,38.958333333333336,45.27749118423783,33.4676681775388,38.19159738021841,75,75,75,75.0,EXTREME,6,1.308
2025-05-24,43.0,35.69583333333333,41.0,42.98471902203555,32.731547775943405,36.83281627438026,75,50,75,67.5,HIGH,0,1.331
2025-05-25,42.3,35.87916666666667,44.29166666666666,45.66009927951782,34.432716733789675,38.92366975208093,75,75,90,81.0,EXTREME,1,1.313
2025-05-26,42.4,36.30833333333333,47.79166666666666,46.39051852636445,34.08668050778599,39.008215715217375,75,75,90,81.0,EXTREME,2,1.316
2025-05-27,42.3,35.4125,54.833333333333336,48.901398922335616,34.490179489717605,40.25466726276481,75,90,90,85.5,EXTREME,3,1.313
2025-05-28,40.6,33.99583333333333,56.29166666666666,46.980259102204506,33.73154128185625,39.03102840999556,75,75,75,75.0,EXTREME,4,1.271
2025-05-29,39.5,32.24166666666667,64.91666666666667,45.09724950119781,33.69988673682025,38.25883184257127,50,75,75,67.5,HIGH,0,1.245
2025-05-30,40.8,32.541666666666664,63.958333333333336,43.34578421377782,32.506894756030725,36.84245053912956,75,75,75,75.0,EXTREME,1,1.276
2025-05-31,39.8,32.550000000000004,58.333333333333336,41.12792839839109,31.287864163385425,35.22388985738769,50,50,75,60.0,HIGH,0,1.252
2025-06-01,39.5,32.56666666666667,55.458333333333336,39.96827981721557,30.40729495484927,34.23168889979579,50,50,50,50.0,HIGH,0,1.245
2025-06-02,39.0,32.90416666666667,53.125,39.294572043315554,30.50568955068716,34.02124254773852,50,50,50,50.0,HIGH,0,1.233
2025-06-03,38.7,32.67916666666667,54.41666666666666,40.70306952281789,30.91169325493316,34.828243762087055,50,50,50,50.0,HIGH,0,1.226
2025-06-04,38.5,32.791666666666664,51.333333333333336,39.62771970705556,31.108535749641227,34.51620933260696,50,50,75,60.0,HIGH,0,1.222
2025-06-05,39.4,33.4625,53.458333333333336,42.04318449644449,32.50769952395112,36.32189351294846,50,50,75,60.0,HIGH,0,1.243
2025-06-06,41.0,34.520833333333336,48.458333333333336,41.19079702711113,31.825668893312887,35.571720146832185,75,50,75,67.5,HIGH,0,1.281
2025-06-07,41.2,34.579166666666666,46.29166666666666,41.96441832844449,31.953590664493422,35.95792173007385,75,50,75,67.5,HIGH,0,1.286
2025-06-08,40.8,34.4375,49.5,43.31489594332445,32.55702060684466,36.860170741436576,75,75,75,75.0,EXTREME,1,1.276
2025-06-09,41.0,34.94166666666667,45.5,44.15389073955563,32.36249059314374,37.0790506517085,75,75,75,75.0,EXTREME,2,1.281
2025-06-10,40.5,34.862500000000004,45.75,44.05088564444444,32.770118009505325,37.28242506348097,75,75,75,75.0,EXTREME,3,1.269
2025-06-11,41.5,35.175000000000004,43.04166666666666,42.794173118444505,32.060551959297605,36.35400042295636,75,50,75,67.5,HIGH,0,1.293
2025-06-12,42.1,35.920833333333334,42.708333333333336,43.357347996575605,32.17879441360087,36.650215846790765,75,75,75,75.0,EXTREME,1,1.308
2025-06-13,40.8,35.329166666666666,48.958333333333336,44.72426576535117,31.910411675643665,37.03595331152667,75,75,75,75.0,EXTREME,2,1.276
2025-06-14,36.3,32.708333333333336,64.375,44.86630408153568,32.43719965816788,37.408841427515,50,75,75,67.5,HIGH,0,1.171
2025-06-15,36.1,31.85833333333333,66.5,41.22944038897559,32.54993765113832,36.02173874627323,50,50,75,60.0,HIGH,0,1.167
2025-06-16,34.5,29.8125,78.95833333333333,44.04168816955566,32.60511037712632,37.17974149409806,25,75,75,60.0,HIGH,0,1.132
2025-06-17,31.6,28.133333333333336,83.04166666666667,37.632968615271146,28.383343569401497,32.08319358774936,25,25,50,35.0,MODERATE,0,1.071
2025-06-18,33.3,29.075,81.875,41.68879935641775,30.917667012266424,35.226119949926954,25,50,50,42.5,MODERATE,0,1.106
2025-06-19,33.9,30.23333333333333,74.66666666666667,41.90100301223787,29.626462827102397,34.536278901156585,25,50,50,42.5,MODERATE,0,1.119
2025-06-20,34.7,29.929166666666664,72.45833333333333,39.971901950984446,30.121802293846287,34.06184215670155,25,50,50,42.5,MODERATE,0,1.136
2025-06-21,32.6,28.641666666666666,81.125,38.85398835091559,29.59293506865009,33.29735638155629,25,50,50,42.5,MODERATE,0,1.092
2025-06-22,33.1,29.195833333333336,78.54166666666667,39.553153921084494,30.934091711919603,34.38171659558556,25,50,50,42.5,MODERATE,0,1.102
2025-06-23,31.3,28.004166666666663,86.625,39.06695666762446,29.33443867052722,33.227445869366115,25,50,50,42.5,MODERATE,0,1.065
2025-06-24,31.6,28.6875,83.70833333333333,38.45742017681789,29.6335720935448,33.16311132685404,25,50,50,42.5,MODERATE,0,1.071
2025-06-25,31.7,28.175,88.45833333333333,39.597000106737866,30.65285275943248,34.23051169835463,25,50,50,42.5,MODERATE,0,1.073
2025-06-26,31.4,28.525,86.25,40.39545800887114,31.39952246000472,34.99789667955129,25,50,75,52.5,HIGH,0,1.067
2025-06-27,32.4,28.370833333333334,82.0,38.26090210068455,29.284344407405538,32.874967484717146,25,50,50,42.5,MODERATE,0,1.087
2025-06-28,31.8,27.84583333333333,84.08333333333333,39.82716198259561,29.89870624321463,33.870088538967025,25,50,50,42.5,MODERATE,0,1.075
2025-06-29,33.0,28.40416666666667,81.08333333333333,38.81428645155561,28.881619545575976,32.85468630796783,25,50,50,42.5,MODERATE,0,1.1
2025-06-30,32.5,28.825,77.58333333333333,38.602807305555714,29.755625621509797,33.294498295128165,25,50,50,42.5,MODERATE,0,1.09
2025-07-01,34.4,29.225,78.45833333333333,40.42995148251564,31.211497348202418,34.89887900192771,25,50,75,52.5,HIGH,0,1.13
2025-07-02,30.9,27.73333333333333,85.75,37.62933551273792,28.85651145657865,32.36564107904236,25,25,50,35.0,MODERATE,0,1.057
2025-07-03,31.3,27.60833333333333,87.08333333333333,38.41561921129552,30.442667076326263,33.63184793031397,25,50,50,42.5,MODERATE,0,1.065
2025-07-04,31.9,28.3375,83.04166666666667,39.13564071180446,30.87077310018866,34.17672014483498,25,50,50,42.5,MODERATE,0,1.077
2025-07-05,30.4,27.291666666666668,89.20833333333333,37.05922669041773,29.14597943921463,32.311278339695875,25,25,50,35.0,MODERATE,0,1.047
2025-07-06,29.9,27.10833333333333,89.54166666666667,36.285769631615615,29.309262649744504,32.09986544249295,0,25,50,27.5,MODERATE,0,1.037
2025-07-07,32.5,28.39583333333333,79.08333333333333,37.94237669444462,29.66770615674195,32.97757437182302,25,25,50,35.0,MODERATE,0,1.09
2025-07-08,31.8,27.52083333333333,84.08333333333333,38.798947692035576,30.320586099257923,33.711930736368984,25,50,50,42.5,MODERATE,0,1.075
2025-07-09,33.7,28.8,78.45833333333333,38.914234438764574,30.07224257885041,33.60903932281608,25,50,50,42.5,MODERATE,0,1.115
2025-07-10,32.5,28.8875,76.41666666666667,38.26922286527783,29.777937736847942,33.1744517882199,25,50,50,42.5,MODERATE,0,1.09
2025-07-11,32.2,29.116666666666664,77.20833333333333,38.514839902204535,30.31828537203985,33.596907184105724,25,50,50,42.5,MODERATE,0,1.083
2025-07-12,30.8,28.22083333333333,82.125,37.06655711299558,29.51382757279796,32.53491938887701,25,25,50,35.0,MODERATE,0,1.055
2025-07-13,31.3,27.9125,85.625,39.874443649635566,30.943923608563125,34.5161316249921,25,50,50,42.5,MODERATE,0,1.065
2025-07-14,32.5,28.2,84.375,39.64399024305568,30.103689679179727,33.91980990473011,25,50,50,42.5,MODERATE,0,1.09
2025-07-15,34.1,29.79583333333333,76.41666666666667,41.35420553955563,31.2779332741871,35.30844218033451,25,50,75,52.5,HIGH,0,1.123
2025-07-16,34.3,30.004166666666663,73.70833333333333,39.5678188930645,31.09804784262037,34.48595626279803,25,50,75,52.5,HIGH,0,1.128
2025-07-17,33.6,29.633333333333336,74.75,39.55443845001568,31.23799385643015,34.56457169386436,25,50,75,52.5,HIGH,0,1.113
2025-07-18,32.3,29.304166666666664,76.875,38.77103398500444,30.132003377675517,33.58761562060708,25,50,50,42.5,MODERATE,0,1.085
2025-07-19,31.9,28.379166666666663,79.0,36.548019169164405,28.881925517973087,31.94836297844961,25,25,50,35.0,MODERATE,0,1.077
2025-07-20,31.1,28.391666666666666,82.0,38.49456536306456,29.723474419394645,33.23191079686261,25,50,50,42.5,MODERATE,0,1.061
2025-07-21,32.4,28.2875,84.875,39.73171554647122,30.414649929628965,34.14147617636587,25,50,50,42.5,MODERATE,0,1.087
2025-07-22,33.1,29.52083333333333,78.75,40.51858159279783,31.349425733838075,35.017088077421974,25,50,75,52.5,HIGH,0,1.102
2025-07-23,32.3,29.079166666666666,76.66666666666667,37.46913364052446,29.022511052753643,32.40116008786197,25,25,50,35.0,MODERATE,0,1.085
2025-07-24,32.4,29.04583333333333,77.375,38.68832825809793,30.222403715172423,33.608773532342624,25,50,50,42.5,MODERATE,0,1.087
2025-07-25,33.1,29.625,77.45833333333333,40.62756844044466,31.42437367546981,35.10565158145975,25,50,75,52.5,HIGH,0,1.102
2025-07-26,32.9,28.320833333333336,81.91666666666667,38.914234438764574,29.66789503498253,33.366430796495344,25,50,50,42.5,MODERATE,0,1.098
2025-07-27,28.1,26.55,90.5,32.84147984815109,26.48337607748411,29.0266175857509,0,25,25,17.5,LOW,0,1.002
2025-07-28,30.6,27.9,83.54166666666667,37.10851573436451,27.762973137722,31.501190176379005,25,25,25,25.0,MODERATE,0,1.051
2025-07-29,30.7,27.8375,81.875,36.54442686211558,28.185003707003894,31.528772969048568,25,25,50,35.0,MODERATE,0,1.053
2025-07-30,31.8,28.475,79.45833333333333,39.02214342113768,28.296012452560795,32.58646483999155,25,50,50,42.5,MODERATE,0,1.075
2025-07-31,31.2,28.4625,79.625,36.639429006951175,27.862484462203927,31.37326228010283,25,25,25,25.0,MODERATE,0,1.063
2025-08-01,32.4,28.979166666666668,76.70833333333333,37.75979534148459,29.010158718031544,32.51001336741277,25,25,50,35.0,MODERATE,0,1.087
2025-08-02,32.5,28.59583333333333,75.91666666666667,37.308899161111285,29.82957491405233,32.82130461287591,25,25,50,35.0,MODERATE,0,1.09
2025-08-03,31.6,27.90416666666667,82.91666666666667,37.94569286567113,30.289923110028823,33.35223101228574,25,25,50,35.0,MODERATE,0,1.071
2025-08-04,31.7,28.53333333333333,78.45833333333333,37.78646432010447,29.63536710436837,32.89580599066281,25,25,50,35.0,MODERATE,0,1.073
2025-08-05,32.2,28.65416666666667,76.95833333333333,37.23568356812457,29.567337496117112,32.634675924920096,25,25,50,35.0,MODERATE,0,1.083
2025-08-06,32.2,28.579166666666666,76.875,37.004347798764535,29.58908506777962,32.55519016017359,25,25,50,35.0,MODERATE,0,1.083
2025-08-07,33.3,29.379166666666663,71.20833333333333,36.60358037643559,30.274647204661463,32.80622047337111,25,25,50,35.0,MODERATE,0,1.106
2025-08-08,34.2,30.08333333333333,65.95833333333333,36.89853838145785,29.88679970184476,32.69149517369,25,25,50,35.0,MODERATE,0,1.125
2025-08-09,33.9,29.98333333333333,65.20833333333333,36.6150351746045,29.588515135168464,32.39912315094288,25,25,50,35.0,MODERATE,0,1.119
2025-08-10,33.8,30.03333333333333,64.875,36.71405648259565,29.688515478218623,32.49873187996944,25,25,50,35.0,MODERATE,0,1.117
2025-08-11,34.4,30.14583333333333,65.41666666666667,37.91852052531554,30.092893462095272,33.22314428738338,25,25,50,35.0,MODERATE,0,1.13
2025-08-12,34.1,30.279166666666665,64.66666666666667,37.62251750943124,29.53823385806305,32.77194731861033,25,25,50,35.0,MODERATE,0,1.123
2025-08-13,33.1,29.741666666666664,69.54166666666667,37.39920905481782,29.6393766729642,32.74330962570565,25,25,50,35.0,MODERATE,0,1.102
2025-08-14,32.6,29.4125,75.70833333333333,38.26922286527783,31.044538203234797,33.934412068052005,25,50,75,52.5,HIGH,0,1.092
2025-08-15,33.0,28.666666666666668,81.58333333333333,38.8726283844712,30.608231224481155,33.91399008847717,25,50,50,42.5,MODERATE,0,1.1
2025-08-16,31.7,27.758333333333336,88.25,38.86094437290459,30.6759993679112,33.94997736990855,25,50,50,42.5,MODERATE,0,1.073
2025-08-17,32.5,28.241666666666664,88.58333333333333,41.908289393055696,30.775960520681966,35.228892069631456,25,50,50,42.5,MODERATE,0,1.09
2025-08-18,32.6,28.575,83.875,41.03352574707564,31.546641551195403,35.3413952295475,25,50,75,52.5,HIGH,0,1.092
2025-08-19,33.1,28.97083333333333,84.0,41.61612993123568,31.60436176360337,35.6090690306563,25,50,75,52.5,HIGH,0,1.102
2025-08-20,30.5,27.820833333333336,87.875,37.68646242427568,29.35521875697389,32.687716223894604,25,25,50,35.0,MODERATE,0,1.049
2025-08-21,31.2,27.479166666666668,86.79166666666667,38.45742017681789,29.9279720935448,33.339751326854035,25,50,50,42.5,MODERATE,0,1.063
2025-08-22,29.2,26.70833333333333,88.0,34.396202090684426,27.462411796632857,30.235927914253487,0,25,25,17.5,LOW,0,1.023
2025-08-23,30.0,26.525,86.0,35.52997874444458,28.021526504738983,31.02490740062122,25,25,50,35.0,MODERATE,0,1.039
2025-08-24,29.1,26.275,87.875,35.24675111620444,28.036973854862893,30.92088475939951,0,25,50,27.5,MODERATE,0,1.021
2025-08-25,31.2,27.416666666666668,83.91666666666667,37.29978242977783,30.064866900243597,32.95883311205729,25,25,50,35.0,MODERATE,0,1.063
2025-08-26,31.9,28.39583333333333,81.625,39.41276758098467,30.721867076326262,34.19822727818963,25,50,50,42.5,MODERATE,0,1.077
2025-08-27,32.6,29.066666666666663,78.29166666666667,39.2001527740979,30.28767873442061,33.85266835029152,25,50,50,42.5,MODERATE,0,1.092
2025-08-28,31.5,27.89583333333333,87.33333333333333,40.34947949061117,30.613645026293653,34.50797881202066,25,50,50,42.5,MODERATE,0,1.069
2025-08-29,31.7,27.8875,88.08333333333333,40.24254748202456,30.662956353334582,34.49479280481057,25,50,50,42.5,MODERATE,0,1.073
2025-08-30,30.1,27.5125,89.91666666666667,38.26825743940456,29.62108495830717,33.07995395074612,25,50,50,42.5,MODERATE,0,1.041
2025-08-31,30.2,27.004166666666663,89.83333333333333,37.13056213779554,28.676114197521112,32.05789337363088,25,25,50,35.0,MODERATE,0,1.043
2025-09-01,31.5,28.258333333333336,81.16666666666667,38.642918039777946,29.575950275216957,33.20273738104135,25,50,50,42.5,MODERATE,0,1.069
2025-09-02,32.4,28.45833333333333,77.04166666666667,36.63475768119119,29.124078229646013,32.128350010264086,25,25,50,35.0,MODERATE,0,1.087
2025-09-03,31.9,28.10833333333333,79.625,38.07810072057563,30.103796696033847,33.29351830585056,25,50,50,42.5,MODERATE,0,1.077
2025-09-04,29.3,26.75,87.20833333333333,34.669135328495585,27.80423656694403,30.55019607156465,0,25,25,17.5,LOW,0,1.025
2025-09-05,31.7,27.316666666666663,87.29166666666667,38.86094437290459,28.73359936791119,32.78453736990855,25,50,50,42.5,MODERATE,0,1.073
2025-09-06,28.6,26.316666666666663,91.95833333333331,34.85067929900453,27.212407084030914,30.26771597002036,0,25,25,17.5,LOW,0,1.012
2025-09-07,26.2,25.179166666666664,91.79166666666669,28.252236069991103,23.91292016563516,25.648646527377537,0,0,0,0.0,LOW,0,1.0
2025-09-08,29.1,26.679166666666664,82.625,33.01722070359112,26.752104115707425,29.258150750860903,0,25,25,17.5,LOW,0,1.021
2025-09-09,30.9,27.266666666666666,80.54166666666667,35.13282209719792,28.891829729265908,31.388226676438716,25,25,50,35.0,MODERATE,0,1.057
2025-09-10,30.9,27.454166666666666,78.54166666666667,34.39323420356455,29.21000702448751,31.283297896118327,25,25,50,35.0,MODERATE,0,1.057
2025-09-11,31.6,27.775,75.0,34.766201563715704,29.410300149003007,31.552660714888084,25,25,50,35.0,MODERATE,0,1.071
2025-09-12,31.9,28.2875,73.41666666666667,35.39411724705568,29.618049111898326,31.928476365961263,25,25,50,35.0,MODERATE,0,1.077
2025-09-13,32.7,28.925,69.16666666666667,35.96836629801776,29.687539185947333,32.19987003077551,25,25,50,35.0,MODERATE,0,1.094
2025-09-14,33.9,29.679166666666664,65.54166666666667,36.910707886415565,30.330428601131896,32.96254031524536,25,25,50,35.0,MODERATE,0,1.119
2025-09-15,33.8,29.48333333333333,67.83333333333333,37.0129794507912,29.936732324513176,32.767231175024385,25,25,50,35.0,MODERATE,0,1.117
2025-09-16,32.9,29.204166666666666,68.66666666666667,36.37384144473775,29.459002141691897,32.22493786291024,25,25,50,35.0,MODERATE,0,1.098
2025-09-17,33.4,29.870833333333334,67.08333333333333,36.78661046793779,30.22239837731785,32.84808321356583,25,25,50,35.0,MODERATE,0,1.108
2025-09-18,34.4,30.204166666666666,66.625,37.59849836300438,30.39905163425192,33.27883032575291,25,25,50,35.0,MODERATE,0,1.13
2025-09-19,33.8,30.183333333333334,68.45833333333333,37.6348463880356,30.365118605846728,33.27300971872228,25,25,50,35.0,MODERATE,0,1.117
2025-09-20,34.1,29.33333333333333,75.375,38.62769929603572,30.79103122448116,33.92569845310298,25,50,50,42.5,MODERATE,0,1.123
2025-09-21,33.3,29.666666666666668,71.33333333333333,37.67863462375112,30.38014097162695,33.299538432476616,25,25,50,35.0,MODERATE,0,1.106
2025-09-22,34.1,30.366666666666664,61.833333333333336,37.73453079511117,30.21782310452582,33.22450618075996,25,25,50,35.0,MODERATE,0,1.123
2025-09-23,34.0,30.2,61.66666666666666,37.10899633155566,30.07389575450997,32.88793598532825,25,25,50,35.0,MODERATE,0,1.121
2025-09-24,32.6,29.191666666666663,63.333333333333336,34.725542425831165,28.64042840534777,31.074474013541128,25,25,50,35.0,MODERATE,0,1.092
2025-09-25,32.4,29.27916666666667,64.54166666666667,35.133246793111226,29.317576422439664,31.64384457070829,25,25,50,35.0,MODERATE,0,1.087
2025-09-26,34.9,30.8875,58.875,38.00307891980447,30.32255303960302,33.3947633916836,25,50,50,42.5,MODERATE,0,1.141
2025-09-27,37.5,32.954166666666666,47.958333333333336,39.23713038194447,30.62407708851965,34.06929840588958,50,50,50,50.0,HIGH,0,1.198
2025-09-28,32.9,29.758333333333336,68.95833333333333,38.23634882703121,28.5178168696562,32.4052296526062,25,50,50,42.5,MODERATE,0,1.098
2025-09-29,31.1,27.791666666666668,80.25,35.845619555884475,27.90244857131999,31.079716965145785,25,25,25,25.0,MODERATE,0,1.061
2025-09-30,30.1,26.704166666666666,81.58333333333333,33.87537836337564,27.447966822818177,30.01893143904116,25,25,25,25.0,MODERATE,0,1.041
2025-10-01,30.9,27.025,80.66666666666667,36.19094847917128,28.98328446220393,31.86635006899087,25,25,50,35.0,MODERATE,0,1.057
2025-10-02,31.1,27.066666666666663,80.16666666666667,35.57801656399798,28.33042914514208,31.22946411268444,25,25,50,35.0,MODERATE,0,1.061
2025-10-03,32.3,28.070833333333336,77.79166666666667,37.16001088161546,29.96329560334335,32.84198171465219,25,25,50,35.0,MODERATE,0,1.085
2025-10-04,32.9,28.929166666666664,70.08333333333333,35.810055468275664,29.210297540231984,31.850200711449457,25,25,50,35.0,MODERATE,0,1.098
2025-10-05,32.5,28.679166666666664,69.91666666666667,35.57018502777784,29.098628104189046,31.687250873624563,25,25,50,35.0,MODERATE,0,1.09
2025-10-06,31.4,27.491666666666664,74.79166666666667,33.55179753553556,27.774006309326225,30.08512279980996,25,25,25,25.0,MODERATE,0,1.067
2025-10-07,32.1,27.84166666666667,68.08333333333333,32.796220943597795,28.06646324250044,29.958366322939384,25,25,50,35.0,MODERATE,0,1.081
2025-10-08,33.3,28.95,53.75,32.940887655137786,28.0001867990065,29.97646714145901,25,25,50,35.0,MODERATE,0,1.106
2025-10-09,33.7,29.34166666666667,42.083333333333336,32.43395563492447,27.22223012523592,29.306920329111342,25,25,25,25.0,MODERATE,0,1.115
2025-10-10,34.0,29.141666666666666,39.79166666666666,32.272861628444495,26.275163934282983,28.67424301194759,25,25,25,25.0,MODERATE,0,1.121
2025-10-11,33.3,28.59166666666667,38.54166666666666,31.31947334335115,25.543537470106948,27.85391181940463,25,0,25,17.5,LOW,0,1.106
2025-10-12,33.9,29.21666666666667,35.5,32.051154196175595,25.85871556845987,28.33569101954616,25,25,25,25.0,MODERATE,0,1.119
2025-10-13,34.2,29.320833333333336,38.16666666666666,32.38601230228451,26.422552644354496,28.807936507526502,25,25,25,25.0,MODERATE,0,1.125
2025-10-14,34.1,29.425,35.833333333333336,32.271528905375625,26.02430144178976,28.523192427224103,25,25,25,25.0,MODERATE,0,1.123
2025-10-15,34.8,29.5,36.54166666666666,33.22023515655782,26.97765158538408,29.474685013853573,25,25,25,25.0,MODERATE,0,1.138
2025-10-16,35.8,30.1875,38.333333333333336,34.78200861139557,28.15852517435198,30.80791854916941,50,25,50,42.5,MODERATE,0,1.16
2025-10-17,36.6,30.829166666666666,36.083333333333336,34.95299755711112,28.383395556151072,31.011236356535093,50,25,50,42.5,MODERATE,0,1.178
2025-10-18,36.1,30.445833333333336,40.54166666666666,35.39049714903783,28.655671744153143,31.34960190610701,50,25,50,42.5,MODERATE,0,1.167
2025-10-19,35.7,30.133333333333336,38.16666666666666,34.33965865089786,28.430685869838555,30.79427498226228,50,25,50,42.5,MODERATE,0,1.158
2025-10-20,36.1,30.633333333333336,38.958333333333336,34.85730952977782,28.050948785239413,30.773493083054777,50,25,50,42.5,MODERATE,0,1.167
2025-10-21,35.6,31.008333333333336,43.91666666666666,35.181921509111184,28.14321525937477,30.95869775926933,50,25,50,42.5,MODERATE,0,1.156
2025-10-22,35.7,30.8,39.708333333333336,35.256361313671114,28.241251443000596,31.0472953912688,50,25,50,42.5,MODERATE,0,1.158
2025-10-23,35.5,30.8,39.25,36.39240091105561,28.757135793307757,31.811241840406897,50,25,50,42.5,MODERATE,0,1.154
2025-10-24,35.1,31.141666666666666,42.083333333333336,36.30516498705562,29.200165240266468,32.04216513898213,50,25,50,42.5,MODERATE,0,1.145
2025-10-25,34.2,30.141666666666666,49.458333333333336,36.60515416051559,29.01098456504966,32.048652403236034,25,25,50,35.0,MODERATE,0,1.125
2025-10-26,28.2,26.554166666666664,76.20833333333333,30.77780658780453,24.834986671799285,27.212114638201385,0,0,0,0.0,LOW,0,1.004
2025-10-27,25.7,24.554166666666664,92.75,27.30816340779545,24.473865182340575,25.607584472522525,0,0,0,0.0,LOW,0,1.0
2025-10-28,27.6,24.495833333333334,87.29166666666667,30.616888642115825,25.308793630299792,27.43203163502621,0,0,25,10.0,LOW,0,1.0
2025-10-29,30.0,25.891666666666666,75.20833333333333,33.239386577777815,27.231980635025227,29.63494301212626,25,25,25,25.0,MODERATE,0,1.039
2025-10-30,26.6,25.0625,82.08333333333333,28.53014549047127,24.241140708384552,25.95674262121924,0,0,0,0.0,LOW,0,1.0
2025-10-31,27.4,25.10833333333333,84.16666666666667,29.86383387219557,25.505651790320652,27.24892462307062,0,0,25,10.0,LOW,0,1.0
2025-11-01,28.6,26.0375,83.625,32.376935292995555,27.035054765374607,29.171806976422985,0,25,25,17.5,LOW,0,1.012
2025-11-02,30.8,26.808333333333334,84.91666666666667,35.68311197015103,29.22471923799168,31.80807633085542,25,25,50,35.0,MODERATE,0,1.055
2025-11-03,30.8,26.85,83.04166666666667,35.68311197015103,28.63338713067948,31.4532770664681,25,25,50,35.0,MODERATE,0,1.055
2025-11-04,30.3,26.308333333333334,75.95833333333333,32.1854918875556,27.680329719646046,29.482394586809868,25,25,25,25.0,MODERATE,0,1.045
2025-11-05,30.6,25.941666666666663,74.66666666666667,31.89109059895784,28.075806293525133,29.601920015698216,25,0,50,27.5,MODERATE,0,1.051
2025-11-06,30.8,25.5625,60.79166666666666,30.186722995404462,26.45285355833019,27.946401333159898,25,0,25,17.5,LOW,0,1.055
2025-11-07,29.9,23.65,57.04166666666666,28.465861756364493,24.3951325235589,26.023424216681136,0,0,0,0.0,LOW,0,1.037
2025-11-08,29.7,23.016666666666666,50.66666666666666,28.18913942059562,23.808905466872712,25.560999048361875,0,0,0,0.0,LOW,0,1.033
2025-11-09,29.8,23.475,47.41666666666666,28.108805779751123,23.335459478872707,25.244797999224076,0,0,0,0.0,LOW,0,1.035
2025-11-10,30.0,23.85833333333333,44.833333333333336,28.270783811111137,23.05118224148584,25.13902286933596,25,0,0,7.5,LOW,0,1.039
2025-11-11,30.2,24.320833333333336,44.708333333333336,28.473735602435596,23.286264372697524,25.36125286459275,25,0,0,7.5,LOW,0,1.043
2025-11-12,30.4,24.575,45.708333333333336,28.73743947249781,23.599871695425065,25.654898806254167,25,0,0,7.5,LOW,0,1.047
2025-11-13,30.4,24.59583333333333,45.625,28.85055131073785,23.614173590505462,25.708724678598426,25,0,0,7.5,LOW,0,1.047
2025-11-14,30.3,24.191666666666663,42.5,28.60182280420448,23.30980888408309,25.426614452131645,25,0,0,7.5,LOW,0,1.045
2025-11-15,30.1,23.991666666666664,38.083333333333336,28.5833395458378,23.09219951582691,25.288655527831267,25,0,0,7.5,LOW,0,1.041
2025-11-16,29.6,23.77083333333333,34.875,27.91976186247113,21.72642935579369,24.203762358464672,0,0,0,0.0,LOW,0,1.031
2025-11-17,29.3,23.195833333333336,36.16666666666666,27.78198440980448,21.90055824961041,24.25312871368804,0,0,0,0.0,LOW,0,1.025
2025-11-18,29.2,23.1,38.75,27.70403392540448,22.05280949940759,24.313299269806347,0,0,0,0.0,LOW,0,1.023
2025-11-19,29.5,22.9875,41.458333333333336,28.07201478927777,22.721480834128396,24.861694416188143,0,0,0,0.0,LOW,0,1.029
2025-11-20,29.6,23.4,44.333333333333336,28.26410791779554,23.237446144825924,25.24811085401377,0,0,0,0.0,LOW,0,1.031
2025-11-21,30.4,24.254166666666663,47.625,29.05500129463114,24.04661715785203,26.04997081256367,25,0,0,7.5,LOW,0,1.047
2025-11-22,31.0,24.58333333333333,47.41666666666666,29.5601151595556,24.557505795471684,26.55854954110525,25,0,0,7.5,LOW,0,1.059
2025-11-23,31.2,24.791666666666668,45.66666666666666,29.60075846241783,24.52757909774988,26.556850843617063,25,0,0,7.5,LOW,0,1.063
2025-11-24,31.1,24.866666666666664,49.208333333333336,30.255147576975546,25.529215645170588,27.41958841789257,25,0,25,17.5,LOW,0,1.061
2025-11-25,31.0,25.195833333333336,53.958333333333336,30.912882311555524,26.0625837466342,28.00270317260273,25,0,25,17.5,LOW,0,1.059
2025-11-26,31.4,26.079166666666666,55.833333333333336,31.46399185188446,27.126405497319656,28.861440039145577,25,0,25,17.5,LOW,0,1.067
2025-11-27,31.1,26.71666666666667,55.208333333333336,31.04300133561557,26.41952302108165,28.268914346895222,25,0,25,17.5,LOW,0,1.061
2025-11-28,31.5,27.1125,54.5,31.26841880261109,26.540347292245727,28.431575896391877,25,0,25,17.5,LOW,0,1.069
2025-11-29,31.2,26.42083333333333,52.5,30.369368106435616,25.3681452513504,27.36863439338449,25,0,25,17.5,LOW,0,1.063
2025-11-30,30.7,25.758333333333336,51.333333333333336,29.60922772082448,24.48300939747952,26.533496726817503,25,0,0,7.5,LOW,0,1.053
2025-12-01,30.2,25.129166666666663,49.91666666666666,29.10131137292449,24.328819824792348,26.237816444045205,25,0,0,7.5,LOW,0,1.043
2025-12-02,29.5,24.558333333333334,49.66666666666666,28.50998052377775,23.88489593451609,25.73492977022076,0,0,0,0.0,LOW,0,1.029
2025-12-03,29.6,24.17083333333333,45.958333333333336,28.26410791779554,22.637184935846044,24.887954128625843,0,0,0,0.0,LOW,0,1.031
2025-12-04,29.0,23.47083333333333,45.5,27.715543016444467,22.079472375586537,24.33390063192971,0,0,0,0.0,LOW,0,1.019
2025-12-05,29.0,23.258333333333336,47.5,27.931986671555578,22.604748800328743,24.73564394881948,0,0,0,0.0,LOW,0,1.019
2025-12-06,28.2,22.67083333333333,45.458333333333336,27.242885098951074,21.885810970999955,24.028640622180404,0,0,0,0.0,LOW,0,1.004
2025-12-07,29.7,23.058333333333334,42.91666666666666,28.062994933535624,21.889661810099128,24.358995059473727,0,0,0,0.0,LOW,0,1.033
2025-12-08,30.7,23.570833333333336,39.75,28.757171639304502,22.67994594350233,25.1108362218232,25,0,0,7.5,LOW,0,1.053
2025-12-09,30.6,23.6,37.75,28.862074399484484,22.85631916917912,25.258621261301265,25,0,0,7.5,LOW,0,1.051
2025-12-10,30.9,23.60833333333333,38.16666666666666,28.95548398827556,23.076776075925117,25.42825924086529,25,0,0,7.5,LOW,0,1.057
2025-12-11,30.3,23.391666666666666,40.54166666666666,28.51863465055113,22.48642643674561,24.899309722267823,25,0,0,7.5,LOW,0,1.045
2025-12-12,30.2,23.475,44.75,28.563776565457843,22.796235754830374,25.10325207908136,25,0,0,7.5,LOW,0,1.043
2025-12-13,30.6,23.15833333333333,45.333333333333336,28.81479001347556,22.789165623764845,25.19941537964913,25,0,0,7.5,LOW,0,1.051
2025-12-14,30.2,23.2875,46.91666666666666,28.797069778115592,23.67108982335199,25.721481805257437,25,0,0,7.5,LOW,0,1.043
2025-12-15,30.2,23.3875,45.125,28.67155462401781,23.40100744032036,25.50922631379934,25,0,0,7.5,LOW,0,1.043
2025-12-16,28.7,22.266666666666666,45.25,27.36001587975777,21.399793179636124,23.783882259684784,0,0,0,0.0,LOW,0,1.013
2025-12-17,30.2,22.92083333333333,45.375,28.67155462401781,23.233878414556525,25.40894889834104,25,0,0,7.5,LOW,0,1.043
2025-12-18,30.4,23.27916666666667,41.29166666666666,28.73743947249781,22.90319037669265,25.23689001501472,25,0,0,7.5,LOW,0,1.047
2025-12-19,30.7,23.570833333333336,42.958333333333336,28.95029160580451,23.043471695425065,25.40619965957684,25,0,0,7.5,LOW,0,1.053
2025-12-20,31.6,24.67083333333333,43.583333333333336,29.777246640284478,23.89386460507155,26.24721741915672,25,0,0,7.5,LOW,0,1.071
2025-12-21,30.1,23.8875,44.625,28.64245468036443,23.13254371668661,25.33650810215774,25,0,0,7.5,LOW,0,1.041
2025-12-22,30.7,24.204166666666666,43.958333333333336,29.003740369357857,23.25145467295099,25.55236895151374,25,0,0,7.5,LOW,0,1.053
2025-12-23,30.6,24.254166666666663,46.5,28.91419919889784,23.686920063217244,25.777831717489484,25,0,0,7.5,LOW,0,1.051
2025-12-24,29.6,23.7375,44.91666666666666,28.20769197916448,23.21421279459769,25.211604468424405,0,0,0,0.0,LOW,0,1.031
2025-12-25,28.8,23.0625,46.41666666666666,27.60592167171553,22.53595617986678,24.563942376606285,0,0,0,0.0,LOW,0,1.015
2025-12-26,28.6,22.479166666666668,46.75,27.498899192231104,22.30982538118132,24.38545490560124,0,0,0,0.0,LOW,0,1.012
2025-12-27,28.3,22.133333333333336,44.16666666666666,27.318101132851165,22.17562580514489,24.2326159362274,0,0,0,0.0,LOW,0,1.006
2025-12-28,28.9,22.48333333333333,46.208333333333336,27.636654006764484,22.809417887674805,24.74031233531068,0,0,0,0.0,LOW,0,1.017
2025-12-29,29.0,22.55,48.583333333333336,27.76485077955556,22.785846122513554,24.777447985330355,0,0,0,0.0,LOW,0,1.019
2025-12-30,28.8,22.7375,50.54166666666666,27.656177130791125,23.059764995366045,24.89832984953608,0,0,0,0.0,LOW,0,1.015
2025-12-31,28.0,23.08333333333333,51.75,27.19198765244447,22.405805365343863,24.320278280184105,0,0,0,0.0,LOW,0,1.0
2026-01-01,21.7,20.06,72.2,24.25748771575779,17.52408398104478,20.217445474929985,0,0,0,0.0,LOW,0,1.0
